<?xml version="1.0" encoding="UTF-8"?>
<!-- track-length = 27131 filtered ascend = 1391 plain-ascend = 3 cost=76682 energy=0.4kwh time=4h 20s -->
<gpx 
 xmlns="http://www.topografix.com/GPX/1/1" 
 xmlns:xsi="http://www.w3.org/2001/XMLSchema-instance" 
 xsi:schemaLocation="http://www.topografix.com/GPX/1/1 http://www.topografix.com/GPX/1/1/gpx.xsd" 
 version="1.1" 
 creator="bikerouter.de 2025.49">
 <wpt lat="47.48589676847754" lon="12.16245006858686"><name>from</name><type>from</type></wpt>
 <wpt lat="47.46487381763131" lon="12.20396526432516"><name>via1</name><type>via</type></wpt>
 <wpt lat="47.45031279661278" lon="12.17749186430976"><name>via2</name><type>via</type></wpt>
 <wpt lat="47.470440269986966" lon="12.139484869622363"><name>via3</name><type>via</type></wpt>
 <wpt lat="47.485907349363956" lon="12.162409746280366"><name>to</name><type>to</type></wpt>
 <trk>
  <name>Itter_HoheSalve_SchlossItter_Itter</name>
  <link href="https://bikerouter.de/?turnInstructionMode=1&amp;turnInstructionCatchingRange=0&amp;turnInstructionRoundabouts=on&amp;processUnusedTags=on#map=12/47.4678/11.9995/osm-mapnik-german_style&amp;lonlats=12.16245,47.485897;12.203965,47.464874;12.177492,47.450313;12.139485,47.47044;12.16241,47.485907&amp;profile=m11n-gravel">
   <text>bikerouter.de</text>
  </link>
  <trkseg>
   <trkpt lat="47.485898" lon="12.16245"><ele>659.75</ele></trkpt>
   <trkpt lat="47.486028" lon="12.162303"><ele>657.75</ele></trkpt>
   <trkpt lat="47.486163" lon="12.162148"><ele>656</ele></trkpt>
   <trkpt lat="47.486292" lon="12.162009"><ele>654.25</ele></trkpt>
   <trkpt lat="47.48643" lon="12.161855"><ele>652.25</ele></trkpt>
   <trkpt lat="47.486582" lon="12.16167"><ele>650.5</ele></trkpt>
   <trkpt lat="47.486459" lon="12.161419"><ele>650</ele></trkpt>
   <trkpt lat="47.486356" lon="12.161222"><ele>650</ele></trkpt>
   <trkpt lat="47.486308" lon="12.161108"><ele>650.5</ele></trkpt>
   <trkpt lat="47.486123" lon="12.160666"><ele>649.75</ele></trkpt>
   <trkpt lat="47.486059" lon="12.160495"><ele>649.75</ele></trkpt>
   <trkpt lat="47.485813" lon="12.160734"><ele>652.25</ele></trkpt>
   <trkpt lat="47.485666" lon="12.160851"><ele>654.25</ele></trkpt>
   <trkpt lat="47.48557" lon="12.160912"><ele>655</ele></trkpt>
   <trkpt lat="47.485435" lon="12.160966"><ele>656.25</ele></trkpt>
   <trkpt lat="47.485285" lon="12.161007"><ele>657.5</ele></trkpt>
   <trkpt lat="47.485049" lon="12.161035"><ele>659.75</ele></trkpt>
   <trkpt lat="47.484848" lon="12.161057"><ele>661.75</ele></trkpt>
   <trkpt lat="47.484751" lon="12.161078"><ele>662.5</ele></trkpt>
   <trkpt lat="47.484675" lon="12.161111"><ele>663.25</ele></trkpt>
   <trkpt lat="47.484607" lon="12.161149"><ele>663.75</ele></trkpt>
   <trkpt lat="47.484444" lon="12.161224"><ele>665</ele></trkpt>
   <trkpt lat="47.484402" lon="12.161233"><ele>665.25</ele></trkpt>
   <trkpt lat="47.484281" lon="12.161247"><ele>666.75</ele></trkpt>
   <trkpt lat="47.484193" lon="12.161243"><ele>667.5</ele></trkpt>
   <trkpt lat="47.484049" lon="12.161197"><ele>668.75</ele></trkpt>
   <trkpt lat="47.484001" lon="12.161162"><ele>669.25</ele></trkpt>
   <trkpt lat="47.483828" lon="12.161005"><ele>670.75</ele></trkpt>
   <trkpt lat="47.48375" lon="12.160979"><ele>671.75</ele></trkpt>
   <trkpt lat="47.483715" lon="12.160984"><ele>672</ele></trkpt>
   <trkpt lat="47.483678" lon="12.161002"><ele>672.5</ele></trkpt>
   <trkpt lat="47.483574" lon="12.161104"><ele>674.25</ele></trkpt>
   <trkpt lat="47.483316" lon="12.161291"><ele>677</ele></trkpt>
   <trkpt lat="47.483161" lon="12.161383"><ele>679.25</ele></trkpt>
   <trkpt lat="47.482911" lon="12.161472"><ele>683</ele></trkpt>
   <trkpt lat="47.482725" lon="12.161554"><ele>685.75</ele></trkpt>
   <trkpt lat="47.482618" lon="12.161491"><ele>686.75</ele></trkpt>
   <trkpt lat="47.482512" lon="12.161389"><ele>687.75</ele></trkpt>
   <trkpt lat="47.482298" lon="12.16121"><ele>689.25</ele></trkpt>
   <trkpt lat="47.482066" lon="12.160989"><ele>690.5</ele></trkpt>
   <trkpt lat="47.481903" lon="12.160891"><ele>691.5</ele></trkpt>
   <trkpt lat="47.481596" lon="12.160747"><ele>693.5</ele></trkpt>
   <trkpt lat="47.481331" lon="12.160637"><ele>695.25</ele></trkpt>
   <trkpt lat="47.480884" lon="12.160474"><ele>696.5</ele></trkpt>
   <trkpt lat="47.480721" lon="12.160775"><ele>700.75</ele></trkpt>
   <trkpt lat="47.480551" lon="12.161136"><ele>705.25</ele></trkpt>
   <trkpt lat="47.480324" lon="12.161754"><ele>711.75</ele></trkpt>
   <trkpt lat="47.480253" lon="12.162117"><ele>716.75</ele></trkpt>
   <trkpt lat="47.480158" lon="12.162555"><ele>721.25</ele></trkpt>
   <trkpt lat="47.48009" lon="12.163146"><ele>726.25</ele></trkpt>
   <trkpt lat="47.480094" lon="12.163416"><ele>729.75</ele></trkpt>
   <trkpt lat="47.4801" lon="12.163481"><ele>730.75</ele></trkpt>
   <trkpt lat="47.480132" lon="12.163848"><ele>735</ele></trkpt>
   <trkpt lat="47.480154" lon="12.164245"><ele>739</ele></trkpt>
   <trkpt lat="47.480167" lon="12.164482"><ele>741.25</ele></trkpt>
   <trkpt lat="47.480191" lon="12.164636"><ele>742.25</ele></trkpt>
   <trkpt lat="47.4802" lon="12.164693"><ele>742.5</ele></trkpt>
   <trkpt lat="47.480271" lon="12.164935"><ele>744.25</ele></trkpt>
   <trkpt lat="47.48042" lon="12.165443"><ele>749.75</ele></trkpt>
   <trkpt lat="47.480539" lon="12.165713"><ele>753.25</ele></trkpt>
   <trkpt lat="47.480673" lon="12.165921"><ele>754.25</ele></trkpt>
   <trkpt lat="47.480766" lon="12.166112"><ele>756.25</ele></trkpt>
   <trkpt lat="47.480803" lon="12.166198"><ele>757.5</ele></trkpt>
   <trkpt lat="47.480813" lon="12.166259"><ele>758.5</ele></trkpt>
   <trkpt lat="47.480783" lon="12.166307"><ele>760.25</ele></trkpt>
   <trkpt lat="47.480729" lon="12.166312"><ele>761.5</ele></trkpt>
   <trkpt lat="47.480604" lon="12.166238"><ele>762.5</ele></trkpt>
   <trkpt lat="47.480488" lon="12.166138"><ele>762.5</ele></trkpt>
   <trkpt lat="47.480316" lon="12.166082"><ele>764</ele></trkpt>
   <trkpt lat="47.480253" lon="12.166133"><ele>765.25</ele></trkpt>
   <trkpt lat="47.480249" lon="12.166274"><ele>767.25</ele></trkpt>
   <trkpt lat="47.480348" lon="12.166306"><ele>767</ele></trkpt>
   <trkpt lat="47.480458" lon="12.166361"><ele>767</ele></trkpt>
   <trkpt lat="47.480535" lon="12.166454"><ele>768.75</ele></trkpt>
   <trkpt lat="47.48059" lon="12.166687"><ele>774.25</ele></trkpt>
   <trkpt lat="47.480634" lon="12.166811"><ele>777.5</ele></trkpt>
   <trkpt lat="47.480721" lon="12.166871"><ele>778.75</ele></trkpt>
   <trkpt lat="47.480853" lon="12.166773"><ele>775</ele></trkpt>
   <trkpt lat="47.480963" lon="12.166795"><ele>773.25</ele></trkpt>
   <trkpt lat="47.481065" lon="12.166957"><ele>777</ele></trkpt>
   <trkpt lat="47.481139" lon="12.167142"><ele>781.25</ele></trkpt>
   <trkpt lat="47.481269" lon="12.167434"><ele>784.5</ele></trkpt>
   <trkpt lat="47.481311" lon="12.167587"><ele>787.25</ele></trkpt>
   <trkpt lat="47.481382" lon="12.1677"><ele>787.25</ele></trkpt>
   <trkpt lat="47.481473" lon="12.167783"><ele>787.5</ele></trkpt>
   <trkpt lat="47.481567" lon="12.167962"><ele>790.75</ele></trkpt>
   <trkpt lat="47.481794" lon="12.168171"><ele>793.75</ele></trkpt>
   <trkpt lat="47.481906" lon="12.168329"><ele>796.25</ele></trkpt>
   <trkpt lat="47.481991" lon="12.168428"><ele>798.5</ele></trkpt>
   <trkpt lat="47.48206" lon="12.168486"><ele>800.5</ele></trkpt>
   <trkpt lat="47.482159" lon="12.168482"><ele>800.75</ele></trkpt>
   <trkpt lat="47.482498" lon="12.168382"><ele>804</ele></trkpt>
   <trkpt lat="47.482562" lon="12.168415"><ele>803.75</ele></trkpt>
   <trkpt lat="47.482591" lon="12.168504"><ele>805.5</ele></trkpt>
   <trkpt lat="47.48254" lon="12.168546"><ele>807.5</ele></trkpt>
   <trkpt lat="47.482449" lon="12.168557"><ele>807.75</ele></trkpt>
   <trkpt lat="47.48233" lon="12.168641"><ele>808.5</ele></trkpt>
   <trkpt lat="47.482239" lon="12.168731"><ele>810.5</ele></trkpt>
   <trkpt lat="47.48216" lon="12.168844"><ele>814</ele></trkpt>
   <trkpt lat="47.482046" lon="12.168928"><ele>816.75</ele></trkpt>
   <trkpt lat="47.481664" lon="12.168993"><ele>821.75</ele></trkpt>
   <trkpt lat="47.481578" lon="12.168988"><ele>824</ele></trkpt>
   <trkpt lat="47.481498" lon="12.168944"><ele>824.5</ele></trkpt>
   <trkpt lat="47.481461" lon="12.168873"><ele>823.25</ele></trkpt>
   <trkpt lat="47.481403" lon="12.168824"><ele>823.25</ele></trkpt>
   <trkpt lat="47.48133" lon="12.168818"><ele>823.75</ele></trkpt>
   <trkpt lat="47.481157" lon="12.168897"><ele>827</ele></trkpt>
   <trkpt lat="47.48105" lon="12.169002"><ele>831.75</ele></trkpt>
   <trkpt lat="47.480972" lon="12.169049"><ele>833.5</ele></trkpt>
   <trkpt lat="47.480894" lon="12.169048"><ele>833.5</ele></trkpt>
   <trkpt lat="47.480822" lon="12.168972"><ele>832.75</ele></trkpt>
   <trkpt lat="47.480755" lon="12.168839"><ele>832</ele></trkpt>
   <trkpt lat="47.480693" lon="12.168743"><ele>831.75</ele></trkpt>
   <trkpt lat="47.480629" lon="12.168729"><ele>832.75</ele></trkpt>
   <trkpt lat="47.48058" lon="12.168786"><ele>835</ele></trkpt>
   <trkpt lat="47.480524" lon="12.168893"><ele>837.5</ele></trkpt>
   <trkpt lat="47.48041" lon="12.169175"><ele>841.5</ele></trkpt>
   <trkpt lat="47.480301" lon="12.169387"><ele>843.25</ele></trkpt>
   <trkpt lat="47.480249" lon="12.169428"><ele>844.25</ele></trkpt>
   <trkpt lat="47.480193" lon="12.16942"><ele>845.5</ele></trkpt>
   <trkpt lat="47.480109" lon="12.169359"><ele>846.75</ele></trkpt>
   <trkpt lat="47.480019" lon="12.169275"><ele>848</ele></trkpt>
   <trkpt lat="47.479918" lon="12.169245"><ele>848.5</ele></trkpt>
   <trkpt lat="47.479801" lon="12.169259"><ele>849.5</ele></trkpt>
   <trkpt lat="47.479708" lon="12.169309"><ele>851.25</ele></trkpt>
   <trkpt lat="47.479626" lon="12.169392"><ele>852.25</ele></trkpt>
   <trkpt lat="47.479392" lon="12.169701"><ele>857</ele></trkpt>
   <trkpt lat="47.479312" lon="12.169828"><ele>858.75</ele></trkpt>
   <trkpt lat="47.479172" lon="12.17007"><ele>863</ele></trkpt>
   <trkpt lat="47.479099" lon="12.17016"><ele>865.25</ele></trkpt>
   <trkpt lat="47.479005" lon="12.170216"><ele>866.75</ele></trkpt>
   <trkpt lat="47.478927" lon="12.170251"><ele>867.25</ele></trkpt>
   <trkpt lat="47.478837" lon="12.170256"><ele>868.25</ele></trkpt>
   <trkpt lat="47.478604" lon="12.170238"><ele>871.5</ele></trkpt>
   <trkpt lat="47.478455" lon="12.170237"><ele>872</ele></trkpt>
   <trkpt lat="47.47838" lon="12.170254"><ele>872.75</ele></trkpt>
   <trkpt lat="47.478351" lon="12.170332"><ele>874.75</ele></trkpt>
   <trkpt lat="47.478373" lon="12.170406"><ele>876.25</ele></trkpt>
   <trkpt lat="47.47843" lon="12.17043"><ele>877</ele></trkpt>
   <trkpt lat="47.478627" lon="12.170442"><ele>878</ele></trkpt>
   <trkpt lat="47.478708" lon="12.170501"><ele>878.25</ele></trkpt>
   <trkpt lat="47.478808" lon="12.170616"><ele>880</ele></trkpt>
   <trkpt lat="47.478894" lon="12.170756"><ele>882</ele></trkpt>
   <trkpt lat="47.478978" lon="12.170844"><ele>885.5</ele></trkpt>
   <trkpt lat="47.47906" lon="12.170876"><ele>887.75</ele></trkpt>
   <trkpt lat="47.479337" lon="12.170761"><ele>889</ele></trkpt>
   <trkpt lat="47.479617" lon="12.170797"><ele>894.25</ele></trkpt>
   <trkpt lat="47.479765" lon="12.170807"><ele>895.75</ele></trkpt>
   <trkpt lat="47.479868" lon="12.170831"><ele>896.25</ele></trkpt>
   <trkpt lat="47.480055" lon="12.171016"><ele>901.5</ele></trkpt>
   <trkpt lat="47.48016" lon="12.17107"><ele>904</ele></trkpt>
   <trkpt lat="47.480677" lon="12.171231"><ele>911.75</ele></trkpt>
   <trkpt lat="47.480765" lon="12.171293"><ele>913.75</ele></trkpt>
   <trkpt lat="47.480902" lon="12.171339"><ele>915.5</ele></trkpt>
   <trkpt lat="47.481052" lon="12.171365"><ele>916.75</ele></trkpt>
   <trkpt lat="47.481338" lon="12.17147"><ele>920.75</ele></trkpt>
   <trkpt lat="47.481413" lon="12.171544"><ele>922.5</ele></trkpt>
   <trkpt lat="47.481466" lon="12.171648"><ele>925.25</ele></trkpt>
   <trkpt lat="47.481456" lon="12.171747"><ele>927.25</ele></trkpt>
   <trkpt lat="47.481399" lon="12.171822"><ele>928</ele></trkpt>
   <trkpt lat="47.481326" lon="12.171832"><ele>929.75</ele></trkpt>
   <trkpt lat="47.481221" lon="12.171791"><ele>931.75</ele></trkpt>
   <trkpt lat="47.481079" lon="12.171774"><ele>934</ele></trkpt>
   <trkpt lat="47.480955" lon="12.171796"><ele>934.75</ele></trkpt>
   <trkpt lat="47.480831" lon="12.171852"><ele>937.5</ele></trkpt>
   <trkpt lat="47.480648" lon="12.17191"><ele>939.5</ele></trkpt>
   <trkpt lat="47.480216" lon="12.172136"><ele>947.75</ele></trkpt>
   <trkpt lat="47.479897" lon="12.172353"><ele>952.5</ele></trkpt>
   <trkpt lat="47.479505" lon="12.172564"><ele>958</ele></trkpt>
   <trkpt lat="47.479205" lon="12.172792"><ele>963.75</ele></trkpt>
   <trkpt lat="47.479102" lon="12.172987"><ele>965.5</ele></trkpt>
   <trkpt lat="47.479032" lon="12.173231"><ele>968</ele></trkpt>
   <trkpt lat="47.47897" lon="12.173393"><ele>970.5</ele></trkpt>
   <trkpt lat="47.478893" lon="12.173579"><ele>974</ele></trkpt>
   <trkpt lat="47.478875" lon="12.173649"><ele>975.5</ele></trkpt>
   <trkpt lat="47.478881" lon="12.173694"><ele>976.75</ele></trkpt>
   <trkpt lat="47.478906" lon="12.173714"><ele>977.75</ele></trkpt>
   <trkpt lat="47.479189" lon="12.173724"><ele>981.25</ele></trkpt>
   <trkpt lat="47.479217" lon="12.173726"><ele>982</ele></trkpt>
   <trkpt lat="47.479434" lon="12.173576"><ele>984.25</ele></trkpt>
   <trkpt lat="47.479621" lon="12.173575"><ele>987.75</ele></trkpt>
   <trkpt lat="47.479982" lon="12.173378"><ele>993.5</ele></trkpt>
   <trkpt lat="47.480112" lon="12.173332"><ele>995.25</ele></trkpt>
   <trkpt lat="47.480315" lon="12.173332"><ele>999.25</ele></trkpt>
   <trkpt lat="47.480462" lon="12.173351"><ele>1001.25</ele></trkpt>
   <trkpt lat="47.480612" lon="12.173399"><ele>1005</ele></trkpt>
   <trkpt lat="47.480793" lon="12.173358"><ele>1008.5</ele></trkpt>
   <trkpt lat="47.480957" lon="12.173291"><ele>1009.75</ele></trkpt>
   <trkpt lat="47.481338" lon="12.173302"><ele>1016</ele></trkpt>
   <trkpt lat="47.481407" lon="12.173351"><ele>1018.5</ele></trkpt>
   <trkpt lat="47.481418" lon="12.173413"><ele>1020</ele></trkpt>
   <trkpt lat="47.481382" lon="12.173472"><ele>1020.75</ele></trkpt>
   <trkpt lat="47.481306" lon="12.17351"><ele>1021</ele></trkpt>
   <trkpt lat="47.481169" lon="12.173513"><ele>1020</ele></trkpt>
   <trkpt lat="47.481118" lon="12.173567"><ele>1020.75</ele></trkpt>
   <trkpt lat="47.481092" lon="12.173654"><ele>1022.25</ele></trkpt>
   <trkpt lat="47.481147" lon="12.173703"><ele>1024</ele></trkpt>
   <trkpt lat="47.481341" lon="12.173746"><ele>1026</ele></trkpt>
   <trkpt lat="47.481722" lon="12.173779"><ele>1031.75</ele></trkpt>
   <trkpt lat="47.482063" lon="12.173746"><ele>1036.5</ele></trkpt>
   <trkpt lat="47.482375" lon="12.173773"><ele>1040.5</ele></trkpt>
   <trkpt lat="47.482624" lon="12.173871"><ele>1045.5</ele></trkpt>
   <trkpt lat="47.482888" lon="12.173963"><ele>1050.25</ele></trkpt>
   <trkpt lat="47.483031" lon="12.174001"><ele>1051.75</ele></trkpt>
   <trkpt lat="47.483122" lon="12.174045"><ele>1053</ele></trkpt>
   <trkpt lat="47.48313" lon="12.17411"><ele>1054.75</ele></trkpt>
   <trkpt lat="47.4831" lon="12.174175"><ele>1056.5</ele></trkpt>
   <trkpt lat="47.482602" lon="12.174294"><ele>1058.75</ele></trkpt>
   <trkpt lat="47.482496" lon="12.174354"><ele>1061</ele></trkpt>
   <trkpt lat="47.482459" lon="12.174424"><ele>1063</ele></trkpt>
   <trkpt lat="47.482496" lon="12.174533"><ele>1065.5</ele></trkpt>
   <trkpt lat="47.482668" lon="12.174625"><ele>1066.75</ele></trkpt>
   <trkpt lat="47.482983" lon="12.174771"><ele>1071.25</ele></trkpt>
   <trkpt lat="47.483525" lon="12.17488"><ele>1078.75</ele></trkpt>
   <trkpt lat="47.483786" lon="12.174885"><ele>1080</ele></trkpt>
   <trkpt lat="47.48383" lon="12.174923"><ele>1081.5</ele></trkpt>
   <trkpt lat="47.483837" lon="12.17501"><ele>1084.75</ele></trkpt>
   <trkpt lat="47.483778" lon="12.175048"><ele>1085.5</ele></trkpt>
   <trkpt lat="47.483595" lon="12.175097"><ele>1085.25</ele></trkpt>
   <trkpt lat="47.483342" lon="12.175216"><ele>1086.5</ele></trkpt>
   <trkpt lat="47.483038" lon="12.175438"><ele>1091</ele></trkpt>
   <trkpt lat="47.482697" lon="12.175704"><ele>1095.75</ele></trkpt>
   <trkpt lat="47.482426" lon="12.175861"><ele>1100.25</ele></trkpt>
   <trkpt lat="47.482107" lon="12.175948"><ele>1104.75</ele></trkpt>
   <trkpt lat="47.481935" lon="12.176029"><ele>1107.75</ele></trkpt>
   <trkpt lat="47.481522" lon="12.17647"><ele>1116.5</ele></trkpt>
   <trkpt lat="47.481597" lon="12.176515"><ele>1118.5</ele></trkpt>
   <trkpt lat="47.481765" lon="12.176546"><ele>1119.75</ele></trkpt>
   <trkpt lat="47.481969" lon="12.176616"><ele>1122</ele></trkpt>
   <trkpt lat="47.482162" lon="12.176671"><ele>1126.25</ele></trkpt>
   <trkpt lat="47.482277" lon="12.176662"><ele>1128.75</ele></trkpt>
   <trkpt lat="47.48255" lon="12.176563"><ele>1134</ele></trkpt>
   <trkpt lat="47.483022" lon="12.176352"><ele>1139.75</ele></trkpt>
   <trkpt lat="47.483253" lon="12.176346"><ele>1143.75</ele></trkpt>
   <trkpt lat="47.483402" lon="12.176388"><ele>1147.25</ele></trkpt>
   <trkpt lat="47.483561" lon="12.176462"><ele>1150.25</ele></trkpt>
   <trkpt lat="47.483717" lon="12.176561"><ele>1153.25</ele></trkpt>
   <trkpt lat="47.48417" lon="12.176902"><ele>1161.75</ele></trkpt>
   <trkpt lat="47.484174" lon="12.177025"><ele>1165</ele></trkpt>
   <trkpt lat="47.484215" lon="12.177094"><ele>1166.25</ele></trkpt>
   <trkpt lat="47.484227" lon="12.177104"><ele>1166.25</ele></trkpt>
   <trkpt lat="47.484343" lon="12.177196"><ele>1166.5</ele></trkpt>
   <trkpt lat="47.484468" lon="12.177219"><ele>1165.5</ele></trkpt>
   <trkpt lat="47.484666" lon="12.177093"><ele>1167.75</ele></trkpt>
   <trkpt lat="47.484692" lon="12.177102"><ele>1168.5</ele></trkpt>
   <trkpt lat="47.485009" lon="12.177207"><ele>1172.25</ele></trkpt>
   <trkpt lat="47.485066" lon="12.17731"><ele>1172.75</ele></trkpt>
   <trkpt lat="47.485064" lon="12.177447"><ele>1173.75</ele></trkpt>
   <trkpt lat="47.485029" lon="12.177562"><ele>1174.75</ele></trkpt>
   <trkpt lat="47.484532" lon="12.178069"><ele>1183</ele></trkpt>
   <trkpt lat="47.484331" lon="12.178185"><ele>1186.75</ele></trkpt>
   <trkpt lat="47.484184" lon="12.178378"><ele>1192.5</ele></trkpt>
   <trkpt lat="47.483979" lon="12.178756"><ele>1196.75</ele></trkpt>
   <trkpt lat="47.483753" lon="12.179107"><ele>1209.25</ele></trkpt>
   <trkpt lat="47.483551" lon="12.179479"><ele>1220.5</ele></trkpt>
   <trkpt lat="47.483442" lon="12.17985"><ele>1223.25</ele></trkpt>
   <trkpt lat="47.483406" lon="12.179915"><ele>1224</ele></trkpt>
   <trkpt lat="47.483205" lon="12.180275"><ele>1230</ele></trkpt>
   <trkpt lat="47.483074" lon="12.180945"><ele>1233</ele></trkpt>
   <trkpt lat="47.482936" lon="12.181798"><ele>1237.75</ele></trkpt>
   <trkpt lat="47.482902" lon="12.182"><ele>1238</ele></trkpt>
   <trkpt lat="47.482801" lon="12.182275"><ele>1241</ele></trkpt>
   <trkpt lat="47.482617" lon="12.182675"><ele>1245</ele></trkpt>
   <trkpt lat="47.482231" lon="12.183241"><ele>1251.75</ele></trkpt>
   <trkpt lat="47.481674" lon="12.18406"><ele>1255.25</ele></trkpt>
   <trkpt lat="47.48158" lon="12.1842"><ele>1253.25</ele></trkpt>
   <trkpt lat="47.481375" lon="12.18439"><ele>1251.25</ele></trkpt>
   <trkpt lat="47.481206" lon="12.184481"><ele>1248</ele></trkpt>
   <trkpt lat="47.480906" lon="12.184519"><ele>1244.5</ele></trkpt>
   <trkpt lat="47.48059" lon="12.18457"><ele>1242.25</ele></trkpt>
   <trkpt lat="47.480389" lon="12.184725"><ele>1239.25</ele></trkpt>
   <trkpt lat="47.480251" lon="12.184784"><ele>1237.75</ele></trkpt>
   <trkpt lat="47.479994" lon="12.185028"><ele>1233.5</ele></trkpt>
   <trkpt lat="47.479794" lon="12.185353"><ele>1227.75</ele></trkpt>
   <trkpt lat="47.479671" lon="12.18571"><ele>1224.25</ele></trkpt>
   <trkpt lat="47.479497" lon="12.185964"><ele>1219.75</ele></trkpt>
   <trkpt lat="47.479309" lon="12.186445"><ele>1211.25</ele></trkpt>
   <trkpt lat="47.479113" lon="12.186549"><ele>1208.75</ele></trkpt>
   <trkpt lat="47.479022" lon="12.186497"><ele>1209.75</ele></trkpt>
   <trkpt lat="47.479034" lon="12.186372"><ele>1210.25</ele></trkpt>
   <trkpt lat="47.47903" lon="12.185853"><ele>1210.75</ele></trkpt>
   <trkpt lat="47.479103" lon="12.185538"><ele>1209</ele></trkpt>
   <trkpt lat="47.479149" lon="12.185269"><ele>1207.75</ele></trkpt>
   <trkpt lat="47.479199" lon="12.184785"><ele>1206.5</ele></trkpt>
   <trkpt lat="47.479145" lon="12.184763"><ele>1207</ele></trkpt>
   <trkpt lat="47.479095" lon="12.185029"><ele>1209.25</ele></trkpt>
   <trkpt lat="47.479071" lon="12.185296"><ele>1211.25</ele></trkpt>
   <trkpt lat="47.479007" lon="12.185492"><ele>1212.5</ele></trkpt>
   <trkpt lat="47.478837" lon="12.18587"><ele>1215.25</ele></trkpt>
   <trkpt lat="47.47873" lon="12.186081"><ele>1216.5</ele></trkpt>
   <trkpt lat="47.478664" lon="12.186234"><ele>1218</ele></trkpt>
   <trkpt lat="47.478628" lon="12.186295"><ele>1218.75</ele></trkpt>
   <trkpt lat="47.478499" lon="12.186398"><ele>1221.5</ele></trkpt>
   <trkpt lat="47.47845" lon="12.186405"><ele>1222.75</ele></trkpt>
   <trkpt lat="47.478395" lon="12.186431"><ele>1223.5</ele></trkpt>
   <trkpt lat="47.478221" lon="12.1866"><ele>1225</ele></trkpt>
   <trkpt lat="47.478148" lon="12.186645"><ele>1226</ele></trkpt>
   <trkpt lat="47.478076" lon="12.186668"><ele>1227.25</ele></trkpt>
   <trkpt lat="47.47799" lon="12.186678"><ele>1228.25</ele></trkpt>
   <trkpt lat="47.477835" lon="12.186676"><ele>1230</ele></trkpt>
   <trkpt lat="47.477511" lon="12.186578"><ele>1234.75</ele></trkpt>
   <trkpt lat="47.477111" lon="12.186364"><ele>1241.25</ele></trkpt>
   <trkpt lat="47.47698" lon="12.186313"><ele>1243.25</ele></trkpt>
   <trkpt lat="47.47673" lon="12.186267"><ele>1246.75</ele></trkpt>
   <trkpt lat="47.476395" lon="12.186138"><ele>1249.25</ele></trkpt>
   <trkpt lat="47.475949" lon="12.18609"><ele>1253.75</ele></trkpt>
   <trkpt lat="47.475828" lon="12.186065"><ele>1255.25</ele></trkpt>
   <trkpt lat="47.475605" lon="12.185998"><ele>1259</ele></trkpt>
   <trkpt lat="47.475485" lon="12.18595"><ele>1260</ele></trkpt>
   <trkpt lat="47.475337" lon="12.185821"><ele>1261.25</ele></trkpt>
   <trkpt lat="47.475195" lon="12.185663"><ele>1263.75</ele></trkpt>
   <trkpt lat="47.474964" lon="12.185496"><ele>1267.75</ele></trkpt>
   <trkpt lat="47.474941" lon="12.185439"><ele>1269.25</ele></trkpt>
   <trkpt lat="47.474847" lon="12.185267"><ele>1275</ele></trkpt>
   <trkpt lat="47.474807" lon="12.185243"><ele>1277</ele></trkpt>
   <trkpt lat="47.474759" lon="12.185233"><ele>1279.25</ele></trkpt>
   <trkpt lat="47.474735" lon="12.185245"><ele>1280</ele></trkpt>
   <trkpt lat="47.474588" lon="12.185324"><ele>1282</ele></trkpt>
   <trkpt lat="47.474238" lon="12.185577"><ele>1283.75</ele></trkpt>
   <trkpt lat="47.474145" lon="12.185583"><ele>1284.75</ele></trkpt>
   <trkpt lat="47.474016" lon="12.185573"><ele>1286.75</ele></trkpt>
   <trkpt lat="47.473789" lon="12.185657"><ele>1290.75</ele></trkpt>
   <trkpt lat="47.473699" lon="12.185735"><ele>1292.25</ele></trkpt>
   <trkpt lat="47.473568" lon="12.185953"><ele>1292.25</ele></trkpt>
   <trkpt lat="47.473509" lon="12.18598"><ele>1294</ele></trkpt>
   <trkpt lat="47.473479" lon="12.185963"><ele>1295.75</ele></trkpt>
   <trkpt lat="47.473476" lon="12.185909"><ele>1297</ele></trkpt>
   <trkpt lat="47.473534" lon="12.185772"><ele>1297.5</ele></trkpt>
   <trkpt lat="47.473606" lon="12.185636"><ele>1297.25</ele></trkpt>
   <trkpt lat="47.473653" lon="12.185465"><ele>1299</ele></trkpt>
   <trkpt lat="47.473761" lon="12.185131"><ele>1301.5</ele></trkpt>
   <trkpt lat="47.473943" lon="12.184339"><ele>1310.5</ele></trkpt>
   <trkpt lat="47.474041" lon="12.183984"><ele>1313.5</ele></trkpt>
   <trkpt lat="47.47407" lon="12.183835"><ele>1314.5</ele></trkpt>
   <trkpt lat="47.474081" lon="12.183686"><ele>1315.5</ele></trkpt>
   <trkpt lat="47.474044" lon="12.183377"><ele>1317.75</ele></trkpt>
   <trkpt lat="47.473995" lon="12.183224"><ele>1318.5</ele></trkpt>
   <trkpt lat="47.473917" lon="12.183084"><ele>1320.75</ele></trkpt>
   <trkpt lat="47.473619" lon="12.182742"><ele>1326.75</ele></trkpt>
   <trkpt lat="47.473553" lon="12.182699"><ele>1327.5</ele></trkpt>
   <trkpt lat="47.47349" lon="12.182671"><ele>1328</ele></trkpt>
   <trkpt lat="47.473429" lon="12.182707"><ele>1329.75</ele></trkpt>
   <trkpt lat="47.47318" lon="12.18289"><ele>1334</ele></trkpt>
   <trkpt lat="47.473124" lon="12.182973"><ele>1335.75</ele></trkpt>
   <trkpt lat="47.47321" lon="12.183405"><ele>1340</ele></trkpt>
   <trkpt lat="47.473196" lon="12.183533"><ele>1340.5</ele></trkpt>
   <trkpt lat="47.473048" lon="12.183793"><ele>1343.75</ele></trkpt>
   <trkpt lat="47.47295" lon="12.183949"><ele>1345.75</ele></trkpt>
   <trkpt lat="47.472906" lon="12.183966"><ele>1346.5</ele></trkpt>
   <trkpt lat="47.472856" lon="12.183978"><ele>1347.5</ele></trkpt>
   <trkpt lat="47.47277" lon="12.183961"><ele>1349</ele></trkpt>
   <trkpt lat="47.472653" lon="12.183962"><ele>1349.25</ele></trkpt>
   <trkpt lat="47.472456" lon="12.184012"><ele>1350.25</ele></trkpt>
   <trkpt lat="47.472301" lon="12.184036"><ele>1350.75</ele></trkpt>
   <trkpt lat="47.472165" lon="12.184116"><ele>1352.25</ele></trkpt>
   <trkpt lat="47.472085" lon="12.184187"><ele>1354</ele></trkpt>
   <trkpt lat="47.471974" lon="12.184356"><ele>1356.5</ele></trkpt>
   <trkpt lat="47.471877" lon="12.184545"><ele>1359.75</ele></trkpt>
   <trkpt lat="47.471673" lon="12.185085"><ele>1365</ele></trkpt>
   <trkpt lat="47.471478" lon="12.185432"><ele>1370.5</ele></trkpt>
   <trkpt lat="47.471388" lon="12.185636"><ele>1370.5</ele></trkpt>
   <trkpt lat="47.471269" lon="12.185842"><ele>1372.75</ele></trkpt>
   <trkpt lat="47.471097" lon="12.186038"><ele>1376.25</ele></trkpt>
   <trkpt lat="47.470877" lon="12.186229"><ele>1380</ele></trkpt>
   <trkpt lat="47.470719" lon="12.186343"><ele>1383.75</ele></trkpt>
   <trkpt lat="47.470626" lon="12.1864"><ele>1385.25</ele></trkpt>
   <trkpt lat="47.470499" lon="12.186449"><ele>1387</ele></trkpt>
   <trkpt lat="47.470138" lon="12.186508"><ele>1394.5</ele></trkpt>
   <trkpt lat="47.470061" lon="12.186544"><ele>1396.25</ele></trkpt>
   <trkpt lat="47.46999" lon="12.186596"><ele>1397.75</ele></trkpt>
   <trkpt lat="47.469883" lon="12.18673"><ele>1398.5</ele></trkpt>
   <trkpt lat="47.469801" lon="12.186791"><ele>1399.5</ele></trkpt>
   <trkpt lat="47.469713" lon="12.186823"><ele>1401.25</ele></trkpt>
   <trkpt lat="47.46958" lon="12.186882"><ele>1403</ele></trkpt>
   <trkpt lat="47.469326" lon="12.187122"><ele>1405.75</ele></trkpt>
   <trkpt lat="47.469016" lon="12.187485"><ele>1411.5</ele></trkpt>
   <trkpt lat="47.468855" lon="12.187828"><ele>1416.75</ele></trkpt>
   <trkpt lat="47.468811" lon="12.187931"><ele>1417</ele></trkpt>
   <trkpt lat="47.468681" lon="12.188"><ele>1419</ele></trkpt>
   <trkpt lat="47.468568" lon="12.188064"><ele>1419.75</ele></trkpt>
   <trkpt lat="47.468487" lon="12.188143"><ele>1420.25</ele></trkpt>
   <trkpt lat="47.468351" lon="12.188389"><ele>1421.25</ele></trkpt>
   <trkpt lat="47.468299" lon="12.188607"><ele>1424.75</ele></trkpt>
   <trkpt lat="47.468322" lon="12.188974"><ele>1427</ele></trkpt>
   <trkpt lat="47.4683" lon="12.189175"><ele>1428.5</ele></trkpt>
   <trkpt lat="47.468222" lon="12.189309"><ele>1428.25</ele></trkpt>
   <trkpt lat="47.468119" lon="12.189319"><ele>1430</ele></trkpt>
   <trkpt lat="47.468127" lon="12.189125"><ele>1433.25</ele></trkpt>
   <trkpt lat="47.468138" lon="12.188971"><ele>1433.25</ele></trkpt>
   <trkpt lat="47.468125" lon="12.188781"><ele>1434.25</ele></trkpt>
   <trkpt lat="47.468019" lon="12.188481"><ele>1437.25</ele></trkpt>
   <trkpt lat="47.468003" lon="12.188382"><ele>1436.5</ele></trkpt>
   <trkpt lat="47.468011" lon="12.18825"><ele>1437.5</ele></trkpt>
   <trkpt lat="47.468073" lon="12.188085"><ele>1439</ele></trkpt>
   <trkpt lat="47.468164" lon="12.18789"><ele>1441.5</ele></trkpt>
   <trkpt lat="47.468308" lon="12.187662"><ele>1442.25</ele></trkpt>
   <trkpt lat="47.468437" lon="12.187441"><ele>1444.25</ele></trkpt>
   <trkpt lat="47.468489" lon="12.187288"><ele>1445</ele></trkpt>
   <trkpt lat="47.468514" lon="12.187014"><ele>1446.75</ele></trkpt>
   <trkpt lat="47.468547" lon="12.186859"><ele>1447.5</ele></trkpt>
   <trkpt lat="47.468637" lon="12.186637"><ele>1449.25</ele></trkpt>
   <trkpt lat="47.468686" lon="12.186414"><ele>1451.75</ele></trkpt>
   <trkpt lat="47.46875" lon="12.186186"><ele>1453.75</ele></trkpt>
   <trkpt lat="47.468863" lon="12.185961"><ele>1453.75</ele></trkpt>
   <trkpt lat="47.468914" lon="12.185892"><ele>1453.5</ele></trkpt>
   <trkpt lat="47.469018" lon="12.185827"><ele>1453</ele></trkpt>
   <trkpt lat="47.469084" lon="12.185739"><ele>1455.25</ele></trkpt>
   <trkpt lat="47.469073" lon="12.185646"><ele>1459.75</ele></trkpt>
   <trkpt lat="47.46899" lon="12.185644"><ele>1462.25</ele></trkpt>
   <trkpt lat="47.46885" lon="12.185762"><ele>1461.5</ele></trkpt>
   <trkpt lat="47.468718" lon="12.18592"><ele>1462.75</ele></trkpt>
   <trkpt lat="47.468596" lon="12.186106"><ele>1464.75</ele></trkpt>
   <trkpt lat="47.468518" lon="12.186319"><ele>1463.75</ele></trkpt>
   <trkpt lat="47.468423" lon="12.186442"><ele>1465.75</ele></trkpt>
   <trkpt lat="47.468302" lon="12.186644"><ele>1467.25</ele></trkpt>
   <trkpt lat="47.468224" lon="12.186841"><ele>1467.5</ele></trkpt>
   <trkpt lat="47.468174" lon="12.186988"><ele>1467</ele></trkpt>
   <trkpt lat="47.468105" lon="12.187097"><ele>1468</ele></trkpt>
   <trkpt lat="47.467897" lon="12.187333"><ele>1470.25</ele></trkpt>
   <trkpt lat="47.467807" lon="12.187402"><ele>1471.5</ele></trkpt>
   <trkpt lat="47.46764" lon="12.187529"><ele>1473</ele></trkpt>
   <trkpt lat="47.467365" lon="12.187807"><ele>1475.25</ele></trkpt>
   <trkpt lat="47.467308" lon="12.187886"><ele>1476</ele></trkpt>
   <trkpt lat="47.467146" lon="12.188045"><ele>1477.75</ele></trkpt>
   <trkpt lat="47.466722" lon="12.188222"><ele>1480.5</ele></trkpt>
   <trkpt lat="47.466541" lon="12.188254"><ele>1482.25</ele></trkpt>
   <trkpt lat="47.466195" lon="12.188373"><ele>1485.25</ele></trkpt>
   <trkpt lat="47.465986" lon="12.188503"><ele>1486.25</ele></trkpt>
   <trkpt lat="47.465811" lon="12.188571"><ele>1488.25</ele></trkpt>
   <trkpt lat="47.465488" lon="12.188601"><ele>1492</ele></trkpt>
   <trkpt lat="47.46519" lon="12.188614"><ele>1494</ele></trkpt>
   <trkpt lat="47.464919" lon="12.188675"><ele>1494.25</ele></trkpt>
   <trkpt lat="47.464827" lon="12.18873"><ele>1494.25</ele></trkpt>
   <trkpt lat="47.464786" lon="12.188885"><ele>1494.5</ele></trkpt>
   <trkpt lat="47.464726" lon="12.189026"><ele>1495.25</ele></trkpt>
   <trkpt lat="47.464601" lon="12.189247"><ele>1494.25</ele></trkpt>
   <trkpt lat="47.464559" lon="12.189361"><ele>1494</ele></trkpt>
   <trkpt lat="47.46447" lon="12.189478"><ele>1494.75</ele></trkpt>
   <trkpt lat="47.464264" lon="12.189595"><ele>1495.75</ele></trkpt>
   <trkpt lat="47.464137" lon="12.189768"><ele>1498.25</ele></trkpt>
   <trkpt lat="47.464042" lon="12.189965"><ele>1500.5</ele></trkpt>
   <trkpt lat="47.463956" lon="12.19018"><ele>1504.5</ele></trkpt>
   <trkpt lat="47.463896" lon="12.19038"><ele>1507</ele></trkpt>
   <trkpt lat="47.46389" lon="12.190539"><ele>1509.5</ele></trkpt>
   <trkpt lat="47.463905" lon="12.19114"><ele>1517.75</ele></trkpt>
   <trkpt lat="47.46391" lon="12.191297"><ele>1520.25</ele></trkpt>
   <trkpt lat="47.463927" lon="12.191419"><ele>1522.5</ele></trkpt>
   <trkpt lat="47.463956" lon="12.191523"><ele>1524.75</ele></trkpt>
   <trkpt lat="47.463995" lon="12.191625"><ele>1526.75</ele></trkpt>
   <trkpt lat="47.464043" lon="12.191706"><ele>1527.75</ele></trkpt>
   <trkpt lat="47.464098" lon="12.191777"><ele>1528</ele></trkpt>
   <trkpt lat="47.464177" lon="12.191806"><ele>1528</ele></trkpt>
   <trkpt lat="47.464271" lon="12.191864"><ele>1528.25</ele></trkpt>
   <trkpt lat="47.464398" lon="12.192189"><ele>1531.25</ele></trkpt>
   <trkpt lat="47.464509" lon="12.192505"><ele>1537.25</ele></trkpt>
   <trkpt lat="47.464718" lon="12.192937"><ele>1547</ele></trkpt>
   <trkpt lat="47.464799" lon="12.19312"><ele>1551</ele></trkpt>
   <trkpt lat="47.464877" lon="12.193327"><ele>1554.75</ele></trkpt>
   <trkpt lat="47.464876" lon="12.193394"><ele>1555.75</ele></trkpt>
   <trkpt lat="47.464844" lon="12.193452"><ele>1557</ele></trkpt>
   <trkpt lat="47.464788" lon="12.193477"><ele>1557.5</ele></trkpt>
   <trkpt lat="47.464745" lon="12.193484"><ele>1558</ele></trkpt>
   <trkpt lat="47.464689" lon="12.193473"><ele>1558.75</ele></trkpt>
   <trkpt lat="47.464634" lon="12.193453"><ele>1560</ele></trkpt>
   <trkpt lat="47.46449" lon="12.19332"><ele>1560.75</ele></trkpt>
   <trkpt lat="47.464425" lon="12.193287"><ele>1561.5</ele></trkpt>
   <trkpt lat="47.464333" lon="12.193286"><ele>1563.5</ele></trkpt>
   <trkpt lat="47.464109" lon="12.193343"><ele>1567.75</ele></trkpt>
   <trkpt lat="47.464087" lon="12.193363"><ele>1568.25</ele></trkpt>
   <trkpt lat="47.464072" lon="12.193401"><ele>1569</ele></trkpt>
   <trkpt lat="47.464083" lon="12.193442"><ele>1570</ele></trkpt>
   <trkpt lat="47.464108" lon="12.193488"><ele>1570.75</ele></trkpt>
   <trkpt lat="47.464214" lon="12.19362"><ele>1572.5</ele></trkpt>
   <trkpt lat="47.464255" lon="12.193693"><ele>1573.75</ele></trkpt>
   <trkpt lat="47.464349" lon="12.193988"><ele>1579.5</ele></trkpt>
   <trkpt lat="47.464386" lon="12.19409"><ele>1581.25</ele></trkpt>
   <trkpt lat="47.464426" lon="12.19417"><ele>1582.5</ele></trkpt>
   <trkpt lat="47.464491" lon="12.194225"><ele>1583.5</ele></trkpt>
   <trkpt lat="47.464624" lon="12.194315"><ele>1585.25</ele></trkpt>
   <trkpt lat="47.464731" lon="12.194416"><ele>1587.75</ele></trkpt>
   <trkpt lat="47.464834" lon="12.194537"><ele>1590.75</ele></trkpt>
   <trkpt lat="47.465063" lon="12.194916"><ele>1600</ele></trkpt>
   <trkpt lat="47.465172" lon="12.195165"><ele>1606.25</ele></trkpt>
   <trkpt lat="47.465425" lon="12.195569"><ele>1616.25</ele></trkpt>
   <trkpt lat="47.465611" lon="12.195815"><ele>1620.75</ele></trkpt>
   <trkpt lat="47.465685" lon="12.195935"><ele>1623</ele></trkpt>
   <trkpt lat="47.465758" lon="12.196085"><ele>1625.5</ele></trkpt>
   <trkpt lat="47.465778" lon="12.196194"><ele>1627.25</ele></trkpt>
   <trkpt lat="47.465788" lon="12.196342"><ele>1630</ele></trkpt>
   <trkpt lat="47.465781" lon="12.196438"><ele>1631.75</ele></trkpt>
   <trkpt lat="47.465758" lon="12.196567"><ele>1634</ele></trkpt>
   <trkpt lat="47.465711" lon="12.196795"><ele>1638.75</ele></trkpt>
   <trkpt lat="47.465707" lon="12.196923"><ele>1640.5</ele></trkpt>
   <trkpt lat="47.465714" lon="12.197047"><ele>1642.5</ele></trkpt>
   <trkpt lat="47.46576" lon="12.197339"><ele>1645.75</ele></trkpt>
   <trkpt lat="47.465794" lon="12.197617"><ele>1650</ele></trkpt>
   <trkpt lat="47.465775" lon="12.197893"><ele>1655.5</ele></trkpt>
   <trkpt lat="47.465788" lon="12.19813"><ele>1658.25</ele></trkpt>
   <trkpt lat="47.465776" lon="12.198755"><ele>1669</ele></trkpt>
   <trkpt lat="47.465792" lon="12.198852"><ele>1670</ele></trkpt>
   <trkpt lat="47.465813" lon="12.198923"><ele>1670.5</ele></trkpt>
   <trkpt lat="47.465817" lon="12.199005"><ele>1672.5</ele></trkpt>
   <trkpt lat="47.465783" lon="12.199034"><ele>1674.5</ele></trkpt>
   <trkpt lat="47.465739" lon="12.199034"><ele>1676</ele></trkpt>
   <trkpt lat="47.465634" lon="12.19894"><ele>1678</ele></trkpt>
   <trkpt lat="47.465553" lon="12.198856"><ele>1679.75</ele></trkpt>
   <trkpt lat="47.46548" lon="12.198719"><ele>1681.75</ele></trkpt>
   <trkpt lat="47.465441" lon="12.198632"><ele>1682.5</ele></trkpt>
   <trkpt lat="47.465367" lon="12.198544"><ele>1684.75</ele></trkpt>
   <trkpt lat="47.465231" lon="12.19844"><ele>1689.5</ele></trkpt>
   <trkpt lat="47.465149" lon="12.198362"><ele>1691.75</ele></trkpt>
   <trkpt lat="47.465062" lon="12.1983"><ele>1695</ele></trkpt>
   <trkpt lat="47.464991" lon="12.198261"><ele>1697.5</ele></trkpt>
   <trkpt lat="47.464925" lon="12.198242"><ele>1699</ele></trkpt>
   <trkpt lat="47.464854" lon="12.198249"><ele>1700.75</ele></trkpt>
   <trkpt lat="47.46477" lon="12.198272"><ele>1702.75</ele></trkpt>
   <trkpt lat="47.464646" lon="12.198331"><ele>1705.5</ele></trkpt>
   <trkpt lat="47.464568" lon="12.19842"><ele>1707.5</ele></trkpt>
   <trkpt lat="47.464515" lon="12.198521"><ele>1709.5</ele></trkpt>
   <trkpt lat="47.46445" lon="12.198613"><ele>1711.75</ele></trkpt>
   <trkpt lat="47.464432" lon="12.198672"><ele>1712.75</ele></trkpt>
   <trkpt lat="47.464346" lon="12.199215"><ele>1721.5</ele></trkpt>
   <trkpt lat="47.464327" lon="12.199443"><ele>1725</ele></trkpt>
   <trkpt lat="47.464326" lon="12.199647"><ele>1728.5</ele></trkpt>
   <trkpt lat="47.464306" lon="12.199759"><ele>1730.25</ele></trkpt>
   <trkpt lat="47.464301" lon="12.199852"><ele>1732</ele></trkpt>
   <trkpt lat="47.464304" lon="12.199939"><ele>1734</ele></trkpt>
   <trkpt lat="47.464315" lon="12.199992"><ele>1735.25</ele></trkpt>
   <trkpt lat="47.464331" lon="12.200035"><ele>1736.5</ele></trkpt>
   <trkpt lat="47.464402" lon="12.200174"><ele>1741</ele></trkpt>
   <trkpt lat="47.464465" lon="12.200281"><ele>1743.5</ele></trkpt>
   <trkpt lat="47.464509" lon="12.200376"><ele>1745.5</ele></trkpt>
   <trkpt lat="47.464533" lon="12.200434"><ele>1746.5</ele></trkpt>
   <trkpt lat="47.464545" lon="12.200513"><ele>1748.5</ele></trkpt>
   <trkpt lat="47.46454" lon="12.200531"><ele>1749.25</ele></trkpt>
   <trkpt lat="47.464517" lon="12.200549"><ele>1750.25</ele></trkpt>
   <trkpt lat="47.464389" lon="12.200556"><ele>1751.75</ele></trkpt>
   <trkpt lat="47.46433" lon="12.20057"><ele>1751.75</ele></trkpt>
   <trkpt lat="47.464305" lon="12.200584"><ele>1752</ele></trkpt>
   <trkpt lat="47.464264" lon="12.200639"><ele>1753</ele></trkpt>
   <trkpt lat="47.464235" lon="12.200722"><ele>1755</ele></trkpt>
   <trkpt lat="47.464219" lon="12.200816"><ele>1757.25</ele></trkpt>
   <trkpt lat="47.464209" lon="12.201018"><ele>1762.5</ele></trkpt>
   <trkpt lat="47.46422" lon="12.201117"><ele>1764.75</ele></trkpt>
   <trkpt lat="47.464237" lon="12.201164"><ele>1766</ele></trkpt>
   <trkpt lat="47.464263" lon="12.20121"><ele>1767.25</ele></trkpt>
   <trkpt lat="47.464292" lon="12.201241"><ele>1768</ele></trkpt>
   <trkpt lat="47.46432" lon="12.201262"><ele>1768.75</ele></trkpt>
   <trkpt lat="47.464503" lon="12.201342"><ele>1771.25</ele></trkpt>
   <trkpt lat="47.464681" lon="12.201433"><ele>1774.5</ele></trkpt>
   <trkpt lat="47.464835" lon="12.201532"><ele>1776.25</ele></trkpt>
   <trkpt lat="47.464971" lon="12.201626"><ele>1777.75</ele></trkpt>
   <trkpt lat="47.465095" lon="12.201731"><ele>1779</ele></trkpt>
   <trkpt lat="47.4652" lon="12.201841"><ele>1780.75</ele></trkpt>
   <trkpt lat="47.465221" lon="12.201879"><ele>1781.5</ele></trkpt>
   <trkpt lat="47.46522" lon="12.201909"><ele>1782.5</ele></trkpt>
   <trkpt lat="47.465204" lon="12.201928"><ele>1783.5</ele></trkpt>
   <trkpt lat="47.465176" lon="12.201941"><ele>1784.25</ele></trkpt>
   <trkpt lat="47.465032" lon="12.201953"><ele>1786.75</ele></trkpt>
   <trkpt lat="47.464837" lon="12.201984"><ele>1790.75</ele></trkpt>
   <trkpt lat="47.464773" lon="12.202004"><ele>1792.5</ele></trkpt>
   <trkpt lat="47.464599" lon="12.202085"><ele>1797.5</ele></trkpt>
   <trkpt lat="47.464466" lon="12.202148"><ele>1801</ele></trkpt>
   <trkpt lat="47.464402" lon="12.202192"><ele>1801.75</ele></trkpt>
   <trkpt lat="47.46437" lon="12.202228"><ele>1802.5</ele></trkpt>
   <trkpt lat="47.464354" lon="12.20226"><ele>1802.75</ele></trkpt>
   <trkpt lat="47.464346" lon="12.202293"><ele>1803.25</ele></trkpt>
   <trkpt lat="47.464344" lon="12.202349"><ele>1804.25</ele></trkpt>
   <trkpt lat="47.464355" lon="12.202414"><ele>1805.5</ele></trkpt>
   <trkpt lat="47.464434" lon="12.202632"><ele>1809.25</ele></trkpt>
   <trkpt lat="47.464658" lon="12.203154"><ele>1815.75</ele></trkpt>
   <trkpt lat="47.464721" lon="12.203246"><ele>1818.5</ele></trkpt>
   <trkpt lat="47.4648" lon="12.203319"><ele>1819.25</ele></trkpt>
   <trkpt lat="47.464825" lon="12.203378"><ele>1819.75</ele></trkpt>
   <trkpt lat="47.4648" lon="12.203412"><ele>1819.75</ele></trkpt>
   <trkpt lat="47.464779" lon="12.203483"><ele>1819.75</ele></trkpt>
   <trkpt lat="47.46477" lon="12.203555"><ele>1819.75</ele></trkpt>
   <trkpt lat="47.464782" lon="12.203611"><ele>1820</ele></trkpt>
   <trkpt lat="47.464792" lon="12.203643"><ele>1820</ele></trkpt>
   <trkpt lat="47.464818" lon="12.203707"><ele>1820.5</ele></trkpt>
   <trkpt lat="47.464873" lon="12.203964"><ele>1822.25</ele></trkpt>
   <trkpt lat="47.464875" lon="12.203974"><ele>1822.25</ele></trkpt>
   <trkpt lat="47.464888" lon="12.204069"><ele>1822.5</ele></trkpt>
   <trkpt lat="47.464888" lon="12.204176"><ele>1822.25</ele></trkpt>
   <trkpt lat="47.464921" lon="12.204325"><ele>1822.5</ele></trkpt>
   <trkpt lat="47.464943" lon="12.204385"><ele>1823.25</ele></trkpt>
   <trkpt lat="47.465037" lon="12.204593"><ele>1823.25</ele></trkpt>
   <trkpt lat="47.465054" lon="12.204718"><ele>1821.25</ele></trkpt>
   <trkpt lat="47.465027" lon="12.204907"><ele>1818.25</ele></trkpt>
   <trkpt lat="47.465032" lon="12.204938"><ele>1817.75</ele></trkpt>
   <trkpt lat="47.46507" lon="12.205001"><ele>1816</ele></trkpt>
   <trkpt lat="47.465074" lon="12.205021"><ele>1815.25</ele></trkpt>
   <trkpt lat="47.46507" lon="12.205038"><ele>1814.75</ele></trkpt>
   <trkpt lat="47.465036" lon="12.205071"><ele>1814</ele></trkpt>
   <trkpt lat="47.464989" lon="12.205089"><ele>1813.25</ele></trkpt>
   <trkpt lat="47.464958" lon="12.205088"><ele>1812</ele></trkpt>
   <trkpt lat="47.464904" lon="12.205052"><ele>1810.5</ele></trkpt>
   <trkpt lat="47.464815" lon="12.204968"><ele>1808.25</ele></trkpt>
   <trkpt lat="47.4648" lon="12.20497"><ele>1807.25</ele></trkpt>
   <trkpt lat="47.464792" lon="12.204997"><ele>1806.5</ele></trkpt>
   <trkpt lat="47.464798" lon="12.205211"><ele>1803</ele></trkpt>
   <trkpt lat="47.464792" lon="12.205372"><ele>1799.25</ele></trkpt>
   <trkpt lat="47.464795" lon="12.205447"><ele>1797.5</ele></trkpt>
   <trkpt lat="47.464822" lon="12.205559"><ele>1794.5</ele></trkpt>
   <trkpt lat="47.464818" lon="12.205574"><ele>1794</ele></trkpt>
   <trkpt lat="47.464787" lon="12.205593"><ele>1793.5</ele></trkpt>
   <trkpt lat="47.464726" lon="12.205579"><ele>1794.25</ele></trkpt>
   <trkpt lat="47.464591" lon="12.205486"><ele>1790.75</ele></trkpt>
   <trkpt lat="47.464454" lon="12.205358"><ele>1786.5</ele></trkpt>
   <trkpt lat="47.464404" lon="12.205284"><ele>1785</ele></trkpt>
   <trkpt lat="47.464338" lon="12.205221"><ele>1782.5</ele></trkpt>
   <trkpt lat="47.464297" lon="12.205167"><ele>1781</ele></trkpt>
   <trkpt lat="47.464194" lon="12.204921"><ele>1777</ele></trkpt>
   <trkpt lat="47.464141" lon="12.204745"><ele>1773.5</ele></trkpt>
   <trkpt lat="47.464139" lon="12.204721"><ele>1773.25</ele></trkpt>
   <trkpt lat="47.464131" lon="12.204709"><ele>1772.75</ele></trkpt>
   <trkpt lat="47.464118" lon="12.204707"><ele>1772</ele></trkpt>
   <trkpt lat="47.464102" lon="12.204719"><ele>1771.25</ele></trkpt>
   <trkpt lat="47.464091" lon="12.204735"><ele>1770.5</ele></trkpt>
   <trkpt lat="47.464082" lon="12.204777"><ele>1770.25</ele></trkpt>
   <trkpt lat="47.463987" lon="12.204981"><ele>1765.5</ele></trkpt>
   <trkpt lat="47.46396" lon="12.205077"><ele>1763.5</ele></trkpt>
   <trkpt lat="47.463887" lon="12.205277"><ele>1758.75</ele></trkpt>
   <trkpt lat="47.463865" lon="12.205374"><ele>1756.75</ele></trkpt>
   <trkpt lat="47.463834" lon="12.205471"><ele>1754</ele></trkpt>
   <trkpt lat="47.46379" lon="12.205583"><ele>1750.5</ele></trkpt>
   <trkpt lat="47.463737" lon="12.205693"><ele>1746</ele></trkpt>
   <trkpt lat="47.463724" lon="12.205741"><ele>1744.75</ele></trkpt>
   <trkpt lat="47.463711" lon="12.205852"><ele>1742.5</ele></trkpt>
   <trkpt lat="47.463719" lon="12.205993"><ele>1740.25</ele></trkpt>
   <trkpt lat="47.463719" lon="12.206141"><ele>1737</ele></trkpt>
   <trkpt lat="47.463725" lon="12.206187"><ele>1736</ele></trkpt>
   <trkpt lat="47.46376" lon="12.206287"><ele>1735</ele></trkpt>
   <trkpt lat="47.46378" lon="12.206313"><ele>1735.5</ele></trkpt>
   <trkpt lat="47.463786" lon="12.206346"><ele>1734.75</ele></trkpt>
   <trkpt lat="47.463793" lon="12.206465"><ele>1731</ele></trkpt>
   <trkpt lat="47.463769" lon="12.206483"><ele>1729</ele></trkpt>
   <trkpt lat="47.463747" lon="12.206477"><ele>1728.25</ele></trkpt>
   <trkpt lat="47.463701" lon="12.206441"><ele>1727</ele></trkpt>
   <trkpt lat="47.463662" lon="12.206392"><ele>1726.5</ele></trkpt>
   <trkpt lat="47.463605" lon="12.206344"><ele>1724.75</ele></trkpt>
   <trkpt lat="47.463551" lon="12.206248"><ele>1723.75</ele></trkpt>
   <trkpt lat="47.463457" lon="12.206127"><ele>1721.5</ele></trkpt>
   <trkpt lat="47.46337" lon="12.205996"><ele>1718.75</ele></trkpt>
   <trkpt lat="47.463339" lon="12.205937"><ele>1717.75</ele></trkpt>
   <trkpt lat="47.463242" lon="12.205796"><ele>1712.75</ele></trkpt>
   <trkpt lat="47.463224" lon="12.205739"><ele>1712</ele></trkpt>
   <trkpt lat="47.463216" lon="12.205678"><ele>1712</ele></trkpt>
   <trkpt lat="47.463217" lon="12.20557"><ele>1712.75</ele></trkpt>
   <trkpt lat="47.463211" lon="12.20549"><ele>1712.5</ele></trkpt>
   <trkpt lat="47.463104" lon="12.204819"><ele>1703</ele></trkpt>
   <trkpt lat="47.463083" lon="12.204635"><ele>1699.75</ele></trkpt>
   <trkpt lat="47.463078" lon="12.204614"><ele>1699.25</ele></trkpt>
   <trkpt lat="47.463064" lon="12.204605"><ele>1698.25</ele></trkpt>
   <trkpt lat="47.463051" lon="12.204612"><ele>1697.5</ele></trkpt>
   <trkpt lat="47.462742" lon="12.205119"><ele>1683.25</ele></trkpt>
   <trkpt lat="47.462676" lon="12.205246"><ele>1680.5</ele></trkpt>
   <trkpt lat="47.462597" lon="12.205348"><ele>1677</ele></trkpt>
   <trkpt lat="47.4625" lon="12.205447"><ele>1672.5</ele></trkpt>
   <trkpt lat="47.46244" lon="12.205548"><ele>1670</ele></trkpt>
   <trkpt lat="47.462302" lon="12.205984"><ele>1662.5</ele></trkpt>
   <trkpt lat="47.462272" lon="12.206139"><ele>1659.5</ele></trkpt>
   <trkpt lat="47.462254" lon="12.206278"><ele>1656.75</ele></trkpt>
   <trkpt lat="47.462269" lon="12.206404"><ele>1655.5</ele></trkpt>
   <trkpt lat="47.462274" lon="12.206604"><ele>1652.25</ele></trkpt>
   <trkpt lat="47.462251" lon="12.206856"><ele>1648.25</ele></trkpt>
   <trkpt lat="47.462252" lon="12.206912"><ele>1647.5</ele></trkpt>
   <trkpt lat="47.462291" lon="12.207183"><ele>1645</ele></trkpt>
   <trkpt lat="47.462286" lon="12.207194"><ele>1644.75</ele></trkpt>
   <trkpt lat="47.462262" lon="12.207182"><ele>1644</ele></trkpt>
   <trkpt lat="47.462222" lon="12.207069"><ele>1644</ele></trkpt>
   <trkpt lat="47.462192" lon="12.207023"><ele>1644</ele></trkpt>
   <trkpt lat="47.462111" lon="12.206944"><ele>1642.75</ele></trkpt>
   <trkpt lat="47.462071" lon="12.206892"><ele>1642</ele></trkpt>
   <trkpt lat="47.461997" lon="12.206753"><ele>1640.25</ele></trkpt>
   <trkpt lat="47.461952" lon="12.20671"><ele>1639</ele></trkpt>
   <trkpt lat="47.461922" lon="12.206695"><ele>1638.25</ele></trkpt>
   <trkpt lat="47.461839" lon="12.206706"><ele>1636</ele></trkpt>
   <trkpt lat="47.461747" lon="12.206671"><ele>1633.75</ele></trkpt>
   <trkpt lat="47.461642" lon="12.206677"><ele>1631</ele></trkpt>
   <trkpt lat="47.461582" lon="12.206662"><ele>1629.25</ele></trkpt>
   <trkpt lat="47.461526" lon="12.206635"><ele>1627.5</ele></trkpt>
   <trkpt lat="47.461472" lon="12.206627"><ele>1625.75</ele></trkpt>
   <trkpt lat="47.461363" lon="12.206635"><ele>1622.5</ele></trkpt>
   <trkpt lat="47.461312" lon="12.206648"><ele>1621.5</ele></trkpt>
   <trkpt lat="47.461276" lon="12.206635"><ele>1621</ele></trkpt>
   <trkpt lat="47.461235" lon="12.20661"><ele>1620.25</ele></trkpt>
   <trkpt lat="47.461051" lon="12.206414"><ele>1616.75</ele></trkpt>
   <trkpt lat="47.460832" lon="12.206212"><ele>1609.5</ele></trkpt>
   <trkpt lat="47.460695" lon="12.206093"><ele>1607</ele></trkpt>
   <trkpt lat="47.460661" lon="12.206084"><ele>1606.25</ele></trkpt>
   <trkpt lat="47.460682" lon="12.206447"><ele>1605</ele></trkpt>
   <trkpt lat="47.460669" lon="12.20674"><ele>1603.5</ele></trkpt>
   <trkpt lat="47.460654" lon="12.206827"><ele>1602.5</ele></trkpt>
   <trkpt lat="47.460581" lon="12.207073"><ele>1598.25</ele></trkpt>
   <trkpt lat="47.460524" lon="12.207416"><ele>1592.25</ele></trkpt>
   <trkpt lat="47.4605" lon="12.207497"><ele>1590.75</ele></trkpt>
   <trkpt lat="47.460438" lon="12.20763"><ele>1588.25</ele></trkpt>
   <trkpt lat="47.460308" lon="12.207835"><ele>1585</ele></trkpt>
   <trkpt lat="47.460259" lon="12.207927"><ele>1584.25</ele></trkpt>
   <trkpt lat="47.460248" lon="12.20798"><ele>1584</ele></trkpt>
   <trkpt lat="47.460244" lon="12.20803"><ele>1583.75</ele></trkpt>
   <trkpt lat="47.460252" lon="12.208077"><ele>1583.5</ele></trkpt>
   <trkpt lat="47.460298" lon="12.208228"><ele>1582.75</ele></trkpt>
   <trkpt lat="47.46031" lon="12.208424"><ele>1581.75</ele></trkpt>
   <trkpt lat="47.460306" lon="12.208537"><ele>1581.25</ele></trkpt>
   <trkpt lat="47.46026" lon="12.208673"><ele>1580.25</ele></trkpt>
   <trkpt lat="47.46011" lon="12.208903"><ele>1577.5</ele></trkpt>
   <trkpt lat="47.460049" lon="12.209035"><ele>1576.5</ele></trkpt>
   <trkpt lat="47.459876" lon="12.209562"><ele>1573</ele></trkpt>
   <trkpt lat="47.459881" lon="12.209632"><ele>1573</ele></trkpt>
   <trkpt lat="47.459894" lon="12.209659"><ele>1573</ele></trkpt>
   <trkpt lat="47.459919" lon="12.20967"><ele>1573</ele></trkpt>
   <trkpt lat="47.460293" lon="12.209559"><ele>1570.5</ele></trkpt>
   <trkpt lat="47.460334" lon="12.209559"><ele>1570.25</ele></trkpt>
   <trkpt lat="47.460364" lon="12.209574"><ele>1569.75</ele></trkpt>
   <trkpt lat="47.460398" lon="12.209597"><ele>1569</ele></trkpt>
   <trkpt lat="47.460418" lon="12.209635"><ele>1568.5</ele></trkpt>
   <trkpt lat="47.460437" lon="12.209687"><ele>1567.5</ele></trkpt>
   <trkpt lat="47.460444" lon="12.209737"><ele>1566.75</ele></trkpt>
   <trkpt lat="47.460448" lon="12.209853"><ele>1565</ele></trkpt>
   <trkpt lat="47.460394" lon="12.210355"><ele>1560</ele></trkpt>
   <trkpt lat="47.460361" lon="12.210872"><ele>1556</ele></trkpt>
   <trkpt lat="47.460333" lon="12.211103"><ele>1553.75</ele></trkpt>
   <trkpt lat="47.460172" lon="12.212108"><ele>1547.25</ele></trkpt>
   <trkpt lat="47.460096" lon="12.212524"><ele>1544.75</ele></trkpt>
   <trkpt lat="47.460068" lon="12.212658"><ele>1543.5</ele></trkpt>
   <trkpt lat="47.460038" lon="12.212757"><ele>1542.5</ele></trkpt>
   <trkpt lat="47.459978" lon="12.212841"><ele>1542.75</ele></trkpt>
   <trkpt lat="47.45968" lon="12.21296"><ele>1540.5</ele></trkpt>
   <trkpt lat="47.459649" lon="12.212955"><ele>1539.5</ele></trkpt>
   <trkpt lat="47.459519" lon="12.212752"><ele>1537.75</ele></trkpt>
   <trkpt lat="47.459401" lon="12.212611"><ele>1537.25</ele></trkpt>
   <trkpt lat="47.459298" lon="12.212574"><ele>1536.5</ele></trkpt>
   <trkpt lat="47.459211" lon="12.212607"><ele>1535</ele></trkpt>
   <trkpt lat="47.459193" lon="12.212642"><ele>1534.75</ele></trkpt>
   <trkpt lat="47.459178" lon="12.21267"><ele>1534.25</ele></trkpt>
   <trkpt lat="47.459186" lon="12.21274"><ele>1534</ele></trkpt>
   <trkpt lat="47.459367" lon="12.212937"><ele>1533</ele></trkpt>
   <trkpt lat="47.459388" lon="12.213092"><ele>1531.25</ele></trkpt>
   <trkpt lat="47.459352" lon="12.213213"><ele>1529.5</ele></trkpt>
   <trkpt lat="47.459249" lon="12.213345"><ele>1527</ele></trkpt>
   <trkpt lat="47.459176" lon="12.213388"><ele>1525.5</ele></trkpt>
   <trkpt lat="47.459103" lon="12.213404"><ele>1524</ele></trkpt>
   <trkpt lat="47.458754" lon="12.213216"><ele>1520</ele></trkpt>
   <trkpt lat="47.458464" lon="12.213042"><ele>1514.75</ele></trkpt>
   <trkpt lat="47.458405" lon="12.21295"><ele>1513.5</ele></trkpt>
   <trkpt lat="47.458353" lon="12.212786"><ele>1512.5</ele></trkpt>
   <trkpt lat="47.458332" lon="12.212507"><ele>1510.75</ele></trkpt>
   <trkpt lat="47.458275" lon="12.212207"><ele>1509</ele></trkpt>
   <trkpt lat="47.458135" lon="12.212016"><ele>1506.75</ele></trkpt>
   <trkpt lat="47.45794" lon="12.211863"><ele>1502</ele></trkpt>
   <trkpt lat="47.457663" lon="12.211329"><ele>1498.25</ele></trkpt>
   <trkpt lat="47.457349" lon="12.210332"><ele>1492.75</ele></trkpt>
   <trkpt lat="47.457114" lon="12.209622"><ele>1489.5</ele></trkpt>
   <trkpt lat="47.456915" lon="12.20925"><ele>1486</ele></trkpt>
   <trkpt lat="47.456812" lon="12.208877"><ele>1487.5</ele></trkpt>
   <trkpt lat="47.4567" lon="12.208628"><ele>1489.75</ele></trkpt>
   <trkpt lat="47.456627" lon="12.208436"><ele>1489.25</ele></trkpt>
   <trkpt lat="47.456645" lon="12.208189"><ele>1492</ele></trkpt>
   <trkpt lat="47.456596" lon="12.207946"><ele>1491.5</ele></trkpt>
   <trkpt lat="47.456451" lon="12.207531"><ele>1490</ele></trkpt>
   <trkpt lat="47.456363" lon="12.207078"><ele>1486.75</ele></trkpt>
   <trkpt lat="47.456266" lon="12.206747"><ele>1483</ele></trkpt>
   <trkpt lat="47.456264" lon="12.206498"><ele>1482.25</ele></trkpt>
   <trkpt lat="47.456394" lon="12.205984"><ele>1478.75</ele></trkpt>
   <trkpt lat="47.456537" lon="12.205721"><ele>1474.25</ele></trkpt>
   <trkpt lat="47.456513" lon="12.205624"><ele>1472.75</ele></trkpt>
   <trkpt lat="47.456448" lon="12.205629"><ele>1473.25</ele></trkpt>
   <trkpt lat="47.456083" lon="12.206125"><ele>1470.25</ele></trkpt>
   <trkpt lat="47.456029" lon="12.206136"><ele>1469</ele></trkpt>
   <trkpt lat="47.455984" lon="12.206057"><ele>1467.25</ele></trkpt>
   <trkpt lat="47.455715" lon="12.205183"><ele>1460.75</ele></trkpt>
   <trkpt lat="47.455509" lon="12.204679"><ele>1455.25</ele></trkpt>
   <trkpt lat="47.455444" lon="12.20449"><ele>1453.75</ele></trkpt>
   <trkpt lat="47.455377" lon="12.204244"><ele>1452</ele></trkpt>
   <trkpt lat="47.455221" lon="12.203962"><ele>1447.25</ele></trkpt>
   <trkpt lat="47.455188" lon="12.203863"><ele>1446</ele></trkpt>
   <trkpt lat="47.455155" lon="12.203722"><ele>1445</ele></trkpt>
   <trkpt lat="47.455139" lon="12.203599"><ele>1444.25</ele></trkpt>
   <trkpt lat="47.455137" lon="12.20342"><ele>1441.75</ele></trkpt>
   <trkpt lat="47.455154" lon="12.203225"><ele>1440</ele></trkpt>
   <trkpt lat="47.455187" lon="12.203077"><ele>1439</ele></trkpt>
   <trkpt lat="47.455222" lon="12.202972"><ele>1438.5</ele></trkpt>
   <trkpt lat="47.455319" lon="12.202765"><ele>1437.5</ele></trkpt>
   <trkpt lat="47.455418" lon="12.202586"><ele>1435.75</ele></trkpt>
   <trkpt lat="47.455495" lon="12.202328"><ele>1432.75</ele></trkpt>
   <trkpt lat="47.455604" lon="12.202056"><ele>1430</ele></trkpt>
   <trkpt lat="47.455769" lon="12.201896"><ele>1427.75</ele></trkpt>
   <trkpt lat="47.455785" lon="12.201855"><ele>1426.75</ele></trkpt>
   <trkpt lat="47.455777" lon="12.201815"><ele>1425.75</ele></trkpt>
   <trkpt lat="47.455746" lon="12.201768"><ele>1424</ele></trkpt>
   <trkpt lat="47.455714" lon="12.201757"><ele>1423.5</ele></trkpt>
   <trkpt lat="47.455669" lon="12.201759"><ele>1423.25</ele></trkpt>
   <trkpt lat="47.455345" lon="12.201958"><ele>1420.25</ele></trkpt>
   <trkpt lat="47.455245" lon="12.202031"><ele>1419</ele></trkpt>
   <trkpt lat="47.455012" lon="12.202149"><ele>1415.25</ele></trkpt>
   <trkpt lat="47.454739" lon="12.202229"><ele>1413.25</ele></trkpt>
   <trkpt lat="47.454651" lon="12.202267"><ele>1411.25</ele></trkpt>
   <trkpt lat="47.454581" lon="12.202329"><ele>1409.75</ele></trkpt>
   <trkpt lat="47.45452" lon="12.202404"><ele>1408.5</ele></trkpt>
   <trkpt lat="47.454413" lon="12.202606"><ele>1406.5</ele></trkpt>
   <trkpt lat="47.454374" lon="12.202667"><ele>1406.25</ele></trkpt>
   <trkpt lat="47.454315" lon="12.20272"><ele>1406</ele></trkpt>
   <trkpt lat="47.454269" lon="12.202731"><ele>1406</ele></trkpt>
   <trkpt lat="47.454218" lon="12.202716"><ele>1405.5</ele></trkpt>
   <trkpt lat="47.453993" lon="12.202605"><ele>1402.25</ele></trkpt>
   <trkpt lat="47.453956" lon="12.202601"><ele>1402</ele></trkpt>
   <trkpt lat="47.453893" lon="12.202632"><ele>1401.5</ele></trkpt>
   <trkpt lat="47.453822" lon="12.202712"><ele>1399.25</ele></trkpt>
   <trkpt lat="47.453741" lon="12.202834"><ele>1397.25</ele></trkpt>
   <trkpt lat="47.453691" lon="12.202897"><ele>1396.25</ele></trkpt>
   <trkpt lat="47.453636" lon="12.202963"><ele>1395.5</ele></trkpt>
   <trkpt lat="47.453591" lon="12.203004"><ele>1394.75</ele></trkpt>
   <trkpt lat="47.453466" lon="12.203088"><ele>1393</ele></trkpt>
   <trkpt lat="47.453398" lon="12.20315"><ele>1392.5</ele></trkpt>
   <trkpt lat="47.453279" lon="12.203305"><ele>1392</ele></trkpt>
   <trkpt lat="47.453213" lon="12.203413"><ele>1390.75</ele></trkpt>
   <trkpt lat="47.453138" lon="12.203506"><ele>1389</ele></trkpt>
   <trkpt lat="47.453081" lon="12.203545"><ele>1387.5</ele></trkpt>
   <trkpt lat="47.453017" lon="12.203558"><ele>1386.5</ele></trkpt>
   <trkpt lat="47.452931" lon="12.203552"><ele>1386</ele></trkpt>
   <trkpt lat="47.452849" lon="12.203528"><ele>1385.5</ele></trkpt>
   <trkpt lat="47.452756" lon="12.203486"><ele>1385</ele></trkpt>
   <trkpt lat="47.452692" lon="12.203436"><ele>1384.75</ele></trkpt>
   <trkpt lat="47.452589" lon="12.203313"><ele>1383</ele></trkpt>
   <trkpt lat="47.452512" lon="12.203173"><ele>1381.25</ele></trkpt>
   <trkpt lat="47.452431" lon="12.202848"><ele>1377.5</ele></trkpt>
   <trkpt lat="47.452451" lon="12.202703"><ele>1376.25</ele></trkpt>
   <trkpt lat="47.452511" lon="12.202562"><ele>1374.75</ele></trkpt>
   <trkpt lat="47.452629" lon="12.202453"><ele>1373.75</ele></trkpt>
   <trkpt lat="47.452684" lon="12.202349"><ele>1372.5</ele></trkpt>
   <trkpt lat="47.452694" lon="12.202289"><ele>1371.75</ele></trkpt>
   <trkpt lat="47.452684" lon="12.202214"><ele>1370.75</ele></trkpt>
   <trkpt lat="47.452662" lon="12.202134"><ele>1370</ele></trkpt>
   <trkpt lat="47.452611" lon="12.202053"><ele>1369.25</ele></trkpt>
   <trkpt lat="47.452406" lon="12.201832"><ele>1366.25</ele></trkpt>
   <trkpt lat="47.452173" lon="12.201638"><ele>1363.75</ele></trkpt>
   <trkpt lat="47.452067" lon="12.201594"><ele>1362</ele></trkpt>
   <trkpt lat="47.452014" lon="12.201589"><ele>1361.5</ele></trkpt>
   <trkpt lat="47.451934" lon="12.201602"><ele>1360.5</ele></trkpt>
   <trkpt lat="47.451866" lon="12.201585"><ele>1359.75</ele></trkpt>
   <trkpt lat="47.451844" lon="12.20155"><ele>1359.5</ele></trkpt>
   <trkpt lat="47.451838" lon="12.201511"><ele>1359.5</ele></trkpt>
   <trkpt lat="47.451861" lon="12.2014"><ele>1359.25</ele></trkpt>
   <trkpt lat="47.452027" lon="12.200844"><ele>1353.75</ele></trkpt>
   <trkpt lat="47.452076" lon="12.20072"><ele>1353</ele></trkpt>
   <trkpt lat="47.452232" lon="12.200489"><ele>1353.25</ele></trkpt>
   <trkpt lat="47.452363" lon="12.199953"><ele>1349</ele></trkpt>
   <trkpt lat="47.452494" lon="12.199623"><ele>1348.75</ele></trkpt>
   <trkpt lat="47.452697" lon="12.199219"><ele>1347.5</ele></trkpt>
   <trkpt lat="47.452799" lon="12.199087"><ele>1346.75</ele></trkpt>
   <trkpt lat="47.452902" lon="12.198922"><ele>1346</ele></trkpt>
   <trkpt lat="47.453058" lon="12.198626"><ele>1345.25</ele></trkpt>
   <trkpt lat="47.453144" lon="12.198445"><ele>1344.75</ele></trkpt>
   <trkpt lat="47.453196" lon="12.198282"><ele>1343.75</ele></trkpt>
   <trkpt lat="47.453264" lon="12.198"><ele>1341.75</ele></trkpt>
   <trkpt lat="47.453332" lon="12.197605"><ele>1338.25</ele></trkpt>
   <trkpt lat="47.453354" lon="12.197528"><ele>1337.5</ele></trkpt>
   <trkpt lat="47.453433" lon="12.197387"><ele>1335.5</ele></trkpt>
   <trkpt lat="47.453495" lon="12.197324"><ele>1335</ele></trkpt>
   <trkpt lat="47.453606" lon="12.197153"><ele>1332.75</ele></trkpt>
   <trkpt lat="47.453719" lon="12.196946"><ele>1329.25</ele></trkpt>
   <trkpt lat="47.453912" lon="12.196712"><ele>1326.75</ele></trkpt>
   <trkpt lat="47.453953" lon="12.196571"><ele>1325.5</ele></trkpt>
   <trkpt lat="47.453951" lon="12.196356"><ele>1322.75</ele></trkpt>
   <trkpt lat="47.453992" lon="12.19619"><ele>1321</ele></trkpt>
   <trkpt lat="47.454121" lon="12.195937"><ele>1319.5</ele></trkpt>
   <trkpt lat="47.454215" lon="12.195773"><ele>1317</ele></trkpt>
   <trkpt lat="47.45431" lon="12.195661"><ele>1314.75</ele></trkpt>
   <trkpt lat="47.454542" lon="12.195616"><ele>1314.25</ele></trkpt>
   <trkpt lat="47.454635" lon="12.195555"><ele>1313.75</ele></trkpt>
   <trkpt lat="47.454741" lon="12.195405"><ele>1310</ele></trkpt>
   <trkpt lat="47.454829" lon="12.195407"><ele>1307.25</ele></trkpt>
   <trkpt lat="47.455083" lon="12.195595"><ele>1305</ele></trkpt>
   <trkpt lat="47.455425" lon="12.195747"><ele>1301.75</ele></trkpt>
   <trkpt lat="47.455559" lon="12.195703"><ele>1299.5</ele></trkpt>
   <trkpt lat="47.455621" lon="12.195607"><ele>1296</ele></trkpt>
   <trkpt lat="47.455639" lon="12.195526"><ele>1293.5</ele></trkpt>
   <trkpt lat="47.455613" lon="12.195422"><ele>1292</ele></trkpt>
   <trkpt lat="47.455563" lon="12.19533"><ele>1292.5</ele></trkpt>
   <trkpt lat="47.455436" lon="12.195249"><ele>1290</ele></trkpt>
   <trkpt lat="47.455081" lon="12.194986"><ele>1283.25</ele></trkpt>
   <trkpt lat="47.454709" lon="12.194687"><ele>1278.75</ele></trkpt>
   <trkpt lat="47.45447" lon="12.19438"><ele>1274.25</ele></trkpt>
   <trkpt lat="47.454116" lon="12.193694"><ele>1265.75</ele></trkpt>
   <trkpt lat="47.454022" lon="12.193447"><ele>1262</ele></trkpt>
   <trkpt lat="47.453871" lon="12.193211"><ele>1258.25</ele></trkpt>
   <trkpt lat="47.453615" lon="12.192912"><ele>1255.75</ele></trkpt>
   <trkpt lat="47.453408" lon="12.192745"><ele>1253</ele></trkpt>
   <trkpt lat="47.453186" lon="12.192639"><ele>1250.5</ele></trkpt>
   <trkpt lat="47.452906" lon="12.192344"><ele>1244.75</ele></trkpt>
   <trkpt lat="47.452882" lon="12.192279"><ele>1243.5</ele></trkpt>
   <trkpt lat="47.452953" lon="12.192269"><ele>1242.75</ele></trkpt>
   <trkpt lat="47.453487" lon="12.192261"><ele>1241.75</ele></trkpt>
   <trkpt lat="47.453657" lon="12.192326"><ele>1241</ele></trkpt>
   <trkpt lat="47.453986" lon="12.192581"><ele>1236.75</ele></trkpt>
   <trkpt lat="47.454451" lon="12.192993"><ele>1232</ele></trkpt>
   <trkpt lat="47.454552" lon="12.193"><ele>1232</ele></trkpt>
   <trkpt lat="47.454695" lon="12.192961"><ele>1231.5</ele></trkpt>
   <trkpt lat="47.454809" lon="12.192842"><ele>1231.75</ele></trkpt>
   <trkpt lat="47.455047" lon="12.192636"><ele>1231.75</ele></trkpt>
   <trkpt lat="47.455235" lon="12.192506"><ele>1228.5</ele></trkpt>
   <trkpt lat="47.455404" lon="12.192437"><ele>1224.25</ele></trkpt>
   <trkpt lat="47.455569" lon="12.192504"><ele>1222.75</ele></trkpt>
   <trkpt lat="47.455718" lon="12.192589"><ele>1222.5</ele></trkpt>
   <trkpt lat="47.455802" lon="12.192583"><ele>1220.75</ele></trkpt>
   <trkpt lat="47.455844" lon="12.192529"><ele>1219</ele></trkpt>
   <trkpt lat="47.455927" lon="12.192281"><ele>1214.5</ele></trkpt>
   <trkpt lat="47.456112" lon="12.192088"><ele>1213.5</ele></trkpt>
   <trkpt lat="47.456169" lon="12.191984"><ele>1214</ele></trkpt>
   <trkpt lat="47.456166" lon="12.191176"><ele>1208.75</ele></trkpt>
   <trkpt lat="47.456219" lon="12.191"><ele>1209</ele></trkpt>
   <trkpt lat="47.456262" lon="12.190826"><ele>1207.75</ele></trkpt>
   <trkpt lat="47.456272" lon="12.190646"><ele>1205.5</ele></trkpt>
   <trkpt lat="47.456251" lon="12.190465"><ele>1203.25</ele></trkpt>
   <trkpt lat="47.456245" lon="12.190264"><ele>1201.5</ele></trkpt>
   <trkpt lat="47.456259" lon="12.190089"><ele>1198.75</ele></trkpt>
   <trkpt lat="47.456306" lon="12.189875"><ele>1197</ele></trkpt>
   <trkpt lat="47.456361" lon="12.189706"><ele>1196.75</ele></trkpt>
   <trkpt lat="47.456466" lon="12.189479"><ele>1198.25</ele></trkpt>
   <trkpt lat="47.45656" lon="12.189254"><ele>1196.75</ele></trkpt>
   <trkpt lat="47.456618" lon="12.189081"><ele>1195.25</ele></trkpt>
   <trkpt lat="47.456625" lon="12.189025"><ele>1195.25</ele></trkpt>
   <trkpt lat="47.456646" lon="12.188951"><ele>1195.5</ele></trkpt>
   <trkpt lat="47.456696" lon="12.188541"><ele>1196.25</ele></trkpt>
   <trkpt lat="47.456689" lon="12.188366"><ele>1194.25</ele></trkpt>
   <trkpt lat="47.456574" lon="12.187875"><ele>1188.25</ele></trkpt>
   <trkpt lat="47.456545" lon="12.187679"><ele>1185.25</ele></trkpt>
   <trkpt lat="47.456532" lon="12.187522"><ele>1182.75</ele></trkpt>
   <trkpt lat="47.456477" lon="12.187422"><ele>1180.5</ele></trkpt>
   <trkpt lat="47.456439" lon="12.187278"><ele>1178.75</ele></trkpt>
   <trkpt lat="47.456424" lon="12.187009"><ele>1176.5</ele></trkpt>
   <trkpt lat="47.456423" lon="12.186846"><ele>1175.25</ele></trkpt>
   <trkpt lat="47.456449" lon="12.186679"><ele>1173.75</ele></trkpt>
   <trkpt lat="47.456499" lon="12.186571"><ele>1173.75</ele></trkpt>
   <trkpt lat="47.456535" lon="12.186421"><ele>1173.25</ele></trkpt>
   <trkpt lat="47.456533" lon="12.186324"><ele>1173.25</ele></trkpt>
   <trkpt lat="47.456508" lon="12.186202"><ele>1173</ele></trkpt>
   <trkpt lat="47.45645" lon="12.185998"><ele>1172.75</ele></trkpt>
   <trkpt lat="47.456387" lon="12.185695"><ele>1172.25</ele></trkpt>
   <trkpt lat="47.45633" lon="12.185666"><ele>1169.5</ele></trkpt>
   <trkpt lat="47.45626" lon="12.185666"><ele>1166.5</ele></trkpt>
   <trkpt lat="47.456206" lon="12.185651"><ele>1164</ele></trkpt>
   <trkpt lat="47.456198" lon="12.185566"><ele>1163</ele></trkpt>
   <trkpt lat="47.456193" lon="12.185391"><ele>1161.75</ele></trkpt>
   <trkpt lat="47.456205" lon="12.185221"><ele>1161.25</ele></trkpt>
   <trkpt lat="47.456228" lon="12.185121"><ele>1161.25</ele></trkpt>
   <trkpt lat="47.456251" lon="12.185071"><ele>1161.5</ele></trkpt>
   <trkpt lat="47.456253" lon="12.185028"><ele>1161.25</ele></trkpt>
   <trkpt lat="47.456237" lon="12.184959"><ele>1160.25</ele></trkpt>
   <trkpt lat="47.456204" lon="12.184985"><ele>1159.75</ele></trkpt>
   <trkpt lat="47.456169" lon="12.185027"><ele>1159.25</ele></trkpt>
   <trkpt lat="47.456096" lon="12.185254"><ele>1157</ele></trkpt>
   <trkpt lat="47.455981" lon="12.185874"><ele>1153.5</ele></trkpt>
   <trkpt lat="47.45595" lon="12.185963"><ele>1152.25</ele></trkpt>
   <trkpt lat="47.45591" lon="12.186035"><ele>1150.75</ele></trkpt>
   <trkpt lat="47.45583" lon="12.186113"><ele>1147.75</ele></trkpt>
   <trkpt lat="47.455782" lon="12.186137"><ele>1147</ele></trkpt>
   <trkpt lat="47.45575" lon="12.186171"><ele>1146.75</ele></trkpt>
   <trkpt lat="47.455633" lon="12.186407"><ele>1145</ele></trkpt>
   <trkpt lat="47.455587" lon="12.186486"><ele>1144.25</ele></trkpt>
   <trkpt lat="47.455548" lon="12.186516"><ele>1143.5</ele></trkpt>
   <trkpt lat="47.455506" lon="12.186528"><ele>1142.75</ele></trkpt>
   <trkpt lat="47.455339" lon="12.186509"><ele>1138.5</ele></trkpt>
   <trkpt lat="47.455211" lon="12.186506"><ele>1134.5</ele></trkpt>
   <trkpt lat="47.455152" lon="12.186565"><ele>1133</ele></trkpt>
   <trkpt lat="47.455129" lon="12.186664"><ele>1133</ele></trkpt>
   <trkpt lat="47.455151" lon="12.186981"><ele>1131.25</ele></trkpt>
   <trkpt lat="47.455155" lon="12.187093"><ele>1130.5</ele></trkpt>
   <trkpt lat="47.45515" lon="12.187181"><ele>1129.75</ele></trkpt>
   <trkpt lat="47.455131" lon="12.187322"><ele>1128.25</ele></trkpt>
   <trkpt lat="47.455081" lon="12.1876"><ele>1125.5</ele></trkpt>
   <trkpt lat="47.455061" lon="12.187759"><ele>1124.25</ele></trkpt>
   <trkpt lat="47.455055" lon="12.187899"><ele>1123</ele></trkpt>
   <trkpt lat="47.455056" lon="12.188087"><ele>1122</ele></trkpt>
   <trkpt lat="47.455037" lon="12.188232"><ele>1121.5</ele></trkpt>
   <trkpt lat="47.454995" lon="12.188404"><ele>1120.25</ele></trkpt>
   <trkpt lat="47.454956" lon="12.188514"><ele>1120.25</ele></trkpt>
   <trkpt lat="47.454917" lon="12.188535"><ele>1119.75</ele></trkpt>
   <trkpt lat="47.45487" lon="12.188532"><ele>1118.75</ele></trkpt>
   <trkpt lat="47.454851" lon="12.188471"><ele>1117.25</ele></trkpt>
   <trkpt lat="47.454864" lon="12.18836"><ele>1116</ele></trkpt>
   <trkpt lat="47.454897" lon="12.188261"><ele>1116</ele></trkpt>
   <trkpt lat="47.454917" lon="12.188167"><ele>1115.75</ele></trkpt>
   <trkpt lat="47.454916" lon="12.188032"><ele>1115</ele></trkpt>
   <trkpt lat="47.454871" lon="12.187872"><ele>1113</ele></trkpt>
   <trkpt lat="47.454774" lon="12.187612"><ele>1108.5</ele></trkpt>
   <trkpt lat="47.454687" lon="12.187366"><ele>1105.25</ele></trkpt>
   <trkpt lat="47.454584" lon="12.187026"><ele>1101.75</ele></trkpt>
   <trkpt lat="47.454512" lon="12.186896"><ele>1099.75</ele></trkpt>
   <trkpt lat="47.454419" lon="12.186767"><ele>1097.25</ele></trkpt>
   <trkpt lat="47.45436" lon="12.186622"><ele>1096</ele></trkpt>
   <trkpt lat="47.454329" lon="12.186437"><ele>1095</ele></trkpt>
   <trkpt lat="47.454296" lon="12.186136"><ele>1093</ele></trkpt>
   <trkpt lat="47.454264" lon="12.185676"><ele>1088.75</ele></trkpt>
   <trkpt lat="47.454254" lon="12.185612"><ele>1088</ele></trkpt>
   <trkpt lat="47.454234" lon="12.185547"><ele>1086.75</ele></trkpt>
   <trkpt lat="47.454217" lon="12.185505"><ele>1086.25</ele></trkpt>
   <trkpt lat="47.454193" lon="12.185475"><ele>1085.25</ele></trkpt>
   <trkpt lat="47.454114" lon="12.185427"><ele>1083</ele></trkpt>
   <trkpt lat="47.454048" lon="12.185403"><ele>1081</ele></trkpt>
   <trkpt lat="47.453977" lon="12.185446"><ele>1079.75</ele></trkpt>
   <trkpt lat="47.453934" lon="12.185521"><ele>1080</ele></trkpt>
   <trkpt lat="47.453881" lon="12.185845"><ele>1077.5</ele></trkpt>
   <trkpt lat="47.453833" lon="12.186373"><ele>1074.75</ele></trkpt>
   <trkpt lat="47.453825" lon="12.186409"><ele>1074.25</ele></trkpt>
   <trkpt lat="47.453806" lon="12.186435"><ele>1073.5</ele></trkpt>
   <trkpt lat="47.453777" lon="12.186453"><ele>1072</ele></trkpt>
   <trkpt lat="47.453747" lon="12.186449"><ele>1071</ele></trkpt>
   <trkpt lat="47.45372" lon="12.186424"><ele>1070</ele></trkpt>
   <trkpt lat="47.453698" lon="12.18636"><ele>1069.5</ele></trkpt>
   <trkpt lat="47.453683" lon="12.186293"><ele>1069</ele></trkpt>
   <trkpt lat="47.453653" lon="12.186072"><ele>1068.25</ele></trkpt>
   <trkpt lat="47.453632" lon="12.185786"><ele>1065.5</ele></trkpt>
   <trkpt lat="47.45363" lon="12.185568"><ele>1064</ele></trkpt>
   <trkpt lat="47.453588" lon="12.185385"><ele>1061.5</ele></trkpt>
   <trkpt lat="47.453556" lon="12.185276"><ele>1059.75</ele></trkpt>
   <trkpt lat="47.453534" lon="12.185124"><ele>1056.75</ele></trkpt>
   <trkpt lat="47.453535" lon="12.185035"><ele>1055.75</ele></trkpt>
   <trkpt lat="47.453547" lon="12.18495"><ele>1054.75</ele></trkpt>
   <trkpt lat="47.453566" lon="12.18487"><ele>1054</ele></trkpt>
   <trkpt lat="47.453667" lon="12.184573"><ele>1051.75</ele></trkpt>
   <trkpt lat="47.45372" lon="12.184297"><ele>1048.75</ele></trkpt>
   <trkpt lat="47.453726" lon="12.184189"><ele>1047.75</ele></trkpt>
   <trkpt lat="47.453718" lon="12.184103"><ele>1047</ele></trkpt>
   <trkpt lat="47.453613" lon="12.183814"><ele>1041.5</ele></trkpt>
   <trkpt lat="47.453585" lon="12.183702"><ele>1039.5</ele></trkpt>
   <trkpt lat="47.453584" lon="12.183595"><ele>1038.75</ele></trkpt>
   <trkpt lat="47.453632" lon="12.183364"><ele>1038.5</ele></trkpt>
   <trkpt lat="47.453633" lon="12.183315"><ele>1038</ele></trkpt>
   <trkpt lat="47.453621" lon="12.183282"><ele>1036.75</ele></trkpt>
   <trkpt lat="47.453581" lon="12.183255"><ele>1035</ele></trkpt>
   <trkpt lat="47.453554" lon="12.183269"><ele>1034.25</ele></trkpt>
   <trkpt lat="47.453531" lon="12.183296"><ele>1034</ele></trkpt>
   <trkpt lat="47.453489" lon="12.183357"><ele>1033</ele></trkpt>
   <trkpt lat="47.453452" lon="12.183438"><ele>1032.5</ele></trkpt>
   <trkpt lat="47.453413" lon="12.183533"><ele>1031.5</ele></trkpt>
   <trkpt lat="47.453244" lon="12.184045"><ele>1026</ele></trkpt>
   <trkpt lat="47.452489" lon="12.184948"><ele>1010.5</ele></trkpt>
   <trkpt lat="47.452399" lon="12.185098"><ele>1009</ele></trkpt>
   <trkpt lat="47.452376" lon="12.185162"><ele>1009</ele></trkpt>
   <trkpt lat="47.452359" lon="12.18522"><ele>1009.25</ele></trkpt>
   <trkpt lat="47.452338" lon="12.185361"><ele>1009.75</ele></trkpt>
   <trkpt lat="47.452323" lon="12.185423"><ele>1009.25</ele></trkpt>
   <trkpt lat="47.452303" lon="12.185452"><ele>1008.5</ele></trkpt>
   <trkpt lat="47.452274" lon="12.185471"><ele>1007.5</ele></trkpt>
   <trkpt lat="47.452251" lon="12.185458"><ele>1006.5</ele></trkpt>
   <trkpt lat="47.452231" lon="12.185431"><ele>1005.75</ele></trkpt>
   <trkpt lat="47.452215" lon="12.185394"><ele>1004.75</ele></trkpt>
   <trkpt lat="47.452211" lon="12.18537"><ele>1004.25</ele></trkpt>
   <trkpt lat="47.45222" lon="12.185218"><ele>1003.75</ele></trkpt>
   <trkpt lat="47.452287" lon="12.184675"><ele>999</ele></trkpt>
   <trkpt lat="47.452316" lon="12.184542"><ele>996.75</ele></trkpt>
   <trkpt lat="47.452407" lon="12.184328"><ele>994.75</ele></trkpt>
   <trkpt lat="47.452419" lon="12.184264"><ele>993.75</ele></trkpt>
   <trkpt lat="47.452424" lon="12.184191"><ele>992.25</ele></trkpt>
   <trkpt lat="47.452419" lon="12.184055"><ele>990.75</ele></trkpt>
   <trkpt lat="47.452398" lon="12.183914"><ele>988.75</ele></trkpt>
   <trkpt lat="47.452387" lon="12.18377"><ele>985.75</ele></trkpt>
   <trkpt lat="47.452388" lon="12.183629"><ele>983.25</ele></trkpt>
   <trkpt lat="47.452416" lon="12.183214"><ele>980.25</ele></trkpt>
   <trkpt lat="47.452431" lon="12.182814"><ele>978.25</ele></trkpt>
   <trkpt lat="47.452424" lon="12.182742"><ele>977.75</ele></trkpt>
   <trkpt lat="47.452399" lon="12.182618"><ele>977.25</ele></trkpt>
   <trkpt lat="47.452383" lon="12.182571"><ele>976.75</ele></trkpt>
   <trkpt lat="47.452327" lon="12.182473"><ele>974.5</ele></trkpt>
   <trkpt lat="47.452208" lon="12.182306"><ele>970.25</ele></trkpt>
   <trkpt lat="47.452175" lon="12.182241"><ele>969.25</ele></trkpt>
   <trkpt lat="47.452152" lon="12.182184"><ele>968</ele></trkpt>
   <trkpt lat="47.452137" lon="12.18212"><ele>967</ele></trkpt>
   <trkpt lat="47.452132" lon="12.182062"><ele>966.5</ele></trkpt>
   <trkpt lat="47.452135" lon="12.181993"><ele>966.25</ele></trkpt>
   <trkpt lat="47.452144" lon="12.181944"><ele>966.25</ele></trkpt>
   <trkpt lat="47.452195" lon="12.181798"><ele>964.5</ele></trkpt>
   <trkpt lat="47.452259" lon="12.181676"><ele>963.25</ele></trkpt>
   <trkpt lat="47.452332" lon="12.181577"><ele>963.5</ele></trkpt>
   <trkpt lat="47.452338" lon="12.181532"><ele>962.75</ele></trkpt>
   <trkpt lat="47.452331" lon="12.181498"><ele>962</ele></trkpt>
   <trkpt lat="47.452317" lon="12.181469"><ele>961.25</ele></trkpt>
   <trkpt lat="47.452298" lon="12.18145"><ele>960.5</ele></trkpt>
   <trkpt lat="47.452252" lon="12.181459"><ele>959.5</ele></trkpt>
   <trkpt lat="47.452223" lon="12.181483"><ele>959.25</ele></trkpt>
   <trkpt lat="47.452139" lon="12.18158"><ele>958.75</ele></trkpt>
   <trkpt lat="47.452078" lon="12.181635"><ele>958.25</ele></trkpt>
   <trkpt lat="47.45205" lon="12.181651"><ele>957.75</ele></trkpt>
   <trkpt lat="47.451942" lon="12.181671"><ele>956</ele></trkpt>
   <trkpt lat="47.451851" lon="12.181672"><ele>954.25</ele></trkpt>
   <trkpt lat="47.451814" lon="12.181684"><ele>953.75</ele></trkpt>
   <trkpt lat="47.45175" lon="12.181725"><ele>952.75</ele></trkpt>
   <trkpt lat="47.451714" lon="12.181772"><ele>952.25</ele></trkpt>
   <trkpt lat="47.451658" lon="12.181881"><ele>951.5</ele></trkpt>
   <trkpt lat="47.45163" lon="12.181912"><ele>950.75</ele></trkpt>
   <trkpt lat="47.45158" lon="12.181931"><ele>949.75</ele></trkpt>
   <trkpt lat="47.451523" lon="12.181913"><ele>948.25</ele></trkpt>
   <trkpt lat="47.451461" lon="12.181851"><ele>946.75</ele></trkpt>
   <trkpt lat="47.451434" lon="12.181806"><ele>946.25</ele></trkpt>
   <trkpt lat="47.451196" lon="12.181323"><ele>937.5</ele></trkpt>
   <trkpt lat="47.451173" lon="12.181266"><ele>937.25</ele></trkpt>
   <trkpt lat="47.451164" lon="12.181206"><ele>937.25</ele></trkpt>
   <trkpt lat="47.451167" lon="12.181143"><ele>937.75</ele></trkpt>
   <trkpt lat="47.451179" lon="12.181097"><ele>937.75</ele></trkpt>
   <trkpt lat="47.451208" lon="12.181048"><ele>937</ele></trkpt>
   <trkpt lat="47.451242" lon="12.181014"><ele>936.5</ele></trkpt>
   <trkpt lat="47.451282" lon="12.180998"><ele>936.25</ele></trkpt>
   <trkpt lat="47.451333" lon="12.180997"><ele>936</ele></trkpt>
   <trkpt lat="47.451413" lon="12.181024"><ele>936.5</ele></trkpt>
   <trkpt lat="47.451448" lon="12.181018"><ele>936.5</ele></trkpt>
   <trkpt lat="47.451478" lon="12.181002"><ele>936.5</ele></trkpt>
   <trkpt lat="47.451483" lon="12.180991"><ele>936.25</ele></trkpt>
   <trkpt lat="47.451496" lon="12.180968"><ele>936</ele></trkpt>
   <trkpt lat="47.4515" lon="12.180897"><ele>935</ele></trkpt>
   <trkpt lat="47.451468" lon="12.180804"><ele>933.5</ele></trkpt>
   <trkpt lat="47.451324" lon="12.180568"><ele>929.5</ele></trkpt>
   <trkpt lat="47.451277" lon="12.18048"><ele>928.5</ele></trkpt>
   <trkpt lat="47.45113" lon="12.18012"><ele>924.75</ele></trkpt>
   <trkpt lat="47.450463" lon="12.178282"><ele>902.25</ele></trkpt>
   <trkpt lat="47.450413" lon="12.178194"><ele>901.25</ele></trkpt>
   <trkpt lat="47.450366" lon="12.178139"><ele>900.75</ele></trkpt>
   <trkpt lat="47.45029" lon="12.178097"><ele>900.75</ele></trkpt>
   <trkpt lat="47.450097" lon="12.178112"><ele>898</ele></trkpt>
   <trkpt lat="47.449939" lon="12.178183"><ele>895.75</ele></trkpt>
   <trkpt lat="47.449903" lon="12.178186"><ele>895.25</ele></trkpt>
   <trkpt lat="47.449876" lon="12.178174"><ele>894.75</ele></trkpt>
   <trkpt lat="47.449848" lon="12.178147"><ele>894.25</ele></trkpt>
   <trkpt lat="47.449832" lon="12.178091"><ele>894</ele></trkpt>
   <trkpt lat="47.449832" lon="12.178029"><ele>893.75</ele></trkpt>
   <trkpt lat="47.449856" lon="12.177941"><ele>892.75</ele></trkpt>
   <trkpt lat="47.449956" lon="12.177738"><ele>891</ele></trkpt>
   <trkpt lat="47.450055" lon="12.177536"><ele>889.75</ele></trkpt>
   <trkpt lat="47.450241" lon="12.17756"><ele>892.25</ele></trkpt>
   <trkpt lat="47.450288" lon="12.177538"><ele>892</ele></trkpt>
   <trkpt lat="47.450312" lon="12.177491"><ele>890.5</ele></trkpt>
   <trkpt lat="47.450288" lon="12.177538"><ele>892</ele></trkpt>
   <trkpt lat="47.450241" lon="12.17756"><ele>892.25</ele></trkpt>
   <trkpt lat="47.450055" lon="12.177536"><ele>889.75</ele></trkpt>
   <trkpt lat="47.450088" lon="12.177395"><ele>888.5</ele></trkpt>
   <trkpt lat="47.450113" lon="12.177205"><ele>886</ele></trkpt>
   <trkpt lat="47.450112" lon="12.177056"><ele>884.25</ele></trkpt>
   <trkpt lat="47.450074" lon="12.176278"><ele>876.25</ele></trkpt>
   <trkpt lat="47.45025" lon="12.175993"><ele>869.25</ele></trkpt>
   <trkpt lat="47.450198" lon="12.175328"><ele>863.5</ele></trkpt>
   <trkpt lat="47.450213" lon="12.175242"><ele>862.5</ele></trkpt>
   <trkpt lat="47.45024" lon="12.175142"><ele>860.5</ele></trkpt>
   <trkpt lat="47.450212" lon="12.174833"><ele>859.75</ele></trkpt>
   <trkpt lat="47.450244" lon="12.17468"><ele>859.25</ele></trkpt>
   <trkpt lat="47.450421" lon="12.174404"><ele>855.5</ele></trkpt>
   <trkpt lat="47.450537" lon="12.174242"><ele>854.5</ele></trkpt>
   <trkpt lat="47.450684" lon="12.174125"><ele>851.5</ele></trkpt>
   <trkpt lat="47.450814" lon="12.17385"><ele>848.5</ele></trkpt>
   <trkpt lat="47.450897" lon="12.173608"><ele>846</ele></trkpt>
   <trkpt lat="47.450916" lon="12.17334"><ele>844</ele></trkpt>
   <trkpt lat="47.450751" lon="12.172654"><ele>837.75</ele></trkpt>
   <trkpt lat="47.450621" lon="12.171961"><ele>828.25</ele></trkpt>
   <trkpt lat="47.450467" lon="12.171676"><ele>828</ele></trkpt>
   <trkpt lat="47.45047" lon="12.171473"><ele>822</ele></trkpt>
   <trkpt lat="47.450376" lon="12.171177"><ele>817.75</ele></trkpt>
   <trkpt lat="47.450343" lon="12.170967"><ele>815</ele></trkpt>
   <trkpt lat="47.450343" lon="12.170869"><ele>813.5</ele></trkpt>
   <trkpt lat="47.450317" lon="12.170794"><ele>813.25</ele></trkpt>
   <trkpt lat="47.450232" lon="12.170768"><ele>813.5</ele></trkpt>
   <trkpt lat="47.449933" lon="12.170844"><ele>809</ele></trkpt>
   <trkpt lat="47.449884" lon="12.17081"><ele>807.25</ele></trkpt>
   <trkpt lat="47.449879" lon="12.170729"><ele>805.75</ele></trkpt>
   <trkpt lat="47.450022" lon="12.170338"><ele>799.75</ele></trkpt>
   <trkpt lat="47.450085" lon="12.170271"><ele>799.25</ele></trkpt>
   <trkpt lat="47.450185" lon="12.170025"><ele>795.5</ele></trkpt>
   <trkpt lat="47.450245" lon="12.169948"><ele>794.25</ele></trkpt>
   <trkpt lat="47.450323" lon="12.169823"><ele>790.5</ele></trkpt>
   <trkpt lat="47.45038" lon="12.169802"><ele>788.75</ele></trkpt>
   <trkpt lat="47.450484" lon="12.16991"><ele>789</ele></trkpt>
   <trkpt lat="47.450569" lon="12.169964"><ele>787.25</ele></trkpt>
   <trkpt lat="47.450613" lon="12.169879"><ele>783.25</ele></trkpt>
   <trkpt lat="47.450599" lon="12.169782"><ele>782.5</ele></trkpt>
   <trkpt lat="47.450315" lon="12.169194"><ele>773.25</ele></trkpt>
   <trkpt lat="47.450219" lon="12.168996"><ele>768.25</ele></trkpt>
   <trkpt lat="47.450172" lon="12.168933"><ele>766.5</ele></trkpt>
   <trkpt lat="47.450099" lon="12.168837"><ele>765</ele></trkpt>
   <trkpt lat="47.450029" lon="12.168744"><ele>764.25</ele></trkpt>
   <trkpt lat="47.449338" lon="12.167944"><ele>755.5</ele></trkpt>
   <trkpt lat="47.449198" lon="12.167757"><ele>753.75</ele></trkpt>
   <trkpt lat="47.449051" lon="12.16756"><ele>750.5</ele></trkpt>
   <trkpt lat="47.448927" lon="12.167456"><ele>746.75</ele></trkpt>
   <trkpt lat="47.448837" lon="12.167467"><ele>744.75</ele></trkpt>
   <trkpt lat="47.448743" lon="12.167545"><ele>743.25</ele></trkpt>
   <trkpt lat="47.448692" lon="12.167497"><ele>741.75</ele></trkpt>
   <trkpt lat="47.448702" lon="12.167425"><ele>740.25</ele></trkpt>
   <trkpt lat="47.448876" lon="12.1671"><ele>736.25</ele></trkpt>
   <trkpt lat="47.448958" lon="12.167005"><ele>734.5</ele></trkpt>
   <trkpt lat="47.449031" lon="12.166881"><ele>732.25</ele></trkpt>
   <trkpt lat="47.449087" lon="12.166673"><ele>728.5</ele></trkpt>
   <trkpt lat="47.449175" lon="12.166568"><ele>726.5</ele></trkpt>
   <trkpt lat="47.449276" lon="12.166479"><ele>724.5</ele></trkpt>
   <trkpt lat="47.449436" lon="12.166407"><ele>721.75</ele></trkpt>
   <trkpt lat="47.449447" lon="12.166364"><ele>719.75</ele></trkpt>
   <trkpt lat="47.449434" lon="12.166308"><ele>718</ele></trkpt>
   <trkpt lat="47.449182" lon="12.166205"><ele>714</ele></trkpt>
   <trkpt lat="47.449004" lon="12.166029"><ele>706.75</ele></trkpt>
   <trkpt lat="47.448694" lon="12.166027"><ele>706</ele></trkpt>
   <trkpt lat="47.448651" lon="12.165997"><ele>705</ele></trkpt>
   <trkpt lat="47.448647" lon="12.165936"><ele>703.5</ele></trkpt>
   <trkpt lat="47.448674" lon="12.165907"><ele>702.75</ele></trkpt>
   <trkpt lat="47.44877" lon="12.16586"><ele>701.25</ele></trkpt>
   <trkpt lat="47.448915" lon="12.165756"><ele>697.5</ele></trkpt>
   <trkpt lat="47.448948" lon="12.165671"><ele>694.5</ele></trkpt>
   <trkpt lat="47.448924" lon="12.165615"><ele>693.25</ele></trkpt>
   <trkpt lat="47.448685" lon="12.165596"><ele>691.25</ele></trkpt>
   <trkpt lat="47.448606" lon="12.165509"><ele>687.75</ele></trkpt>
   <trkpt lat="47.448549" lon="12.165328"><ele>684.25</ele></trkpt>
   <trkpt lat="47.448508" lon="12.165124"><ele>680.5</ele></trkpt>
   <trkpt lat="47.44851" lon="12.165053"><ele>678.5</ele></trkpt>
   <trkpt lat="47.448418" lon="12.164618"><ele>671.25</ele></trkpt>
   <trkpt lat="47.448413" lon="12.164321"><ele>665.5</ele></trkpt>
   <trkpt lat="47.448433" lon="12.16417"><ele>662.25</ele></trkpt>
   <trkpt lat="47.448453" lon="12.164017"><ele>659.75</ele></trkpt>
   <trkpt lat="47.448513" lon="12.163722"><ele>658</ele></trkpt>
   <trkpt lat="47.448566" lon="12.163516"><ele>658.75</ele></trkpt>
   <trkpt lat="47.448602" lon="12.163323"><ele>658.75</ele></trkpt>
   <trkpt lat="47.448634" lon="12.163009"><ele>655</ele></trkpt>
   <trkpt lat="47.448665" lon="12.162846"><ele>651.75</ele></trkpt>
   <trkpt lat="47.448691" lon="12.162742"><ele>649.75</ele></trkpt>
   <trkpt lat="47.448828" lon="12.162391"><ele>644.5</ele></trkpt>
   <trkpt lat="47.448965" lon="12.162114"><ele>641</ele></trkpt>
   <trkpt lat="47.449041" lon="12.161896"><ele>636</ele></trkpt>
   <trkpt lat="47.449063" lon="12.161678"><ele>632.75</ele></trkpt>
   <trkpt lat="47.449049" lon="12.161502"><ele>631</ele></trkpt>
   <trkpt lat="47.448988" lon="12.161353"><ele>629.75</ele></trkpt>
   <trkpt lat="47.448922" lon="12.161298"><ele>629</ele></trkpt>
   <trkpt lat="47.448867" lon="12.161251"><ele>628.25</ele></trkpt>
   <trkpt lat="47.448698" lon="12.161109"><ele>625.5</ele></trkpt>
   <trkpt lat="47.448379" lon="12.160773"><ele>621.25</ele></trkpt>
   <trkpt lat="47.44852" lon="12.160597"><ele>622.25</ele></trkpt>
   <trkpt lat="47.448643" lon="12.160401"><ele>622</ele></trkpt>
   <trkpt lat="47.448671" lon="12.160356"><ele>622</ele></trkpt>
   <trkpt lat="47.448694" lon="12.16032"><ele>621.75</ele></trkpt>
   <trkpt lat="47.448858" lon="12.159983"><ele>619</ele></trkpt>
   <trkpt lat="47.448905" lon="12.159822"><ele>618</ele></trkpt>
   <trkpt lat="47.449006" lon="12.159327"><ele>616.5</ele></trkpt>
   <trkpt lat="47.4491" lon="12.15912"><ele>616.5</ele></trkpt>
   <trkpt lat="47.449174" lon="12.159014"><ele>616.75</ele></trkpt>
   <trkpt lat="47.449301" lon="12.158862"><ele>616.25</ele></trkpt>
   <trkpt lat="47.449416" lon="12.158767"><ele>617</ele></trkpt>
   <trkpt lat="47.449579" lon="12.158621"><ele>618.5</ele></trkpt>
   <trkpt lat="47.449608" lon="12.158584"><ele>618.25</ele></trkpt>
   <trkpt lat="47.449632" lon="12.158545"><ele>618.25</ele></trkpt>
   <trkpt lat="47.449734" lon="12.158719"><ele>619.75</ele></trkpt>
   <trkpt lat="47.44992" lon="12.158518"><ele>619.75</ele></trkpt>
   <trkpt lat="47.450051" lon="12.158362"><ele>619.5</ele></trkpt>
   <trkpt lat="47.450286" lon="12.158112"><ele>621</ele></trkpt>
   <trkpt lat="47.450331" lon="12.158081"><ele>621.5</ele></trkpt>
   <trkpt lat="47.450487" lon="12.158032"><ele>623</ele></trkpt>
   <trkpt lat="47.450512" lon="12.158007"><ele>623</ele></trkpt>
   <trkpt lat="47.450533" lon="12.157986"><ele>623</ele></trkpt>
   <trkpt lat="47.450561" lon="12.157958"><ele>623</ele></trkpt>
   <trkpt lat="47.450606" lon="12.15787"><ele>622.75</ele></trkpt>
   <trkpt lat="47.450655" lon="12.157737"><ele>622.75</ele></trkpt>
   <trkpt lat="47.45075" lon="12.15762"><ele>623</ele></trkpt>
   <trkpt lat="47.450794" lon="12.157587"><ele>623</ele></trkpt>
   <trkpt lat="47.450903" lon="12.157526"><ele>624</ele></trkpt>
   <trkpt lat="47.451084" lon="12.157489"><ele>626</ele></trkpt>
   <trkpt lat="47.451226" lon="12.157515"><ele>629.5</ele></trkpt>
   <trkpt lat="47.45131" lon="12.157519"><ele>630.75</ele></trkpt>
   <trkpt lat="47.451368" lon="12.157507"><ele>631</ele></trkpt>
   <trkpt lat="47.45142" lon="12.157471"><ele>632.5</ele></trkpt>
   <trkpt lat="47.451574" lon="12.157302"><ele>636.25</ele></trkpt>
   <trkpt lat="47.4518" lon="12.157106"><ele>641.5</ele></trkpt>
   <trkpt lat="47.451878" lon="12.156987"><ele>642.5</ele></trkpt>
   <trkpt lat="47.451958" lon="12.156826"><ele>643</ele></trkpt>
   <trkpt lat="47.452007" lon="12.15669"><ele>642.75</ele></trkpt>
   <trkpt lat="47.452079" lon="12.156268"><ele>642.5</ele></trkpt>
   <trkpt lat="47.45217" lon="12.156085"><ele>645.25</ele></trkpt>
   <trkpt lat="47.452256" lon="12.155993"><ele>648</ele></trkpt>
   <trkpt lat="47.452359" lon="12.155951"><ele>648.5</ele></trkpt>
   <trkpt lat="47.452475" lon="12.155969"><ele>650</ele></trkpt>
   <trkpt lat="47.452586" lon="12.156029"><ele>652</ele></trkpt>
   <trkpt lat="47.452703" lon="12.156144"><ele>655.25</ele></trkpt>
   <trkpt lat="47.452942" lon="12.156416"><ele>659.25</ele></trkpt>
   <trkpt lat="47.45323" lon="12.156726"><ele>664</ele></trkpt>
   <trkpt lat="47.453457" lon="12.156957"><ele>666.75</ele></trkpt>
   <trkpt lat="47.453773" lon="12.157233"><ele>671</ele></trkpt>
   <trkpt lat="47.453926" lon="12.157359"><ele>672.5</ele></trkpt>
   <trkpt lat="47.45424" lon="12.157649"><ele>677.5</ele></trkpt>
   <trkpt lat="47.454574" lon="12.157966"><ele>683</ele></trkpt>
   <trkpt lat="47.454725" lon="12.158162"><ele>686</ele></trkpt>
   <trkpt lat="47.454913" lon="12.158448"><ele>689.5</ele></trkpt>
   <trkpt lat="47.455022" lon="12.158537"><ele>690.5</ele></trkpt>
   <trkpt lat="47.455136" lon="12.158582"><ele>692</ele></trkpt>
   <trkpt lat="47.455258" lon="12.158606"><ele>693.5</ele></trkpt>
   <trkpt lat="47.455429" lon="12.158573"><ele>694.75</ele></trkpt>
   <trkpt lat="47.456031" lon="12.158305"><ele>699.25</ele></trkpt>
   <trkpt lat="47.456199" lon="12.158249"><ele>700.75</ele></trkpt>
   <trkpt lat="47.456373" lon="12.158216"><ele>703.25</ele></trkpt>
   <trkpt lat="47.456562" lon="12.158238"><ele>704.75</ele></trkpt>
   <trkpt lat="47.456862" lon="12.158382"><ele>710.25</ele></trkpt>
   <trkpt lat="47.457214" lon="12.158671"><ele>717</ele></trkpt>
   <trkpt lat="47.457318" lon="12.158784"><ele>720</ele></trkpt>
   <trkpt lat="47.457385" lon="12.158826"><ele>720</ele></trkpt>
   <trkpt lat="47.457448" lon="12.158795"><ele>719.25</ele></trkpt>
   <trkpt lat="47.457468" lon="12.158777"><ele>719.25</ele></trkpt>
   <trkpt lat="47.457498" lon="12.158717"><ele>719.75</ele></trkpt>
   <trkpt lat="47.457512" lon="12.158598"><ele>721.75</ele></trkpt>
   <trkpt lat="47.457514" lon="12.1584"><ele>723.25</ele></trkpt>
   <trkpt lat="47.457478" lon="12.158123"><ele>725</ele></trkpt>
   <trkpt lat="47.457406" lon="12.157876"><ele>728.25</ele></trkpt>
   <trkpt lat="47.45732" lon="12.157662"><ele>728.5</ele></trkpt>
   <trkpt lat="47.45728" lon="12.157397"><ele>730.25</ele></trkpt>
   <trkpt lat="47.45729" lon="12.157185"><ele>732.25</ele></trkpt>
   <trkpt lat="47.457351" lon="12.157086"><ele>735</ele></trkpt>
   <trkpt lat="47.457438" lon="12.157014"><ele>737</ele></trkpt>
   <trkpt lat="47.459157" lon="12.15667"><ele>754.75</ele></trkpt>
   <trkpt lat="47.45938" lon="12.156684"><ele>756.5</ele></trkpt>
   <trkpt lat="47.459666" lon="12.156643"><ele>758.25</ele></trkpt>
   <trkpt lat="47.459908" lon="12.156554"><ele>759.25</ele></trkpt>
   <trkpt lat="47.460141" lon="12.156418"><ele>758.75</ele></trkpt>
   <trkpt lat="47.460259" lon="12.156302"><ele>757.75</ele></trkpt>
   <trkpt lat="47.460696" lon="12.155696"><ele>756.5</ele></trkpt>
   <trkpt lat="47.460755" lon="12.155632"><ele>756</ele></trkpt>
   <trkpt lat="47.460865" lon="12.155533"><ele>754.75</ele></trkpt>
   <trkpt lat="47.461261" lon="12.155226"><ele>752.75</ele></trkpt>
   <trkpt lat="47.461468" lon="12.155109"><ele>752.5</ele></trkpt>
   <trkpt lat="47.461603" lon="12.155046"><ele>752.25</ele></trkpt>
   <trkpt lat="47.461813" lon="12.155001"><ele>752</ele></trkpt>
   <trkpt lat="47.461894" lon="12.155001"><ele>752</ele></trkpt>
   <trkpt lat="47.462128" lon="12.155095"><ele>752.25</ele></trkpt>
   <trkpt lat="47.46234" lon="12.1553"><ele>755.25</ele></trkpt>
   <trkpt lat="47.462375" lon="12.155302"><ele>755.25</ele></trkpt>
   <trkpt lat="47.462406" lon="12.155286"><ele>755</ele></trkpt>
   <trkpt lat="47.462428" lon="12.155238"><ele>754.5</ele></trkpt>
   <trkpt lat="47.462439" lon="12.155154"><ele>754</ele></trkpt>
   <trkpt lat="47.462443" lon="12.155086"><ele>753.5</ele></trkpt>
   <trkpt lat="47.462421" lon="12.154727"><ele>746.25</ele></trkpt>
   <trkpt lat="47.462493" lon="12.154265"><ele>742</ele></trkpt>
   <trkpt lat="47.462508" lon="12.153675"><ele>737.75</ele></trkpt>
   <trkpt lat="47.462546" lon="12.153142"><ele>736.5</ele></trkpt>
   <trkpt lat="47.4626" lon="12.152666"><ele>734</ele></trkpt>
   <trkpt lat="47.462699" lon="12.152367"><ele>733</ele></trkpt>
   <trkpt lat="47.46278" lon="12.152194"><ele>732.75</ele></trkpt>
   <trkpt lat="47.462913" lon="12.152"><ele>731</ele></trkpt>
   <trkpt lat="47.463444" lon="12.151284"><ele>723</ele></trkpt>
   <trkpt lat="47.463618" lon="12.151067"><ele>720.5</ele></trkpt>
   <trkpt lat="47.463698" lon="12.151098"><ele>720.5</ele></trkpt>
   <trkpt lat="47.463824" lon="12.151102"><ele>720</ele></trkpt>
   <trkpt lat="47.464092" lon="12.150895"><ele>718</ele></trkpt>
   <trkpt lat="47.464464" lon="12.15064"><ele>714.75</ele></trkpt>
   <trkpt lat="47.46484" lon="12.150345"><ele>714.25</ele></trkpt>
   <trkpt lat="47.465312" lon="12.149866"><ele>712.75</ele></trkpt>
   <trkpt lat="47.465426" lon="12.149785"><ele>712.25</ele></trkpt>
   <trkpt lat="47.465741" lon="12.149635"><ele>712</ele></trkpt>
   <trkpt lat="47.46595" lon="12.149472"><ele>711.25</ele></trkpt>
   <trkpt lat="47.466492" lon="12.149062"><ele>709.75</ele></trkpt>
   <trkpt lat="47.467295" lon="12.148515"><ele>710</ele></trkpt>
   <trkpt lat="47.467514" lon="12.148332"><ele>709</ele></trkpt>
   <trkpt lat="47.467731" lon="12.148116"><ele>709.25</ele></trkpt>
   <trkpt lat="47.468461" lon="12.147445"><ele>707.25</ele></trkpt>
   <trkpt lat="47.468508" lon="12.147421"><ele>707.25</ele></trkpt>
   <trkpt lat="47.468548" lon="12.147418"><ele>707.25</ele></trkpt>
   <trkpt lat="47.468782" lon="12.147474"><ele>707.75</ele></trkpt>
   <trkpt lat="47.46889" lon="12.147469"><ele>707.75</ele></trkpt>
   <trkpt lat="47.469009" lon="12.14744"><ele>708</ele></trkpt>
   <trkpt lat="47.469201" lon="12.147373"><ele>708</ele></trkpt>
   <trkpt lat="47.469507" lon="12.14724"><ele>707.25</ele></trkpt>
   <trkpt lat="47.46961" lon="12.147171"><ele>707.25</ele></trkpt>
   <trkpt lat="47.469752" lon="12.147059"><ele>706.75</ele></trkpt>
   <trkpt lat="47.469952" lon="12.14648"><ele>704.5</ele></trkpt>
   <trkpt lat="47.470489" lon="12.144925"><ele>704</ele></trkpt>
   <trkpt lat="47.470543" lon="12.144718"><ele>704</ele></trkpt>
   <trkpt lat="47.470561" lon="12.144616"><ele>704</ele></trkpt>
   <trkpt lat="47.470572" lon="12.144498"><ele>704</ele></trkpt>
   <trkpt lat="47.470572" lon="12.14434"><ele>703.5</ele></trkpt>
   <trkpt lat="47.47056" lon="12.144145"><ele>702.75</ele></trkpt>
   <trkpt lat="47.470512" lon="12.143858"><ele>702.75</ele></trkpt>
   <trkpt lat="47.470492" lon="12.143837"><ele>702.75</ele></trkpt>
   <trkpt lat="47.470473" lon="12.143801"><ele>702.5</ele></trkpt>
   <trkpt lat="47.47038" lon="12.143596"><ele>701.75</ele></trkpt>
   <trkpt lat="47.47036" lon="12.143568"><ele>701.5</ele></trkpt>
   <trkpt lat="47.470324" lon="12.143544"><ele>701.5</ele></trkpt>
   <trkpt lat="47.470267" lon="12.143374"><ele>701</ele></trkpt>
   <trkpt lat="47.47025" lon="12.143342"><ele>701</ele></trkpt>
   <trkpt lat="47.470191" lon="12.143278"><ele>701</ele></trkpt>
   <trkpt lat="47.470105" lon="12.143289"><ele>700.75</ele></trkpt>
   <trkpt lat="47.470065" lon="12.143176"><ele>700.5</ele></trkpt>
   <trkpt lat="47.470045" lon="12.142983"><ele>700</ele></trkpt>
   <trkpt lat="47.470089" lon="12.142633"><ele>698.5</ele></trkpt>
   <trkpt lat="47.470107" lon="12.142575"><ele>698.25</ele></trkpt>
   <trkpt lat="47.470179" lon="12.142464"><ele>699.25</ele></trkpt>
   <trkpt lat="47.470254" lon="12.142235"><ele>701</ele></trkpt>
   <trkpt lat="47.470328" lon="12.141928"><ele>699.75</ele></trkpt>
   <trkpt lat="47.470333" lon="12.141737"><ele>698</ele></trkpt>
   <trkpt lat="47.470329" lon="12.141535"><ele>696.5</ele></trkpt>
   <trkpt lat="47.470213" lon="12.141534"><ele>696.5</ele></trkpt>
   <trkpt lat="47.470178" lon="12.141552"><ele>695.5</ele></trkpt>
   <trkpt lat="47.470153" lon="12.141578"><ele>694.75</ele></trkpt>
   <trkpt lat="47.470122" lon="12.141635"><ele>693.75</ele></trkpt>
   <trkpt lat="47.470082" lon="12.14162"><ele>692.5</ele></trkpt>
   <trkpt lat="47.470064" lon="12.141594"><ele>692</ele></trkpt>
   <trkpt lat="47.47001" lon="12.141434"><ele>691</ele></trkpt>
   <trkpt lat="47.470004" lon="12.141312"><ele>688.5</ele></trkpt>
   <trkpt lat="47.470025" lon="12.141245"><ele>686.5</ele></trkpt>
   <trkpt lat="47.470066" lon="12.14121"><ele>685.75</ele></trkpt>
   <trkpt lat="47.47014" lon="12.14121"><ele>686.25</ele></trkpt>
   <trkpt lat="47.470231" lon="12.141227"><ele>688</ele></trkpt>
   <trkpt lat="47.470309" lon="12.141218"><ele>687.75</ele></trkpt>
   <trkpt lat="47.470353" lon="12.141203"><ele>687</ele></trkpt>
   <trkpt lat="47.470368" lon="12.141188"><ele>686.25</ele></trkpt>
   <trkpt lat="47.470373" lon="12.141151"><ele>685</ele></trkpt>
   <trkpt lat="47.470338" lon="12.140991"><ele>684.5</ele></trkpt>
   <trkpt lat="47.470287" lon="12.140811"><ele>684.75</ele></trkpt>
   <trkpt lat="47.470242" lon="12.140702"><ele>682.25</ele></trkpt>
   <trkpt lat="47.470249" lon="12.140679"><ele>682.25</ele></trkpt>
   <trkpt lat="47.470263" lon="12.140671"><ele>682.75</ele></trkpt>
   <trkpt lat="47.470385" lon="12.140634"><ele>685.75</ele></trkpt>
   <trkpt lat="47.470483" lon="12.140578"><ele>688</ele></trkpt>
   <trkpt lat="47.47058" lon="12.140462"><ele>689.5</ele></trkpt>
   <trkpt lat="47.470602" lon="12.140417"><ele>689</ele></trkpt>
   <trkpt lat="47.47058" lon="12.140462"><ele>689.5</ele></trkpt>
   <trkpt lat="47.470483" lon="12.140578"><ele>688</ele></trkpt>
   <trkpt lat="47.470385" lon="12.140634"><ele>685.75</ele></trkpt>
   <trkpt lat="47.470263" lon="12.140671"><ele>682.75</ele></trkpt>
   <trkpt lat="47.470249" lon="12.140679"><ele>682.25</ele></trkpt>
   <trkpt lat="47.470242" lon="12.140702"><ele>682.25</ele></trkpt>
   <trkpt lat="47.470287" lon="12.140811"><ele>684.75</ele></trkpt>
   <trkpt lat="47.470338" lon="12.140991"><ele>684.5</ele></trkpt>
   <trkpt lat="47.470373" lon="12.141151"><ele>685</ele></trkpt>
   <trkpt lat="47.470368" lon="12.141188"><ele>686.25</ele></trkpt>
   <trkpt lat="47.470353" lon="12.141203"><ele>687</ele></trkpt>
   <trkpt lat="47.470309" lon="12.141218"><ele>687.75</ele></trkpt>
   <trkpt lat="47.470231" lon="12.141227"><ele>688</ele></trkpt>
   <trkpt lat="47.47014" lon="12.14121"><ele>686.25</ele></trkpt>
   <trkpt lat="47.470066" lon="12.14121"><ele>685.75</ele></trkpt>
   <trkpt lat="47.470025" lon="12.141245"><ele>686.5</ele></trkpt>
   <trkpt lat="47.470004" lon="12.141312"><ele>688.5</ele></trkpt>
   <trkpt lat="47.47001" lon="12.141434"><ele>691</ele></trkpt>
   <trkpt lat="47.470064" lon="12.141594"><ele>692</ele></trkpt>
   <trkpt lat="47.470082" lon="12.14162"><ele>692.5</ele></trkpt>
   <trkpt lat="47.470122" lon="12.141635"><ele>693.75</ele></trkpt>
   <trkpt lat="47.470153" lon="12.141578"><ele>694.75</ele></trkpt>
   <trkpt lat="47.470178" lon="12.141552"><ele>695.5</ele></trkpt>
   <trkpt lat="47.470213" lon="12.141534"><ele>696.5</ele></trkpt>
   <trkpt lat="47.470329" lon="12.141535"><ele>696.5</ele></trkpt>
   <trkpt lat="47.470333" lon="12.141737"><ele>698</ele></trkpt>
   <trkpt lat="47.470328" lon="12.141928"><ele>699.75</ele></trkpt>
   <trkpt lat="47.470254" lon="12.142235"><ele>701</ele></trkpt>
   <trkpt lat="47.470179" lon="12.142464"><ele>699.25</ele></trkpt>
   <trkpt lat="47.470107" lon="12.142575"><ele>698.25</ele></trkpt>
   <trkpt lat="47.470089" lon="12.142633"><ele>698.5</ele></trkpt>
   <trkpt lat="47.470045" lon="12.142983"><ele>700</ele></trkpt>
   <trkpt lat="47.470065" lon="12.143176"><ele>700.5</ele></trkpt>
   <trkpt lat="47.470105" lon="12.143289"><ele>700.75</ele></trkpt>
   <trkpt lat="47.470191" lon="12.143278"><ele>701</ele></trkpt>
   <trkpt lat="47.47025" lon="12.143342"><ele>701</ele></trkpt>
   <trkpt lat="47.470267" lon="12.143374"><ele>701</ele></trkpt>
   <trkpt lat="47.470324" lon="12.143544"><ele>701.5</ele></trkpt>
   <trkpt lat="47.47036" lon="12.143568"><ele>701.5</ele></trkpt>
   <trkpt lat="47.47038" lon="12.143596"><ele>701.75</ele></trkpt>
   <trkpt lat="47.470473" lon="12.143801"><ele>702.5</ele></trkpt>
   <trkpt lat="47.470492" lon="12.143837"><ele>702.75</ele></trkpt>
   <trkpt lat="47.470512" lon="12.143858"><ele>702.75</ele></trkpt>
   <trkpt lat="47.470531" lon="12.143864"><ele>702.75</ele></trkpt>
   <trkpt lat="47.470575" lon="12.143847"><ele>702.75</ele></trkpt>
   <trkpt lat="47.470663" lon="12.143752"><ele>702</ele></trkpt>
   <trkpt lat="47.470725" lon="12.143707"><ele>701.5</ele></trkpt>
   <trkpt lat="47.470715" lon="12.143613"><ele>701.25</ele></trkpt>
   <trkpt lat="47.4708" lon="12.143462"><ele>699.25</ele></trkpt>
   <trkpt lat="47.470905" lon="12.143363"><ele>699</ele></trkpt>
   <trkpt lat="47.471243" lon="12.14315"><ele>697.5</ele></trkpt>
   <trkpt lat="47.471446" lon="12.142991"><ele>697.5</ele></trkpt>
   <trkpt lat="47.471672" lon="12.142806"><ele>698</ele></trkpt>
   <trkpt lat="47.471844" lon="12.142634"><ele>694.5</ele></trkpt>
   <trkpt lat="47.471945" lon="12.142567"><ele>695.75</ele></trkpt>
   <trkpt lat="47.472049" lon="12.142537"><ele>695</ele></trkpt>
   <trkpt lat="47.472185" lon="12.142604"><ele>695.25</ele></trkpt>
   <trkpt lat="47.472313" lon="12.142652"><ele>694</ele></trkpt>
   <trkpt lat="47.472335" lon="12.142669"><ele>693.75</ele></trkpt>
   <trkpt lat="47.472578" lon="12.142849"><ele>692.5</ele></trkpt>
   <trkpt lat="47.472757" lon="12.143045"><ele>693.75</ele></trkpt>
   <trkpt lat="47.472962" lon="12.143167"><ele>694.75</ele></trkpt>
   <trkpt lat="47.473111" lon="12.143136"><ele>693.5</ele></trkpt>
   <trkpt lat="47.473189" lon="12.143096"><ele>693.25</ele></trkpt>
   <trkpt lat="47.473274" lon="12.143086"><ele>693.75</ele></trkpt>
   <trkpt lat="47.473495" lon="12.143107"><ele>694.5</ele></trkpt>
   <trkpt lat="47.473604" lon="12.143144"><ele>694.5</ele></trkpt>
   <trkpt lat="47.473696" lon="12.143262"><ele>694.5</ele></trkpt>
   <trkpt lat="47.47378" lon="12.143395"><ele>694.25</ele></trkpt>
   <trkpt lat="47.473853" lon="12.143565"><ele>694</ele></trkpt>
   <trkpt lat="47.473934" lon="12.143726"><ele>694</ele></trkpt>
   <trkpt lat="47.474099" lon="12.14425"><ele>694</ele></trkpt>
   <trkpt lat="47.474226" lon="12.144595"><ele>693.25</ele></trkpt>
   <trkpt lat="47.474266" lon="12.144661"><ele>693.5</ele></trkpt>
   <trkpt lat="47.474592" lon="12.144977"><ele>696</ele></trkpt>
   <trkpt lat="47.474724" lon="12.145323"><ele>697</ele></trkpt>
   <trkpt lat="47.474666" lon="12.145505"><ele>696.5</ele></trkpt>
   <trkpt lat="47.474605" lon="12.145674"><ele>695.75</ele></trkpt>
   <trkpt lat="47.474469" lon="12.146604"><ele>692</ele></trkpt>
   <trkpt lat="47.474402" lon="12.146773"><ele>692</ele></trkpt>
   <trkpt lat="47.474353" lon="12.146884"><ele>692</ele></trkpt>
   <trkpt lat="47.474051" lon="12.147302"><ele>689</ele></trkpt>
   <trkpt lat="47.474122" lon="12.147955"><ele>689.25</ele></trkpt>
   <trkpt lat="47.474109" lon="12.148152"><ele>689.75</ele></trkpt>
   <trkpt lat="47.474046" lon="12.148494"><ele>689.75</ele></trkpt>
   <trkpt lat="47.473815" lon="12.148944"><ele>690.5</ele></trkpt>
   <trkpt lat="47.473785" lon="12.149042"><ele>691.25</ele></trkpt>
   <trkpt lat="47.473786" lon="12.149101"><ele>691.5</ele></trkpt>
   <trkpt lat="47.473786" lon="12.149136"><ele>691.5</ele></trkpt>
   <trkpt lat="47.473814" lon="12.149242"><ele>692</ele></trkpt>
   <trkpt lat="47.473894" lon="12.149404"><ele>692.5</ele></trkpt>
   <trkpt lat="47.474055" lon="12.149675"><ele>692</ele></trkpt>
   <trkpt lat="47.474139" lon="12.149842"><ele>692</ele></trkpt>
   <trkpt lat="47.474264" lon="12.150042"><ele>692.25</ele></trkpt>
   <trkpt lat="47.474439" lon="12.150266"><ele>691.75</ele></trkpt>
   <trkpt lat="47.474831" lon="12.150686"><ele>690.25</ele></trkpt>
   <trkpt lat="47.475002" lon="12.150899"><ele>691.25</ele></trkpt>
   <trkpt lat="47.4751" lon="12.151082"><ele>692.75</ele></trkpt>
   <trkpt lat="47.475283" lon="12.151485"><ele>694.5</ele></trkpt>
   <trkpt lat="47.475328" lon="12.15163"><ele>695</ele></trkpt>
   <trkpt lat="47.475378" lon="12.151745"><ele>695.25</ele></trkpt>
   <trkpt lat="47.475432" lon="12.151829"><ele>695.5</ele></trkpt>
   <trkpt lat="47.475554" lon="12.15197"><ele>696</ele></trkpt>
   <trkpt lat="47.47563" lon="12.152069"><ele>696</ele></trkpt>
   <trkpt lat="47.475716" lon="12.152199"><ele>696</ele></trkpt>
   <trkpt lat="47.475762" lon="12.152296"><ele>695.5</ele></trkpt>
   <trkpt lat="47.475781" lon="12.152366"><ele>695.25</ele></trkpt>
   <trkpt lat="47.475795" lon="12.152449"><ele>694.75</ele></trkpt>
   <trkpt lat="47.475803" lon="12.152667"><ele>694</ele></trkpt>
   <trkpt lat="47.475816" lon="12.152742"><ele>693.5</ele></trkpt>
   <trkpt lat="47.475836" lon="12.152797"><ele>693.25</ele></trkpt>
   <trkpt lat="47.475871" lon="12.152842"><ele>693.75</ele></trkpt>
   <trkpt lat="47.475914" lon="12.152869"><ele>693.75</ele></trkpt>
   <trkpt lat="47.476052" lon="12.152908"><ele>693.25</ele></trkpt>
   <trkpt lat="47.476209" lon="12.152989"><ele>692.5</ele></trkpt>
   <trkpt lat="47.476473" lon="12.153301"><ele>688</ele></trkpt>
   <trkpt lat="47.476652" lon="12.153535"><ele>685</ele></trkpt>
   <trkpt lat="47.476819" lon="12.153824"><ele>682.5</ele></trkpt>
   <trkpt lat="47.477092" lon="12.154386"><ele>680.5</ele></trkpt>
   <trkpt lat="47.477311" lon="12.154711"><ele>681.25</ele></trkpt>
   <trkpt lat="47.477357" lon="12.154793"><ele>681.75</ele></trkpt>
   <trkpt lat="47.477387" lon="12.154861"><ele>682</ele></trkpt>
   <trkpt lat="47.477418" lon="12.154956"><ele>682.75</ele></trkpt>
   <trkpt lat="47.477442" lon="12.155051"><ele>683</ele></trkpt>
   <trkpt lat="47.477479" lon="12.155191"><ele>683.5</ele></trkpt>
   <trkpt lat="47.47757" lon="12.155728"><ele>685.25</ele></trkpt>
   <trkpt lat="47.477588" lon="12.155769"><ele>685</ele></trkpt>
   <trkpt lat="47.47762" lon="12.155835"><ele>685</ele></trkpt>
   <trkpt lat="47.477697" lon="12.155969"><ele>685.5</ele></trkpt>
   <trkpt lat="47.477871" lon="12.156476"><ele>686.5</ele></trkpt>
   <trkpt lat="47.477946" lon="12.156661"><ele>686.75</ele></trkpt>
   <trkpt lat="47.478177" lon="12.157125"><ele>689.75</ele></trkpt>
   <trkpt lat="47.478252" lon="12.157308"><ele>690.5</ele></trkpt>
   <trkpt lat="47.478326" lon="12.157444"><ele>691.75</ele></trkpt>
   <trkpt lat="47.47859" lon="12.157929"><ele>691.25</ele></trkpt>
   <trkpt lat="47.478613" lon="12.157991"><ele>691.5</ele></trkpt>
   <trkpt lat="47.478625" lon="12.158048"><ele>691.75</ele></trkpt>
   <trkpt lat="47.478677" lon="12.15822"><ele>691.5</ele></trkpt>
   <trkpt lat="47.478708" lon="12.158309"><ele>691.5</ele></trkpt>
   <trkpt lat="47.478836" lon="12.15861"><ele>692.25</ele></trkpt>
   <trkpt lat="47.479061" lon="12.158973"><ele>691.75</ele></trkpt>
   <trkpt lat="47.479317" lon="12.159339"><ele>693.25</ele></trkpt>
   <trkpt lat="47.47949" lon="12.159624"><ele>695.5</ele></trkpt>
   <trkpt lat="47.479647" lon="12.159814"><ele>697.5</ele></trkpt>
   <trkpt lat="47.479795" lon="12.159965"><ele>699</ele></trkpt>
   <trkpt lat="47.479883" lon="12.160039"><ele>699</ele></trkpt>
   <trkpt lat="47.479977" lon="12.1601"><ele>699</ele></trkpt>
   <trkpt lat="47.48008" lon="12.160149"><ele>699</ele></trkpt>
   <trkpt lat="47.480654" lon="12.160381"><ele>697.75</ele></trkpt>
   <trkpt lat="47.480747" lon="12.160418"><ele>697</ele></trkpt>
   <trkpt lat="47.480811" lon="12.160445"><ele>696.5</ele></trkpt>
   <trkpt lat="47.480884" lon="12.160474"><ele>696.5</ele></trkpt>
   <trkpt lat="47.481331" lon="12.160637"><ele>695.25</ele></trkpt>
   <trkpt lat="47.481596" lon="12.160747"><ele>693.5</ele></trkpt>
   <trkpt lat="47.481903" lon="12.160891"><ele>691.5</ele></trkpt>
   <trkpt lat="47.482066" lon="12.160989"><ele>690.5</ele></trkpt>
   <trkpt lat="47.482298" lon="12.16121"><ele>689.25</ele></trkpt>
   <trkpt lat="47.482512" lon="12.161389"><ele>687.75</ele></trkpt>
   <trkpt lat="47.482618" lon="12.161491"><ele>686.75</ele></trkpt>
   <trkpt lat="47.482725" lon="12.161554"><ele>685.75</ele></trkpt>
   <trkpt lat="47.482911" lon="12.161472"><ele>683</ele></trkpt>
   <trkpt lat="47.483161" lon="12.161383"><ele>679.25</ele></trkpt>
   <trkpt lat="47.483316" lon="12.161291"><ele>677</ele></trkpt>
   <trkpt lat="47.483574" lon="12.161104"><ele>674.25</ele></trkpt>
   <trkpt lat="47.483678" lon="12.161002"><ele>672.5</ele></trkpt>
   <trkpt lat="47.483715" lon="12.160984"><ele>672</ele></trkpt>
   <trkpt lat="47.48375" lon="12.160979"><ele>671.75</ele></trkpt>
   <trkpt lat="47.483828" lon="12.161005"><ele>670.75</ele></trkpt>
   <trkpt lat="47.484001" lon="12.161162"><ele>669.25</ele></trkpt>
   <trkpt lat="47.484049" lon="12.161197"><ele>668.75</ele></trkpt>
   <trkpt lat="47.484193" lon="12.161243"><ele>667.5</ele></trkpt>
   <trkpt lat="47.484281" lon="12.161247"><ele>666.75</ele></trkpt>
   <trkpt lat="47.484402" lon="12.161233"><ele>665.25</ele></trkpt>
   <trkpt lat="47.484444" lon="12.161224"><ele>665</ele></trkpt>
   <trkpt lat="47.484607" lon="12.161149"><ele>663.75</ele></trkpt>
   <trkpt lat="47.484675" lon="12.161111"><ele>663.25</ele></trkpt>
   <trkpt lat="47.484751" lon="12.161078"><ele>662.5</ele></trkpt>
   <trkpt lat="47.484848" lon="12.161057"><ele>661.75</ele></trkpt>
   <trkpt lat="47.485049" lon="12.161035"><ele>659.75</ele></trkpt>
   <trkpt lat="47.485285" lon="12.161007"><ele>657.5</ele></trkpt>
   <trkpt lat="47.485435" lon="12.160966"><ele>656.25</ele></trkpt>
   <trkpt lat="47.48557" lon="12.160912"><ele>655</ele></trkpt>
   <trkpt lat="47.485666" lon="12.160851"><ele>654.25</ele></trkpt>
   <trkpt lat="47.485813" lon="12.160734"><ele>652.25</ele></trkpt>
   <trkpt lat="47.486059" lon="12.160495"><ele>649.75</ele></trkpt>
   <trkpt lat="47.486123" lon="12.160666"><ele>649.75</ele></trkpt>
   <trkpt lat="47.486308" lon="12.161108"><ele>650.5</ele></trkpt>
   <trkpt lat="47.486356" lon="12.161222"><ele>650</ele></trkpt>
   <trkpt lat="47.486459" lon="12.161419"><ele>650</ele></trkpt>
   <trkpt lat="47.486582" lon="12.16167"><ele>650.5</ele></trkpt>
   <trkpt lat="47.48643" lon="12.161855"><ele>652.25</ele></trkpt>
   <trkpt lat="47.486292" lon="12.162009"><ele>654.25</ele></trkpt>
   <trkpt lat="47.486163" lon="12.162148"><ele>656</ele></trkpt>
   <trkpt lat="47.486028" lon="12.162303"><ele>657.75</ele></trkpt>
   <trkpt lat="47.485916" lon="12.162429"><ele>659.75</ele></trkpt>
  </trkseg>
 </trk>
</gpx>