<?xml version="1.0" encoding="UTF-8"?>
<gpx schemaLocation="http://www.topografix.com/GPX/1/1 http://www.topografix.com/GPX/1/1/gpx.xsd" version="1.1" creator="bikerouter.de 2025.49" xmlns="http://www.topografix.com/GPX/1/1" xmlns:xsi="http://www.w3.org/2001/XMLSchema-instance" xsi:schemaLocation="http://www.topografix.com/GPX/1/1 http://www.topografix.com/GPX/1/1/gpx.xsd http://www.garmin.com/xmlschemas/GpxExtensions/v3 http://www.garmin.com/xmlschemas/GpxExtensionsv3.xsd http://www.garmin.com/xmlschemas/TrackPointExtension/v1 http://www.garmin.com/xmlschemas/TrackPointExtensionv1.xsd http://www.garmin.com/xmlschemas/PowerExtension/v1 http://www.garmin.com/xmlschemas/PowerExtensionv1.xsd http://www.topografix.com/GPX/gpx_style/0/2 http://www.topografix.com/GPX/gpx_style/0/2/gpx_style.xsd" xmlns:gpxtpx="http://www.garmin.com/xmlschemas/TrackPointExtension/v1" xmlns:gpxx="http://www.garmin.com/xmlschemas/GpxExtensions/v3" xmlns:gpxpx="http://www.garmin.com/xmlschemas/PowerExtension/v1" xmlns:gpx_style="http://www.topografix.com/GPX/gpx_style/0/2">
  <metadata>
    <name>Kirchbichl_Hinterstein_Bruckhäusl_Kirchbichl</name>
    <author>
      <name>gpx.studio</name>
      <link href="https://gpx.studio"/>
    </author>
  </metadata>
  <wpt lat="47.52557538707728" lon="12.105987139224055">
    <ele>523.0622623411052</ele>
    <name>Kirchbichl</name>
    <type>from</type>
  </wpt>
  <wpt lat="47.542363" lon="12.222902">
    <ele>889.5220373641721</ele>
    <name>Seestüberl Hintersteiner See</name>
    <type>via</type>
  </wpt>
  <wpt lat="47.501572" lon="12.199164">
    <ele>706.0056375319375</ele>
    <name>Ahornsee</name>
    <type>via</type>
  </wpt>
  <wpt lat="47.52557538707728" lon="12.105987139224055">
    <ele>523.479702283417</ele>
    <name>Kirchbichl</name>
    <type>to</type>
  </wpt>
  <trk>
    <name>Kirchbichl_Hinterstein_Bruckhäusl_Kirchbichl</name>
    <link href="https://bikerouter.de/#map=13/47.4971/12.1341/osm-mapnik-german_style&amp;lonlats=12.106048,47.525563;12.222902,47.542363;12.199164,47.501572;12.099402,47.503432;12.105998,47.525557&amp;profile=quaelnix-gravel">
      <text>bikerouter.de</text>
    </link>
    <trkseg>
      <trkpt lat="47.525578" lon="12.105987">
        <ele>519.5</ele>
      </trkpt>
      <trkpt lat="47.525633" lon="12.105998">
        <ele>518.25</ele>
      </trkpt>
      <trkpt lat="47.525754" lon="12.106138">
        <ele>516.25</ele>
      </trkpt>
      <trkpt lat="47.525857" lon="12.106224">
        <ele>515.5</ele>
      </trkpt>
      <trkpt lat="47.526052" lon="12.106468">
        <ele>514.75</ele>
      </trkpt>
      <trkpt lat="47.52618" lon="12.106681">
        <ele>513.5</ele>
      </trkpt>
      <trkpt lat="47.526183" lon="12.106676">
        <ele>513.5</ele>
      </trkpt>
      <trkpt lat="47.526368" lon="12.107029">
        <ele>512.75</ele>
      </trkpt>
      <trkpt lat="47.526468" lon="12.107321">
        <ele>513.5</ele>
      </trkpt>
      <trkpt lat="47.52658" lon="12.107663">
        <ele>513.5</ele>
      </trkpt>
      <trkpt lat="47.526627" lon="12.107757">
        <ele>512.25</ele>
      </trkpt>
      <trkpt lat="47.526672" lon="12.107802">
        <ele>511</ele>
      </trkpt>
      <trkpt lat="47.526717" lon="12.107814">
        <ele>510.25</ele>
      </trkpt>
      <trkpt lat="47.526859" lon="12.107809">
        <ele>507.5</ele>
      </trkpt>
      <trkpt lat="47.526866" lon="12.107608">
        <ele>507.75</ele>
      </trkpt>
      <trkpt lat="47.526886" lon="12.107419">
        <ele>507.75</ele>
      </trkpt>
      <trkpt lat="47.526906" lon="12.107361">
        <ele>507.5</ele>
      </trkpt>
      <trkpt lat="47.526631" lon="12.106682">
        <ele>509.25</ele>
      </trkpt>
      <trkpt lat="47.526676" lon="12.106635">
        <ele>508.75</ele>
      </trkpt>
      <trkpt lat="47.526796" lon="12.106522">
        <ele>507</ele>
      </trkpt>
      <trkpt lat="47.526663" lon="12.106288">
        <ele>508.25</ele>
      </trkpt>
      <trkpt lat="47.526658" lon="12.106238">
        <ele>508</ele>
      </trkpt>
      <trkpt lat="47.526367" lon="12.105769">
        <ele>508.5</ele>
      </trkpt>
      <trkpt lat="47.526419" lon="12.105793">
        <ele>507.75</ele>
      </trkpt>
      <trkpt lat="47.526887" lon="12.106265">
        <ele>501.5</ele>
      </trkpt>
      <trkpt lat="47.526956" lon="12.106369">
        <ele>502</ele>
      </trkpt>
      <trkpt lat="47.527173" lon="12.106831">
        <ele>498.75</ele>
      </trkpt>
      <trkpt lat="47.527275" lon="12.106914">
        <ele>496.5</ele>
      </trkpt>
      <trkpt lat="47.527377" lon="12.10694">
        <ele>495.75</ele>
      </trkpt>
      <trkpt lat="47.527373" lon="12.107065">
        <ele>496</ele>
      </trkpt>
      <trkpt lat="47.527523" lon="12.106916">
        <ele>494.75</ele>
      </trkpt>
      <trkpt lat="47.527598" lon="12.106756">
        <ele>494.25</ele>
      </trkpt>
      <trkpt lat="47.527923" lon="12.106334">
        <ele>492.75</ele>
      </trkpt>
      <trkpt lat="47.52824" lon="12.106013">
        <ele>491.5</ele>
      </trkpt>
      <trkpt lat="47.528537" lon="12.105758">
        <ele>491</ele>
      </trkpt>
      <trkpt lat="47.528892" lon="12.105512">
        <ele>490.75</ele>
      </trkpt>
      <trkpt lat="47.529372" lon="12.105274">
        <ele>490.75</ele>
      </trkpt>
      <trkpt lat="47.530041" lon="12.105035">
        <ele>489.75</ele>
      </trkpt>
      <trkpt lat="47.53047" lon="12.104935">
        <ele>489.25</ele>
      </trkpt>
      <trkpt lat="47.530961" lon="12.104877">
        <ele>489</ele>
      </trkpt>
      <trkpt lat="47.531932" lon="12.104821">
        <ele>489</ele>
      </trkpt>
      <trkpt lat="47.532639" lon="12.104827">
        <ele>488.75</ele>
      </trkpt>
      <trkpt lat="47.533315" lon="12.104862">
        <ele>488.75</ele>
      </trkpt>
      <trkpt lat="47.533845" lon="12.104908">
        <ele>488.75</ele>
      </trkpt>
      <trkpt lat="47.534177" lon="12.104958">
        <ele>489.5</ele>
      </trkpt>
      <trkpt lat="47.535153" lon="12.107234">
        <ele>487.5</ele>
      </trkpt>
      <trkpt lat="47.535244" lon="12.107525">
        <ele>489</ele>
      </trkpt>
      <trkpt lat="47.535388" lon="12.107873">
        <ele>488.5</ele>
      </trkpt>
      <trkpt lat="47.53616" lon="12.109078">
        <ele>488.5</ele>
      </trkpt>
      <trkpt lat="47.536202" lon="12.109166">
        <ele>488.5</ele>
      </trkpt>
      <trkpt lat="47.53624" lon="12.109273">
        <ele>488.5</ele>
      </trkpt>
      <trkpt lat="47.536522" lon="12.109682">
        <ele>488</ele>
      </trkpt>
      <trkpt lat="47.536713" lon="12.109978">
        <ele>488.5</ele>
      </trkpt>
      <trkpt lat="47.536912" lon="12.110256">
        <ele>488.5</ele>
      </trkpt>
      <trkpt lat="47.537938" lon="12.111852">
        <ele>488</ele>
      </trkpt>
      <trkpt lat="47.5385" lon="12.112699">
        <ele>488</ele>
      </trkpt>
      <trkpt lat="47.539417" lon="12.114078">
        <ele>488.5</ele>
      </trkpt>
      <trkpt lat="47.539457" lon="12.114156">
        <ele>488.75</ele>
      </trkpt>
      <trkpt lat="47.539484" lon="12.11427">
        <ele>488.75</ele>
      </trkpt>
      <trkpt lat="47.539481" lon="12.114425">
        <ele>488.75</ele>
      </trkpt>
      <trkpt lat="47.53942" lon="12.114677">
        <ele>488.75</ele>
      </trkpt>
      <trkpt lat="47.539435" lon="12.114825">
        <ele>489</ele>
      </trkpt>
      <trkpt lat="47.53945" lon="12.11491">
        <ele>488.75</ele>
      </trkpt>
      <trkpt lat="47.539485" lon="12.115026">
        <ele>488.75</ele>
      </trkpt>
      <trkpt lat="47.53955" lon="12.11513">
        <ele>488.5</ele>
      </trkpt>
      <trkpt lat="47.539841" lon="12.115476">
        <ele>488.25</ele>
      </trkpt>
      <trkpt lat="47.540002" lon="12.115667">
        <ele>487.75</ele>
      </trkpt>
      <trkpt lat="47.540308" lon="12.115952">
        <ele>488.25</ele>
      </trkpt>
      <trkpt lat="47.540588" lon="12.116196">
        <ele>488</ele>
      </trkpt>
      <trkpt lat="47.540978" lon="12.116505">
        <ele>488.25</ele>
      </trkpt>
      <trkpt lat="47.54139" lon="12.116867">
        <ele>487.75</ele>
      </trkpt>
      <trkpt lat="47.541737" lon="12.117137">
        <ele>487.75</ele>
      </trkpt>
      <trkpt lat="47.542238" lon="12.117556">
        <ele>488.5</ele>
      </trkpt>
      <trkpt lat="47.543728" lon="12.118756">
        <ele>487.75</ele>
      </trkpt>
      <trkpt lat="47.544529" lon="12.119196">
        <ele>487.75</ele>
      </trkpt>
      <trkpt lat="47.545065" lon="12.119515">
        <ele>488</ele>
      </trkpt>
      <trkpt lat="47.545136" lon="12.119633">
        <ele>487.25</ele>
      </trkpt>
      <trkpt lat="47.545198" lon="12.11982">
        <ele>487.25</ele>
      </trkpt>
      <trkpt lat="47.545271" lon="12.120008">
        <ele>487.75</ele>
      </trkpt>
      <trkpt lat="47.545416" lon="12.120139">
        <ele>487.75</ele>
      </trkpt>
      <trkpt lat="47.546555" lon="12.120959">
        <ele>487.5</ele>
      </trkpt>
      <trkpt lat="47.547295" lon="12.121461">
        <ele>487.75</ele>
      </trkpt>
      <trkpt lat="47.547247" lon="12.121668">
        <ele>487.75</ele>
      </trkpt>
      <trkpt lat="47.547176" lon="12.121898">
        <ele>488.25</ele>
      </trkpt>
      <trkpt lat="47.547155" lon="12.12195">
        <ele>488.5</ele>
      </trkpt>
      <trkpt lat="47.547126" lon="12.121999">
        <ele>489</ele>
      </trkpt>
      <trkpt lat="47.547029" lon="12.122105">
        <ele>490.75</ele>
      </trkpt>
      <trkpt lat="47.546947" lon="12.122167">
        <ele>492.5</ele>
      </trkpt>
      <trkpt lat="47.546907" lon="12.122235">
        <ele>492.75</ele>
      </trkpt>
      <trkpt lat="47.546876" lon="12.122323">
        <ele>493.25</ele>
      </trkpt>
      <trkpt lat="47.546862" lon="12.122426">
        <ele>494</ele>
      </trkpt>
      <trkpt lat="47.546857" lon="12.122513">
        <ele>494.75</ele>
      </trkpt>
      <trkpt lat="47.546861" lon="12.123099">
        <ele>500.5</ele>
      </trkpt>
      <trkpt lat="47.546863" lon="12.123218">
        <ele>502</ele>
      </trkpt>
      <trkpt lat="47.546886" lon="12.123446">
        <ele>504.75</ele>
      </trkpt>
      <trkpt lat="47.54691" lon="12.123556">
        <ele>505.75</ele>
      </trkpt>
      <trkpt lat="47.546947" lon="12.123668">
        <ele>507</ele>
      </trkpt>
      <trkpt lat="47.546996" lon="12.123737">
        <ele>507.25</ele>
      </trkpt>
      <trkpt lat="47.547056" lon="12.123811">
        <ele>507.75</ele>
      </trkpt>
      <trkpt lat="47.547081" lon="12.123867">
        <ele>507.75</ele>
      </trkpt>
      <trkpt lat="47.547098" lon="12.123941">
        <ele>508.5</ele>
      </trkpt>
      <trkpt lat="47.5471" lon="12.12406">
        <ele>509.25</ele>
      </trkpt>
      <trkpt lat="47.547094" lon="12.124156">
        <ele>510</ele>
      </trkpt>
      <trkpt lat="47.547026" lon="12.124496">
        <ele>512.25</ele>
      </trkpt>
      <trkpt lat="47.546958" lon="12.124802">
        <ele>514.25</ele>
      </trkpt>
      <trkpt lat="47.54694" lon="12.124927">
        <ele>514.5</ele>
      </trkpt>
      <trkpt lat="47.546903" lon="12.125305">
        <ele>515.5</ele>
      </trkpt>
      <trkpt lat="47.546882" lon="12.125398">
        <ele>516.25</ele>
      </trkpt>
      <trkpt lat="47.546831" lon="12.125509">
        <ele>517</ele>
      </trkpt>
      <trkpt lat="47.546762" lon="12.125591">
        <ele>517.75</ele>
      </trkpt>
      <trkpt lat="47.546665" lon="12.125661">
        <ele>518</ele>
      </trkpt>
      <trkpt lat="47.546619" lon="12.125711">
        <ele>518.75</ele>
      </trkpt>
      <trkpt lat="47.546585" lon="12.125791">
        <ele>519.75</ele>
      </trkpt>
      <trkpt lat="47.546575" lon="12.125832">
        <ele>520.25</ele>
      </trkpt>
      <trkpt lat="47.546574" lon="12.125878">
        <ele>521</ele>
      </trkpt>
      <trkpt lat="47.546605" lon="12.125993">
        <ele>522.75</ele>
      </trkpt>
      <trkpt lat="47.546716" lon="12.12623">
        <ele>526.5</ele>
      </trkpt>
      <trkpt lat="47.546767" lon="12.126358">
        <ele>529</ele>
      </trkpt>
      <trkpt lat="47.546801" lon="12.126466">
        <ele>530.75</ele>
      </trkpt>
      <trkpt lat="47.54688" lon="12.126853">
        <ele>535.75</ele>
      </trkpt>
      <trkpt lat="47.546911" lon="12.127106">
        <ele>538.5</ele>
      </trkpt>
      <trkpt lat="47.547061" lon="12.127716">
        <ele>547.25</ele>
      </trkpt>
      <trkpt lat="47.547148" lon="12.12792">
        <ele>549.25</ele>
      </trkpt>
      <trkpt lat="47.547281" lon="12.128125">
        <ele>552</ele>
      </trkpt>
      <trkpt lat="47.547509" lon="12.128396">
        <ele>556.25</ele>
      </trkpt>
      <trkpt lat="47.547631" lon="12.128558">
        <ele>560</ele>
      </trkpt>
      <trkpt lat="47.547806" lon="12.128859">
        <ele>562.5</ele>
      </trkpt>
      <trkpt lat="47.547961" lon="12.129224">
        <ele>565.25</ele>
      </trkpt>
      <trkpt lat="47.548078" lon="12.129629">
        <ele>566.75</ele>
      </trkpt>
      <trkpt lat="47.548101" lon="12.12974">
        <ele>567.75</ele>
      </trkpt>
      <trkpt lat="47.548138" lon="12.130039">
        <ele>570.5</ele>
      </trkpt>
      <trkpt lat="47.548147" lon="12.130317">
        <ele>571.5</ele>
      </trkpt>
      <trkpt lat="47.548136" lon="12.130456">
        <ele>572.25</ele>
      </trkpt>
      <trkpt lat="47.548102" lon="12.130587">
        <ele>573.25</ele>
      </trkpt>
      <trkpt lat="47.548059" lon="12.130691">
        <ele>574.25</ele>
      </trkpt>
      <trkpt lat="47.547974" lon="12.130788">
        <ele>576.5</ele>
      </trkpt>
      <trkpt lat="47.547847" lon="12.130873">
        <ele>578.5</ele>
      </trkpt>
      <trkpt lat="47.547581" lon="12.130998">
        <ele>582</ele>
      </trkpt>
      <trkpt lat="47.547501" lon="12.131047">
        <ele>582.75</ele>
      </trkpt>
      <trkpt lat="47.547395" lon="12.13114">
        <ele>583.75</ele>
      </trkpt>
      <trkpt lat="47.54726" lon="12.131304">
        <ele>585.5</ele>
      </trkpt>
      <trkpt lat="47.547184" lon="12.131439">
        <ele>586.25</ele>
      </trkpt>
      <trkpt lat="47.547106" lon="12.131644">
        <ele>588</ele>
      </trkpt>
      <trkpt lat="47.546413" lon="12.132743">
        <ele>597.75</ele>
      </trkpt>
      <trkpt lat="47.546342" lon="12.132847">
        <ele>598</ele>
      </trkpt>
      <trkpt lat="47.546183" lon="12.132999">
        <ele>599.25</ele>
      </trkpt>
      <trkpt lat="47.546129" lon="12.133081">
        <ele>599.75</ele>
      </trkpt>
      <trkpt lat="47.546113" lon="12.133128">
        <ele>600</ele>
      </trkpt>
      <trkpt lat="47.546127" lon="12.133221">
        <ele>600.25</ele>
      </trkpt>
      <trkpt lat="47.546187" lon="12.133347">
        <ele>600.5</ele>
      </trkpt>
      <trkpt lat="47.546321" lon="12.133516">
        <ele>600.75</ele>
      </trkpt>
      <trkpt lat="47.546428" lon="12.133737">
        <ele>601.75</ele>
      </trkpt>
      <trkpt lat="47.546513" lon="12.134064">
        <ele>604</ele>
      </trkpt>
      <trkpt lat="47.546539" lon="12.134223">
        <ele>605</ele>
      </trkpt>
      <trkpt lat="47.546601" lon="12.134606">
        <ele>606</ele>
      </trkpt>
      <trkpt lat="47.546698" lon="12.135061">
        <ele>605</ele>
      </trkpt>
      <trkpt lat="47.546794" lon="12.135486">
        <ele>604.25</ele>
      </trkpt>
      <trkpt lat="47.546906" lon="12.136054">
        <ele>600.5</ele>
      </trkpt>
      <trkpt lat="47.546927" lon="12.13625">
        <ele>598.5</ele>
      </trkpt>
      <trkpt lat="47.546943" lon="12.136709">
        <ele>594.5</ele>
      </trkpt>
      <trkpt lat="47.546954" lon="12.136862">
        <ele>592.75</ele>
      </trkpt>
      <trkpt lat="47.546969" lon="12.136949">
        <ele>592</ele>
      </trkpt>
      <trkpt lat="47.546997" lon="12.137031">
        <ele>591.75</ele>
      </trkpt>
      <trkpt lat="47.547055" lon="12.13715">
        <ele>590.5</ele>
      </trkpt>
      <trkpt lat="47.547247" lon="12.137446">
        <ele>585.25</ele>
      </trkpt>
      <trkpt lat="47.547327" lon="12.137625">
        <ele>583.5</ele>
      </trkpt>
      <trkpt lat="47.547367" lon="12.137774">
        <ele>581.75</ele>
      </trkpt>
      <trkpt lat="47.547388" lon="12.13789">
        <ele>580.75</ele>
      </trkpt>
      <trkpt lat="47.547408" lon="12.13811">
        <ele>579</ele>
      </trkpt>
      <trkpt lat="47.5474" lon="12.138233">
        <ele>578</ele>
      </trkpt>
      <trkpt lat="47.547375" lon="12.138505">
        <ele>575.5</ele>
      </trkpt>
      <trkpt lat="47.54734" lon="12.138725">
        <ele>574</ele>
      </trkpt>
      <trkpt lat="47.547323" lon="12.13877">
        <ele>573.75</ele>
      </trkpt>
      <trkpt lat="47.547294" lon="12.138852">
        <ele>573.25</ele>
      </trkpt>
      <trkpt lat="47.547372" lon="12.138866">
        <ele>573.5</ele>
      </trkpt>
      <trkpt lat="47.547449" lon="12.138892">
        <ele>573.75</ele>
      </trkpt>
      <trkpt lat="47.547547" lon="12.138949">
        <ele>573.5</ele>
      </trkpt>
      <trkpt lat="47.547472" lon="12.139078">
        <ele>572.5</ele>
      </trkpt>
      <trkpt lat="47.547361" lon="12.139307">
        <ele>571</ele>
      </trkpt>
      <trkpt lat="47.547306" lon="12.139511">
        <ele>569.75</ele>
      </trkpt>
      <trkpt lat="47.547256" lon="12.139675">
        <ele>569.25</ele>
      </trkpt>
      <trkpt lat="47.547201" lon="12.139809">
        <ele>568.75</ele>
      </trkpt>
      <trkpt lat="47.547092" lon="12.140032">
        <ele>568.25</ele>
      </trkpt>
      <trkpt lat="47.547077" lon="12.140097">
        <ele>568</ele>
      </trkpt>
      <trkpt lat="47.547049" lon="12.140221">
        <ele>567.75</ele>
      </trkpt>
      <trkpt lat="47.547022" lon="12.140297">
        <ele>567.5</ele>
      </trkpt>
      <trkpt lat="47.546996" lon="12.140355">
        <ele>567.5</ele>
      </trkpt>
      <trkpt lat="47.546959" lon="12.14041">
        <ele>567.25</ele>
      </trkpt>
      <trkpt lat="47.54691" lon="12.140449">
        <ele>567.25</ele>
      </trkpt>
      <trkpt lat="47.546659" lon="12.140611">
        <ele>567.75</ele>
      </trkpt>
      <trkpt lat="47.546631" lon="12.140558">
        <ele>568</ele>
      </trkpt>
      <trkpt lat="47.546598" lon="12.140531">
        <ele>568.25</ele>
      </trkpt>
      <trkpt lat="47.546565" lon="12.140523">
        <ele>568.25</ele>
      </trkpt>
      <trkpt lat="47.546517" lon="12.14053">
        <ele>568.5</ele>
      </trkpt>
      <trkpt lat="47.54643" lon="12.140577">
        <ele>568.75</ele>
      </trkpt>
      <trkpt lat="47.546121" lon="12.140659">
        <ele>568.75</ele>
      </trkpt>
      <trkpt lat="47.546091" lon="12.140673">
        <ele>569</ele>
      </trkpt>
      <trkpt lat="47.545935" lon="12.140814">
        <ele>569</ele>
      </trkpt>
      <trkpt lat="47.545069" lon="12.141634">
        <ele>567.75</ele>
      </trkpt>
      <trkpt lat="47.545094" lon="12.14171">
        <ele>567.5</ele>
      </trkpt>
      <trkpt lat="47.545336" lon="12.142312">
        <ele>565.25</ele>
      </trkpt>
      <trkpt lat="47.545565" lon="12.142851">
        <ele>562.75</ele>
      </trkpt>
      <trkpt lat="47.545677" lon="12.142938">
        <ele>562.5</ele>
      </trkpt>
      <trkpt lat="47.54575" lon="12.142973">
        <ele>562.25</ele>
      </trkpt>
      <trkpt lat="47.545957" lon="12.143033">
        <ele>562</ele>
      </trkpt>
      <trkpt lat="47.546265" lon="12.143566">
        <ele>561.75</ele>
      </trkpt>
      <trkpt lat="47.546412" lon="12.143856">
        <ele>563.25</ele>
      </trkpt>
      <trkpt lat="47.546508" lon="12.14439">
        <ele>566.25</ele>
      </trkpt>
      <trkpt lat="47.546608" lon="12.145002">
        <ele>566.75</ele>
      </trkpt>
      <trkpt lat="47.546694" lon="12.145174">
        <ele>567</ele>
      </trkpt>
      <trkpt lat="47.546827" lon="12.14533">
        <ele>567</ele>
      </trkpt>
      <trkpt lat="47.546934" lon="12.145514">
        <ele>566.75</ele>
      </trkpt>
      <trkpt lat="47.547357" lon="12.146138">
        <ele>567</ele>
      </trkpt>
      <trkpt lat="47.547391" lon="12.146249">
        <ele>567.25</ele>
      </trkpt>
      <trkpt lat="47.547461" lon="12.146562">
        <ele>567.75</ele>
      </trkpt>
      <trkpt lat="47.547648" lon="12.146951">
        <ele>568.75</ele>
      </trkpt>
      <trkpt lat="47.547807" lon="12.14717">
        <ele>569.5</ele>
      </trkpt>
      <trkpt lat="47.548116" lon="12.147649">
        <ele>569.25</ele>
      </trkpt>
      <trkpt lat="47.548249" lon="12.147884">
        <ele>569</ele>
      </trkpt>
      <trkpt lat="47.54845" lon="12.148133">
        <ele>569.25</ele>
      </trkpt>
      <trkpt lat="47.548484" lon="12.148171">
        <ele>569.25</ele>
      </trkpt>
      <trkpt lat="47.548696" lon="12.148407">
        <ele>569.25</ele>
      </trkpt>
      <trkpt lat="47.548731" lon="12.148489">
        <ele>569.25</ele>
      </trkpt>
      <trkpt lat="47.548853" lon="12.148679">
        <ele>568.75</ele>
      </trkpt>
      <trkpt lat="47.54902" lon="12.148904">
        <ele>568.75</ele>
      </trkpt>
      <trkpt lat="47.549187" lon="12.149037">
        <ele>568.75</ele>
      </trkpt>
      <trkpt lat="47.549508" lon="12.149238">
        <ele>567.5</ele>
      </trkpt>
      <trkpt lat="47.549725" lon="12.149408">
        <ele>567</ele>
      </trkpt>
      <trkpt lat="47.549935" lon="12.149558">
        <ele>567.25</ele>
      </trkpt>
      <trkpt lat="47.550482" lon="12.149899">
        <ele>563.75</ele>
      </trkpt>
      <trkpt lat="47.550516" lon="12.149922">
        <ele>563.5</ele>
      </trkpt>
      <trkpt lat="47.550677" lon="12.150029">
        <ele>562.5</ele>
      </trkpt>
      <trkpt lat="47.551082" lon="12.150226">
        <ele>561.75</ele>
      </trkpt>
      <trkpt lat="47.55134" lon="12.150381">
        <ele>561.75</ele>
      </trkpt>
      <trkpt lat="47.551551" lon="12.150541">
        <ele>562.25</ele>
      </trkpt>
      <trkpt lat="47.551636" lon="12.150636">
        <ele>562.25</ele>
      </trkpt>
      <trkpt lat="47.551703" lon="12.150744">
        <ele>562.5</ele>
      </trkpt>
      <trkpt lat="47.551835" lon="12.151032">
        <ele>562.25</ele>
      </trkpt>
      <trkpt lat="47.551956" lon="12.151377">
        <ele>559.75</ele>
      </trkpt>
      <trkpt lat="47.55209" lon="12.151723">
        <ele>558.25</ele>
      </trkpt>
      <trkpt lat="47.55221" lon="12.152174">
        <ele>558</ele>
      </trkpt>
      <trkpt lat="47.552314" lon="12.15242">
        <ele>559.5</ele>
      </trkpt>
      <trkpt lat="47.552492" lon="12.15277">
        <ele>561</ele>
      </trkpt>
      <trkpt lat="47.552677" lon="12.153158">
        <ele>560.75</ele>
      </trkpt>
      <trkpt lat="47.552714" lon="12.153229">
        <ele>560.75</ele>
      </trkpt>
      <trkpt lat="47.552803" lon="12.153508">
        <ele>561</ele>
      </trkpt>
      <trkpt lat="47.552831" lon="12.153692">
        <ele>560.75</ele>
      </trkpt>
      <trkpt lat="47.5529" lon="12.153992">
        <ele>560</ele>
      </trkpt>
      <trkpt lat="47.553059" lon="12.154449">
        <ele>555.75</ele>
      </trkpt>
      <trkpt lat="47.553079" lon="12.154546">
        <ele>554.5</ele>
      </trkpt>
      <trkpt lat="47.553084" lon="12.154631">
        <ele>553.5</ele>
      </trkpt>
      <trkpt lat="47.553076" lon="12.154742">
        <ele>552.25</ele>
      </trkpt>
      <trkpt lat="47.552946" lon="12.155318">
        <ele>548.5</ele>
      </trkpt>
      <trkpt lat="47.552921" lon="12.155508">
        <ele>547</ele>
      </trkpt>
      <trkpt lat="47.552919" lon="12.155589">
        <ele>546</ele>
      </trkpt>
      <trkpt lat="47.55293" lon="12.155652">
        <ele>545</ele>
      </trkpt>
      <trkpt lat="47.552953" lon="12.155709">
        <ele>544</ele>
      </trkpt>
      <trkpt lat="47.553027" lon="12.155819">
        <ele>542.25</ele>
      </trkpt>
      <trkpt lat="47.553116" lon="12.155924">
        <ele>541.5</ele>
      </trkpt>
      <trkpt lat="47.553254" lon="12.156072">
        <ele>540.5</ele>
      </trkpt>
      <trkpt lat="47.5535" lon="12.156283">
        <ele>536.75</ele>
      </trkpt>
      <trkpt lat="47.553663" lon="12.156485">
        <ele>533</ele>
      </trkpt>
      <trkpt lat="47.553805" lon="12.156625">
        <ele>529.5</ele>
      </trkpt>
      <trkpt lat="47.553869" lon="12.156737">
        <ele>528.75</ele>
      </trkpt>
      <trkpt lat="47.553892" lon="12.156891">
        <ele>529.5</ele>
      </trkpt>
      <trkpt lat="47.553846" lon="12.15708">
        <ele>528</ele>
      </trkpt>
      <trkpt lat="47.553742" lon="12.157582">
        <ele>524.75</ele>
      </trkpt>
      <trkpt lat="47.553689" lon="12.157904">
        <ele>524.25</ele>
      </trkpt>
      <trkpt lat="47.553661" lon="12.158115">
        <ele>524.5</ele>
      </trkpt>
      <trkpt lat="47.553626" lon="12.158431">
        <ele>524.75</ele>
      </trkpt>
      <trkpt lat="47.553568" lon="12.15877">
        <ele>525</ele>
      </trkpt>
      <trkpt lat="47.553527" lon="12.158954">
        <ele>525.25</ele>
      </trkpt>
      <trkpt lat="47.553398" lon="12.159503">
        <ele>526.75</ele>
      </trkpt>
      <trkpt lat="47.553313" lon="12.159981">
        <ele>526</ele>
      </trkpt>
      <trkpt lat="47.5533" lon="12.160052">
        <ele>526</ele>
      </trkpt>
      <trkpt lat="47.553228" lon="12.160319">
        <ele>526</ele>
      </trkpt>
      <trkpt lat="47.553081" lon="12.160677">
        <ele>526.75</ele>
      </trkpt>
      <trkpt lat="47.553006" lon="12.160789">
        <ele>527</ele>
      </trkpt>
      <trkpt lat="47.552997" lon="12.161012">
        <ele>527</ele>
      </trkpt>
      <trkpt lat="47.552963" lon="12.161403">
        <ele>526.5</ele>
      </trkpt>
      <trkpt lat="47.552892" lon="12.161952">
        <ele>526.75</ele>
      </trkpt>
      <trkpt lat="47.552871" lon="12.162146">
        <ele>527.5</ele>
      </trkpt>
      <trkpt lat="47.552764" lon="12.162595">
        <ele>528</ele>
      </trkpt>
      <trkpt lat="47.552527" lon="12.162844">
        <ele>528</ele>
      </trkpt>
      <trkpt lat="47.552234" lon="12.163075">
        <ele>529.5</ele>
      </trkpt>
      <trkpt lat="47.551837" lon="12.163413">
        <ele>530.75</ele>
      </trkpt>
      <trkpt lat="47.551699" lon="12.1636">
        <ele>531.5</ele>
      </trkpt>
      <trkpt lat="47.551542" lon="12.164075">
        <ele>530</ele>
      </trkpt>
      <trkpt lat="47.551411" lon="12.164762">
        <ele>532</ele>
      </trkpt>
      <trkpt lat="47.551295" lon="12.165439">
        <ele>532.75</ele>
      </trkpt>
      <trkpt lat="47.551226" lon="12.165569">
        <ele>533.75</ele>
      </trkpt>
      <trkpt lat="47.551151" lon="12.16566">
        <ele>535.25</ele>
      </trkpt>
      <trkpt lat="47.551067" lon="12.165734">
        <ele>536.25</ele>
      </trkpt>
      <trkpt lat="47.550954" lon="12.165804">
        <ele>536.5</ele>
      </trkpt>
      <trkpt lat="47.550698" lon="12.165917">
        <ele>538.5</ele>
      </trkpt>
      <trkpt lat="47.550506" lon="12.16606">
        <ele>539.25</ele>
      </trkpt>
      <trkpt lat="47.550414" lon="12.166111">
        <ele>540</ele>
      </trkpt>
      <trkpt lat="47.550128" lon="12.166182">
        <ele>544.5</ele>
      </trkpt>
      <trkpt lat="47.549861" lon="12.166341">
        <ele>550.5</ele>
      </trkpt>
      <trkpt lat="47.549447" lon="12.16663">
        <ele>540.25</ele>
      </trkpt>
      <trkpt lat="47.549338" lon="12.166736">
        <ele>539.25</ele>
      </trkpt>
      <trkpt lat="47.549138" lon="12.166964">
        <ele>538</ele>
      </trkpt>
      <trkpt lat="47.549039" lon="12.16711">
        <ele>538.5</ele>
      </trkpt>
      <trkpt lat="47.548922" lon="12.167304">
        <ele>541</ele>
      </trkpt>
      <trkpt lat="47.54879" lon="12.167572">
        <ele>541.75</ele>
      </trkpt>
      <trkpt lat="47.548592" lon="12.167913">
        <ele>544</ele>
      </trkpt>
      <trkpt lat="47.54847" lon="12.168061">
        <ele>545</ele>
      </trkpt>
      <trkpt lat="47.548408" lon="12.168154">
        <ele>545</ele>
      </trkpt>
      <trkpt lat="47.548372" lon="12.168233">
        <ele>545</ele>
      </trkpt>
      <trkpt lat="47.548382" lon="12.168323">
        <ele>545</ele>
      </trkpt>
      <trkpt lat="47.548432" lon="12.168406">
        <ele>544.25</ele>
      </trkpt>
      <trkpt lat="47.548737" lon="12.168512">
        <ele>542.25</ele>
      </trkpt>
      <trkpt lat="47.548913" lon="12.168577">
        <ele>543</ele>
      </trkpt>
      <trkpt lat="47.548962" lon="12.168617">
        <ele>547</ele>
      </trkpt>
      <trkpt lat="47.548967" lon="12.16866">
        <ele>548.75</ele>
      </trkpt>
      <trkpt lat="47.548952" lon="12.168709">
        <ele>549</ele>
      </trkpt>
      <trkpt lat="47.548897" lon="12.168783">
        <ele>547.5</ele>
      </trkpt>
      <trkpt lat="47.548627" lon="12.168938">
        <ele>548.75</ele>
      </trkpt>
      <trkpt lat="47.54848" lon="12.16897">
        <ele>549</ele>
      </trkpt>
      <trkpt lat="47.548396" lon="12.169015">
        <ele>550.75</ele>
      </trkpt>
      <trkpt lat="47.548292" lon="12.169043">
        <ele>552</ele>
      </trkpt>
      <trkpt lat="47.548246" lon="12.169028">
        <ele>551.5</ele>
      </trkpt>
      <trkpt lat="47.548174" lon="12.169023">
        <ele>551.75</ele>
      </trkpt>
      <trkpt lat="47.547573" lon="12.169108">
        <ele>557.75</ele>
      </trkpt>
      <trkpt lat="47.547471" lon="12.169151">
        <ele>558.75</ele>
      </trkpt>
      <trkpt lat="47.547208" lon="12.169415">
        <ele>561.5</ele>
      </trkpt>
      <trkpt lat="47.547108" lon="12.169619">
        <ele>563.25</ele>
      </trkpt>
      <trkpt lat="47.54694" lon="12.169896">
        <ele>564.5</ele>
      </trkpt>
      <trkpt lat="47.546814" lon="12.170355">
        <ele>568.5</ele>
      </trkpt>
      <trkpt lat="47.546639" lon="12.170652">
        <ele>571</ele>
      </trkpt>
      <trkpt lat="47.546566" lon="12.170739">
        <ele>572</ele>
      </trkpt>
      <trkpt lat="47.546509" lon="12.17082">
        <ele>573</ele>
      </trkpt>
      <trkpt lat="47.546498" lon="12.170859">
        <ele>574.25</ele>
      </trkpt>
      <trkpt lat="47.546516" lon="12.170894">
        <ele>575.75</ele>
      </trkpt>
      <trkpt lat="47.546547" lon="12.1709">
        <ele>576.5</ele>
      </trkpt>
      <trkpt lat="47.546586" lon="12.170872">
        <ele>576.5</ele>
      </trkpt>
      <trkpt lat="47.546634" lon="12.17082">
        <ele>575.75</ele>
      </trkpt>
      <trkpt lat="47.546745" lon="12.170662">
        <ele>574.75</ele>
      </trkpt>
      <trkpt lat="47.547085" lon="12.170357">
        <ele>576.5</ele>
      </trkpt>
      <trkpt lat="47.54718" lon="12.170315">
        <ele>577.75</ele>
      </trkpt>
      <trkpt lat="47.547281" lon="12.170217">
        <ele>580.75</ele>
      </trkpt>
      <trkpt lat="47.547451" lon="12.169836">
        <ele>581.25</ele>
      </trkpt>
      <trkpt lat="47.547519" lon="12.169729">
        <ele>581.25</ele>
      </trkpt>
      <trkpt lat="47.547621" lon="12.169726">
        <ele>582.25</ele>
      </trkpt>
      <trkpt lat="47.547734" lon="12.169746">
        <ele>584.25</ele>
      </trkpt>
      <trkpt lat="47.547919" lon="12.169756">
        <ele>587.5</ele>
      </trkpt>
      <trkpt lat="47.548123" lon="12.169756">
        <ele>588.5</ele>
      </trkpt>
      <trkpt lat="47.548199" lon="12.16978">
        <ele>588.25</ele>
      </trkpt>
      <trkpt lat="47.548323" lon="12.169912">
        <ele>591.5</ele>
      </trkpt>
      <trkpt lat="47.548389" lon="12.169939">
        <ele>593</ele>
      </trkpt>
      <trkpt lat="47.548417" lon="12.169969">
        <ele>594.5</ele>
      </trkpt>
      <trkpt lat="47.548419" lon="12.17">
        <ele>595.75</ele>
      </trkpt>
      <trkpt lat="47.548407" lon="12.170023">
        <ele>596.75</ele>
      </trkpt>
      <trkpt lat="47.548377" lon="12.170034">
        <ele>597</ele>
      </trkpt>
      <trkpt lat="47.548321" lon="12.170008">
        <ele>595.5</ele>
      </trkpt>
      <trkpt lat="47.548206" lon="12.169929">
        <ele>594.5</ele>
      </trkpt>
      <trkpt lat="47.548168" lon="12.169892">
        <ele>593.75</ele>
      </trkpt>
      <trkpt lat="47.54802" lon="12.169907">
        <ele>596</ele>
      </trkpt>
      <trkpt lat="47.547896" lon="12.169986">
        <ele>597.5</ele>
      </trkpt>
      <trkpt lat="47.547632" lon="12.170187">
        <ele>599</ele>
      </trkpt>
      <trkpt lat="47.547528" lon="12.170291">
        <ele>600.25</ele>
      </trkpt>
      <trkpt lat="47.547477" lon="12.170395">
        <ele>601.25</ele>
      </trkpt>
      <trkpt lat="47.547428" lon="12.170514">
        <ele>601.5</ele>
      </trkpt>
      <trkpt lat="47.547346" lon="12.170755">
        <ele>601.25</ele>
      </trkpt>
      <trkpt lat="47.547322" lon="12.170852">
        <ele>602.5</ele>
      </trkpt>
      <trkpt lat="47.547275" lon="12.170972">
        <ele>604</ele>
      </trkpt>
      <trkpt lat="47.547214" lon="12.171088">
        <ele>605.75</ele>
      </trkpt>
      <trkpt lat="47.547127" lon="12.171199">
        <ele>606.25</ele>
      </trkpt>
      <trkpt lat="47.547028" lon="12.171308">
        <ele>606.25</ele>
      </trkpt>
      <trkpt lat="47.546957" lon="12.17141">
        <ele>607.25</ele>
      </trkpt>
      <trkpt lat="47.546836" lon="12.171524">
        <ele>609</ele>
      </trkpt>
      <trkpt lat="47.546725" lon="12.171537">
        <ele>607.75</ele>
      </trkpt>
      <trkpt lat="47.546675" lon="12.171569">
        <ele>608.5</ele>
      </trkpt>
      <trkpt lat="47.546498" lon="12.171824">
        <ele>612.5</ele>
      </trkpt>
      <trkpt lat="47.546426" lon="12.171906">
        <ele>612.75</ele>
      </trkpt>
      <trkpt lat="47.546349" lon="12.171967">
        <ele>613.75</ele>
      </trkpt>
      <trkpt lat="47.546292" lon="12.17199">
        <ele>614.5</ele>
      </trkpt>
      <trkpt lat="47.546073" lon="12.172032">
        <ele>615</ele>
      </trkpt>
      <trkpt lat="47.546032" lon="12.172057">
        <ele>615.25</ele>
      </trkpt>
      <trkpt lat="47.545956" lon="12.172169">
        <ele>616.25</ele>
      </trkpt>
      <trkpt lat="47.545979" lon="12.172258">
        <ele>617.5</ele>
      </trkpt>
      <trkpt lat="47.545982" lon="12.172332">
        <ele>618.5</ele>
      </trkpt>
      <trkpt lat="47.545844" lon="12.173054">
        <ele>625.25</ele>
      </trkpt>
      <trkpt lat="47.545697" lon="12.17368">
        <ele>634.25</ele>
      </trkpt>
      <trkpt lat="47.545562" lon="12.174122">
        <ele>642.5</ele>
      </trkpt>
      <trkpt lat="47.545517" lon="12.174345">
        <ele>642.25</ele>
      </trkpt>
      <trkpt lat="47.545511" lon="12.174488">
        <ele>643</ele>
      </trkpt>
      <trkpt lat="47.545364" lon="12.175234">
        <ele>648.75</ele>
      </trkpt>
      <trkpt lat="47.54532" lon="12.175536">
        <ele>654.5</ele>
      </trkpt>
      <trkpt lat="47.545312" lon="12.175728">
        <ele>655.25</ele>
      </trkpt>
      <trkpt lat="47.545318" lon="12.175862">
        <ele>655.25</ele>
      </trkpt>
      <trkpt lat="47.545391" lon="12.176335">
        <ele>656.75</ele>
      </trkpt>
      <trkpt lat="47.545361" lon="12.176709">
        <ele>660</ele>
      </trkpt>
      <trkpt lat="47.545373" lon="12.177019">
        <ele>662</ele>
      </trkpt>
      <trkpt lat="47.545411" lon="12.177286">
        <ele>664.25</ele>
      </trkpt>
      <trkpt lat="47.54551" lon="12.1776">
        <ele>668.25</ele>
      </trkpt>
      <trkpt lat="47.545622" lon="12.177897">
        <ele>669.25</ele>
      </trkpt>
      <trkpt lat="47.545691" lon="12.178067">
        <ele>669.5</ele>
      </trkpt>
      <trkpt lat="47.545748" lon="12.178179">
        <ele>670</ele>
      </trkpt>
      <trkpt lat="47.546048" lon="12.179432">
        <ele>669</ele>
      </trkpt>
      <trkpt lat="47.546076" lon="12.179526">
        <ele>669.75</ele>
      </trkpt>
      <trkpt lat="47.545912" lon="12.179927">
        <ele>670.5</ele>
      </trkpt>
      <trkpt lat="47.545828" lon="12.180159">
        <ele>672</ele>
      </trkpt>
      <trkpt lat="47.545796" lon="12.180322">
        <ele>673</ele>
      </trkpt>
      <trkpt lat="47.545784" lon="12.180548">
        <ele>674</ele>
      </trkpt>
      <trkpt lat="47.545789" lon="12.180706">
        <ele>675.25</ele>
      </trkpt>
      <trkpt lat="47.545806" lon="12.180904">
        <ele>677.5</ele>
      </trkpt>
      <trkpt lat="47.545831" lon="12.181039">
        <ele>679.5</ele>
      </trkpt>
      <trkpt lat="47.545871" lon="12.18116">
        <ele>681.5</ele>
      </trkpt>
      <trkpt lat="47.545938" lon="12.181327">
        <ele>683.5</ele>
      </trkpt>
      <trkpt lat="47.546158" lon="12.181709">
        <ele>684.75</ele>
      </trkpt>
      <trkpt lat="47.546169" lon="12.181822">
        <ele>686</ele>
      </trkpt>
      <trkpt lat="47.546139" lon="12.181874">
        <ele>687</ele>
      </trkpt>
      <trkpt lat="47.546087" lon="12.181884">
        <ele>687.75</ele>
      </trkpt>
      <trkpt lat="47.54603" lon="12.181858">
        <ele>689</ele>
      </trkpt>
      <trkpt lat="47.54575" lon="12.18152">
        <ele>689.75</ele>
      </trkpt>
      <trkpt lat="47.545527" lon="12.181357">
        <ele>692</ele>
      </trkpt>
      <trkpt lat="47.545393" lon="12.181272">
        <ele>693.75</ele>
      </trkpt>
      <trkpt lat="47.545306" lon="12.181195">
        <ele>694.5</ele>
      </trkpt>
      <trkpt lat="47.545248" lon="12.181116">
        <ele>694.75</ele>
      </trkpt>
      <trkpt lat="47.545193" lon="12.181077">
        <ele>695</ele>
      </trkpt>
      <trkpt lat="47.545162" lon="12.181096">
        <ele>696.5</ele>
      </trkpt>
      <trkpt lat="47.545139" lon="12.181144">
        <ele>698</ele>
      </trkpt>
      <trkpt lat="47.545144" lon="12.18122">
        <ele>699.5</ele>
      </trkpt>
      <trkpt lat="47.545196" lon="12.181315">
        <ele>699.75</ele>
      </trkpt>
      <trkpt lat="47.545307" lon="12.18141">
        <ele>698.75</ele>
      </trkpt>
      <trkpt lat="47.545384" lon="12.181522">
        <ele>699.75</ele>
      </trkpt>
      <trkpt lat="47.545497" lon="12.181726">
        <ele>702</ele>
      </trkpt>
      <trkpt lat="47.545709" lon="12.182276">
        <ele>708</ele>
      </trkpt>
      <trkpt lat="47.54586" lon="12.182524">
        <ele>710.25</ele>
      </trkpt>
      <trkpt lat="47.546025" lon="12.182719">
        <ele>712.5</ele>
      </trkpt>
      <trkpt lat="47.54624" lon="12.183183">
        <ele>719.25</ele>
      </trkpt>
      <trkpt lat="47.546332" lon="12.183275">
        <ele>720</ele>
      </trkpt>
      <trkpt lat="47.546473" lon="12.183394">
        <ele>721</ele>
      </trkpt>
      <trkpt lat="47.546585" lon="12.183536">
        <ele>723.5</ele>
      </trkpt>
      <trkpt lat="47.546843" lon="12.184045">
        <ele>732.25</ele>
      </trkpt>
      <trkpt lat="47.547101" lon="12.184105">
        <ele>730.5</ele>
      </trkpt>
      <trkpt lat="47.547143" lon="12.184165">
        <ele>731.75</ele>
      </trkpt>
      <trkpt lat="47.547214" lon="12.184591">
        <ele>737.25</ele>
      </trkpt>
      <trkpt lat="47.547394" lon="12.18512">
        <ele>743.75</ele>
      </trkpt>
      <trkpt lat="47.547546" lon="12.185693">
        <ele>747.75</ele>
      </trkpt>
      <trkpt lat="47.547657" lon="12.186018">
        <ele>750.75</ele>
      </trkpt>
      <trkpt lat="47.547808" lon="12.186112">
        <ele>749</ele>
      </trkpt>
      <trkpt lat="47.547835" lon="12.186169">
        <ele>748.25</ele>
      </trkpt>
      <trkpt lat="47.547847" lon="12.186233">
        <ele>748.5</ele>
      </trkpt>
      <trkpt lat="47.547849" lon="12.18639">
        <ele>751</ele>
      </trkpt>
      <trkpt lat="47.547826" lon="12.186703">
        <ele>754.5</ele>
      </trkpt>
      <trkpt lat="47.547829" lon="12.186885">
        <ele>757</ele>
      </trkpt>
      <trkpt lat="47.547864" lon="12.187056">
        <ele>756.75</ele>
      </trkpt>
      <trkpt lat="47.547865" lon="12.187102">
        <ele>757</ele>
      </trkpt>
      <trkpt lat="47.547858" lon="12.187134">
        <ele>757.5</ele>
      </trkpt>
      <trkpt lat="47.547831" lon="12.187169">
        <ele>759</ele>
      </trkpt>
      <trkpt lat="47.547794" lon="12.187168">
        <ele>761</ele>
      </trkpt>
      <trkpt lat="47.547766" lon="12.187149">
        <ele>762.25</ele>
      </trkpt>
      <trkpt lat="47.547751" lon="12.187097">
        <ele>763</ele>
      </trkpt>
      <trkpt lat="47.547738" lon="12.186722">
        <ele>759.75</ele>
      </trkpt>
      <trkpt lat="47.547683" lon="12.186368">
        <ele>759</ele>
      </trkpt>
      <trkpt lat="47.54764" lon="12.186275">
        <ele>758.5</ele>
      </trkpt>
      <trkpt lat="47.547597" lon="12.186223">
        <ele>759</ele>
      </trkpt>
      <trkpt lat="47.547473" lon="12.186169">
        <ele>761.5</ele>
      </trkpt>
      <trkpt lat="47.547393" lon="12.186152">
        <ele>762.75</ele>
      </trkpt>
      <trkpt lat="47.54733" lon="12.186171">
        <ele>764.25</ele>
      </trkpt>
      <trkpt lat="47.547267" lon="12.186223">
        <ele>765.75</ele>
      </trkpt>
      <trkpt lat="47.547167" lon="12.186442">
        <ele>768</ele>
      </trkpt>
      <trkpt lat="47.547094" lon="12.186646">
        <ele>770.25</ele>
      </trkpt>
      <trkpt lat="47.54708" lon="12.186812">
        <ele>772</ele>
      </trkpt>
      <trkpt lat="47.547225" lon="12.187487">
        <ele>778.75</ele>
      </trkpt>
      <trkpt lat="47.547254" lon="12.187786">
        <ele>781.5</ele>
      </trkpt>
      <trkpt lat="47.547245" lon="12.187926">
        <ele>783</ele>
      </trkpt>
      <trkpt lat="47.547029" lon="12.188438">
        <ele>792.75</ele>
      </trkpt>
      <trkpt lat="47.546951" lon="12.188644">
        <ele>792.5</ele>
      </trkpt>
      <trkpt lat="47.546905" lon="12.188865">
        <ele>796.25</ele>
      </trkpt>
      <trkpt lat="47.546861" lon="12.189157">
        <ele>801.75</ele>
      </trkpt>
      <trkpt lat="47.546839" lon="12.189779">
        <ele>806</ele>
      </trkpt>
      <trkpt lat="47.546787" lon="12.190023">
        <ele>807.25</ele>
      </trkpt>
      <trkpt lat="47.546715" lon="12.190185">
        <ele>809.25</ele>
      </trkpt>
      <trkpt lat="47.546676" lon="12.190433">
        <ele>810</ele>
      </trkpt>
      <trkpt lat="47.546674" lon="12.190621">
        <ele>810.25</ele>
      </trkpt>
      <trkpt lat="47.546759" lon="12.191447">
        <ele>814.75</ele>
      </trkpt>
      <trkpt lat="47.546794" lon="12.191874">
        <ele>817.75</ele>
      </trkpt>
      <trkpt lat="47.546783" lon="12.19204">
        <ele>819.5</ele>
      </trkpt>
      <trkpt lat="47.546768" lon="12.192134">
        <ele>820.5</ele>
      </trkpt>
      <trkpt lat="47.546732" lon="12.192223">
        <ele>822.25</ele>
      </trkpt>
      <trkpt lat="47.54666" lon="12.192705">
        <ele>827</ele>
      </trkpt>
      <trkpt lat="47.546642" lon="12.192783">
        <ele>828</ele>
      </trkpt>
      <trkpt lat="47.546531" lon="12.193083">
        <ele>832</ele>
      </trkpt>
      <trkpt lat="47.546394" lon="12.193633">
        <ele>837.75</ele>
      </trkpt>
      <trkpt lat="47.546363" lon="12.19384">
        <ele>839.5</ele>
      </trkpt>
      <trkpt lat="47.546371" lon="12.194151">
        <ele>843.75</ele>
      </trkpt>
      <trkpt lat="47.546397" lon="12.194513">
        <ele>845</ele>
      </trkpt>
      <trkpt lat="47.546446" lon="12.194792">
        <ele>846.75</ele>
      </trkpt>
      <trkpt lat="47.546756" lon="12.195964">
        <ele>861.5</ele>
      </trkpt>
      <trkpt lat="47.546788" lon="12.196159">
        <ele>863.5</ele>
      </trkpt>
      <trkpt lat="47.54681" lon="12.196477">
        <ele>868.25</ele>
      </trkpt>
      <trkpt lat="47.546814" lon="12.1969">
        <ele>874.25</ele>
      </trkpt>
      <trkpt lat="47.546899" lon="12.197818">
        <ele>883.25</ele>
      </trkpt>
      <trkpt lat="47.546926" lon="12.198276">
        <ele>888.25</ele>
      </trkpt>
      <trkpt lat="47.546962" lon="12.198459">
        <ele>890.25</ele>
      </trkpt>
      <trkpt lat="47.547053" lon="12.198692">
        <ele>895.25</ele>
      </trkpt>
      <trkpt lat="47.547214" lon="12.19876">
        <ele>895.75</ele>
      </trkpt>
      <trkpt lat="47.54731" lon="12.198877">
        <ele>900.5</ele>
      </trkpt>
      <trkpt lat="47.547358" lon="12.199026">
        <ele>904.5</ele>
      </trkpt>
      <trkpt lat="47.547452" lon="12.199412">
        <ele>907</ele>
      </trkpt>
      <trkpt lat="47.547584" lon="12.199696">
        <ele>907.5</ele>
      </trkpt>
      <trkpt lat="47.547636" lon="12.199825">
        <ele>908.25</ele>
      </trkpt>
      <trkpt lat="47.547652" lon="12.199912">
        <ele>908.5</ele>
      </trkpt>
      <trkpt lat="47.547652" lon="12.199993">
        <ele>908.75</ele>
      </trkpt>
      <trkpt lat="47.547634" lon="12.200087">
        <ele>909.75</ele>
      </trkpt>
      <trkpt lat="47.547625" lon="12.200146">
        <ele>910.25</ele>
      </trkpt>
      <trkpt lat="47.547512" lon="12.200468">
        <ele>914.75</ele>
      </trkpt>
      <trkpt lat="47.547515" lon="12.200811">
        <ele>918.25</ele>
      </trkpt>
      <trkpt lat="47.54756" lon="12.201065">
        <ele>920.75</ele>
      </trkpt>
      <trkpt lat="47.547609" lon="12.202142">
        <ele>939</ele>
      </trkpt>
      <trkpt lat="47.547639" lon="12.202187">
        <ele>939</ele>
      </trkpt>
      <trkpt lat="47.547738" lon="12.20222">
        <ele>936.25</ele>
      </trkpt>
      <trkpt lat="47.547857" lon="12.202339">
        <ele>936.75</ele>
      </trkpt>
      <trkpt lat="47.547971" lon="12.202428">
        <ele>937.25</ele>
      </trkpt>
      <trkpt lat="47.548012" lon="12.20249">
        <ele>938.25</ele>
      </trkpt>
      <trkpt lat="47.548028" lon="12.202551">
        <ele>938.75</ele>
      </trkpt>
      <trkpt lat="47.54803" lon="12.202611">
        <ele>939.25</ele>
      </trkpt>
      <trkpt lat="47.548009" lon="12.20281">
        <ele>942.25</ele>
      </trkpt>
      <trkpt lat="47.548021" lon="12.202882">
        <ele>943.5</ele>
      </trkpt>
      <trkpt lat="47.548047" lon="12.202933">
        <ele>944</ele>
      </trkpt>
      <trkpt lat="47.548108" lon="12.20301">
        <ele>945</ele>
      </trkpt>
      <trkpt lat="47.548308" lon="12.203137">
        <ele>945</ele>
      </trkpt>
      <trkpt lat="47.548347" lon="12.203195">
        <ele>944.5</ele>
      </trkpt>
      <trkpt lat="47.548347" lon="12.203261">
        <ele>945.75</ele>
      </trkpt>
      <trkpt lat="47.548322" lon="12.203289">
        <ele>947.5</ele>
      </trkpt>
      <trkpt lat="47.548275" lon="12.203287">
        <ele>949</ele>
      </trkpt>
      <trkpt lat="47.548018" lon="12.203076">
        <ele>949</ele>
      </trkpt>
      <trkpt lat="47.547881" lon="12.202989">
        <ele>950.75</ele>
      </trkpt>
      <trkpt lat="47.547772" lon="12.202992">
        <ele>954.25</ele>
      </trkpt>
      <trkpt lat="47.547666" lon="12.203169">
        <ele>956.75</ele>
      </trkpt>
      <trkpt lat="47.547578" lon="12.203471">
        <ele>961.25</ele>
      </trkpt>
      <trkpt lat="47.547505" lon="12.203794">
        <ele>962.75</ele>
      </trkpt>
      <trkpt lat="47.547605" lon="12.204127">
        <ele>973.25</ele>
      </trkpt>
      <trkpt lat="47.547631" lon="12.204478">
        <ele>975</ele>
      </trkpt>
      <trkpt lat="47.547647" lon="12.204996">
        <ele>975.5</ele>
      </trkpt>
      <trkpt lat="47.547607" lon="12.204941">
        <ele>974.5</ele>
      </trkpt>
      <trkpt lat="47.547545" lon="12.204807">
        <ele>972.5</ele>
      </trkpt>
      <trkpt lat="47.547474" lon="12.204583">
        <ele>972.25</ele>
      </trkpt>
      <trkpt lat="47.547425" lon="12.204399">
        <ele>974</ele>
      </trkpt>
      <trkpt lat="47.547293" lon="12.204122">
        <ele>977.25</ele>
      </trkpt>
      <trkpt lat="47.547265" lon="12.203643">
        <ele>973.75</ele>
      </trkpt>
      <trkpt lat="47.547169" lon="12.203256">
        <ele>973.75</ele>
      </trkpt>
      <trkpt lat="47.547195" lon="12.202693">
        <ele>972.5</ele>
      </trkpt>
      <trkpt lat="47.547098" lon="12.202502">
        <ele>976</ele>
      </trkpt>
      <trkpt lat="47.547087" lon="12.202328">
        <ele>975.75</ele>
      </trkpt>
      <trkpt lat="47.547122" lon="12.202088">
        <ele>972.25</ele>
      </trkpt>
      <trkpt lat="47.546982" lon="12.201901">
        <ele>975</ele>
      </trkpt>
      <trkpt lat="47.546662" lon="12.201672">
        <ele>978</ele>
      </trkpt>
      <trkpt lat="47.546605" lon="12.201354">
        <ele>978.25</ele>
      </trkpt>
      <trkpt lat="47.546541" lon="12.201257">
        <ele>980.5</ele>
      </trkpt>
      <trkpt lat="47.546474" lon="12.201249">
        <ele>981.25</ele>
      </trkpt>
      <trkpt lat="47.546461" lon="12.201215">
        <ele>981.25</ele>
      </trkpt>
      <trkpt lat="47.546433" lon="12.201173">
        <ele>981</ele>
      </trkpt>
      <trkpt lat="47.546409" lon="12.201113">
        <ele>980</ele>
      </trkpt>
      <trkpt lat="47.546328" lon="12.200697">
        <ele>976</ele>
      </trkpt>
      <trkpt lat="47.546272" lon="12.200494">
        <ele>975.25</ele>
      </trkpt>
      <trkpt lat="47.546222" lon="12.20038">
        <ele>975.75</ele>
      </trkpt>
      <trkpt lat="47.54618" lon="12.200302">
        <ele>976.25</ele>
      </trkpt>
      <trkpt lat="47.546107" lon="12.200215">
        <ele>977.5</ele>
      </trkpt>
      <trkpt lat="47.546079" lon="12.200167">
        <ele>978.5</ele>
      </trkpt>
      <trkpt lat="47.546069" lon="12.200123">
        <ele>978.5</ele>
      </trkpt>
      <trkpt lat="47.546063" lon="12.200005">
        <ele>978</ele>
      </trkpt>
      <trkpt lat="47.54603" lon="12.199878">
        <ele>978</ele>
      </trkpt>
      <trkpt lat="47.545993" lon="12.199667">
        <ele>978.25</ele>
      </trkpt>
      <trkpt lat="47.545964" lon="12.199423">
        <ele>979.5</ele>
      </trkpt>
      <trkpt lat="47.545948" lon="12.199362">
        <ele>979.25</ele>
      </trkpt>
      <trkpt lat="47.545764" lon="12.19901">
        <ele>979</ele>
      </trkpt>
      <trkpt lat="47.545576" lon="12.198784">
        <ele>978</ele>
      </trkpt>
      <trkpt lat="47.545451" lon="12.198574">
        <ele>978.5</ele>
      </trkpt>
      <trkpt lat="47.545382" lon="12.1985">
        <ele>978.75</ele>
      </trkpt>
      <trkpt lat="47.545329" lon="12.198456">
        <ele>979</ele>
      </trkpt>
      <trkpt lat="47.545192" lon="12.198432">
        <ele>980</ele>
      </trkpt>
      <trkpt lat="47.544996" lon="12.198431">
        <ele>981.25</ele>
      </trkpt>
      <trkpt lat="47.544791" lon="12.198394">
        <ele>983.25</ele>
      </trkpt>
      <trkpt lat="47.544755" lon="12.198395">
        <ele>983.5</ele>
      </trkpt>
      <trkpt lat="47.544622" lon="12.198429">
        <ele>985</ele>
      </trkpt>
      <trkpt lat="47.544574" lon="12.19843">
        <ele>985.25</ele>
      </trkpt>
      <trkpt lat="47.54442" lon="12.198378">
        <ele>985.25</ele>
      </trkpt>
      <trkpt lat="47.544316" lon="12.198354">
        <ele>986.25</ele>
      </trkpt>
      <trkpt lat="47.544161" lon="12.198348">
        <ele>988.25</ele>
      </trkpt>
      <trkpt lat="47.544043" lon="12.198371">
        <ele>989.25</ele>
      </trkpt>
      <trkpt lat="47.543892" lon="12.198439">
        <ele>990.5</ele>
      </trkpt>
      <trkpt lat="47.543843" lon="12.198477">
        <ele>990.25</ele>
      </trkpt>
      <trkpt lat="47.543781" lon="12.198556">
        <ele>990.75</ele>
      </trkpt>
      <trkpt lat="47.543736" lon="12.198587">
        <ele>990.75</ele>
      </trkpt>
      <trkpt lat="47.543715" lon="12.198593">
        <ele>990.75</ele>
      </trkpt>
      <trkpt lat="47.543691" lon="12.198591">
        <ele>990.5</ele>
      </trkpt>
      <trkpt lat="47.543606" lon="12.19853">
        <ele>988.5</ele>
      </trkpt>
      <trkpt lat="47.543563" lon="12.198523">
        <ele>988</ele>
      </trkpt>
      <trkpt lat="47.543376" lon="12.198607">
        <ele>988.25</ele>
      </trkpt>
      <trkpt lat="47.543352" lon="12.198605">
        <ele>988</ele>
      </trkpt>
      <trkpt lat="47.543321" lon="12.198584">
        <ele>987.75</ele>
      </trkpt>
      <trkpt lat="47.543288" lon="12.198546">
        <ele>988</ele>
      </trkpt>
      <trkpt lat="47.543238" lon="12.198459">
        <ele>987.75</ele>
      </trkpt>
      <trkpt lat="47.543129" lon="12.198304">
        <ele>987.5</ele>
      </trkpt>
      <trkpt lat="47.54307" lon="12.198195">
        <ele>986.75</ele>
      </trkpt>
      <trkpt lat="47.542994" lon="12.198105">
        <ele>986</ele>
      </trkpt>
      <trkpt lat="47.542961" lon="12.198082">
        <ele>985.75</ele>
      </trkpt>
      <trkpt lat="47.542932" lon="12.198073">
        <ele>985.75</ele>
      </trkpt>
      <trkpt lat="47.542749" lon="12.198057">
        <ele>986.25</ele>
      </trkpt>
      <trkpt lat="47.542663" lon="12.198008">
        <ele>986</ele>
      </trkpt>
      <trkpt lat="47.542607" lon="12.197944">
        <ele>984.5</ele>
      </trkpt>
      <trkpt lat="47.542548" lon="12.197895">
        <ele>983.5</ele>
      </trkpt>
      <trkpt lat="47.542314" lon="12.197765">
        <ele>978.25</ele>
      </trkpt>
      <trkpt lat="47.542127" lon="12.197675">
        <ele>977</ele>
      </trkpt>
      <trkpt lat="47.5421" lon="12.197651">
        <ele>976.5</ele>
      </trkpt>
      <trkpt lat="47.542066" lon="12.197545">
        <ele>972.75</ele>
      </trkpt>
      <trkpt lat="47.542027" lon="12.197463">
        <ele>970.25</ele>
      </trkpt>
      <trkpt lat="47.54198" lon="12.197428">
        <ele>969.5</ele>
      </trkpt>
      <trkpt lat="47.541916" lon="12.197415">
        <ele>968.5</ele>
      </trkpt>
      <trkpt lat="47.541815" lon="12.197426">
        <ele>966</ele>
      </trkpt>
      <trkpt lat="47.541781" lon="12.197437">
        <ele>965.25</ele>
      </trkpt>
      <trkpt lat="47.541707" lon="12.197436">
        <ele>963</ele>
      </trkpt>
      <trkpt lat="47.541645" lon="12.197418">
        <ele>961.25</ele>
      </trkpt>
      <trkpt lat="47.541565" lon="12.197379">
        <ele>960.25</ele>
      </trkpt>
      <trkpt lat="47.54137" lon="12.197334">
        <ele>957.5</ele>
      </trkpt>
      <trkpt lat="47.541263" lon="12.197359">
        <ele>954</ele>
      </trkpt>
      <trkpt lat="47.541212" lon="12.197361">
        <ele>952.25</ele>
      </trkpt>
      <trkpt lat="47.54119" lon="12.19735">
        <ele>951.25</ele>
      </trkpt>
      <trkpt lat="47.541171" lon="12.197299">
        <ele>950.5</ele>
      </trkpt>
      <trkpt lat="47.541173" lon="12.197258">
        <ele>950.25</ele>
      </trkpt>
      <trkpt lat="47.541204" lon="12.197196">
        <ele>950.25</ele>
      </trkpt>
      <trkpt lat="47.541336" lon="12.197032">
        <ele>948.5</ele>
      </trkpt>
      <trkpt lat="47.541494" lon="12.19686">
        <ele>946</ele>
      </trkpt>
      <trkpt lat="47.541675" lon="12.196625">
        <ele>941.5</ele>
      </trkpt>
      <trkpt lat="47.541704" lon="12.196539">
        <ele>941</ele>
      </trkpt>
      <trkpt lat="47.541709" lon="12.196449">
        <ele>940</ele>
      </trkpt>
      <trkpt lat="47.541683" lon="12.19626">
        <ele>938</ele>
      </trkpt>
      <trkpt lat="47.541639" lon="12.196143">
        <ele>936.5</ele>
      </trkpt>
      <trkpt lat="47.541546" lon="12.196091">
        <ele>934.75</ele>
      </trkpt>
      <trkpt lat="47.541516" lon="12.19609">
        <ele>934</ele>
      </trkpt>
      <trkpt lat="47.541318" lon="12.1962">
        <ele>930.25</ele>
      </trkpt>
      <trkpt lat="47.541209" lon="12.196291">
        <ele>929</ele>
      </trkpt>
      <trkpt lat="47.541028" lon="12.196301">
        <ele>926</ele>
      </trkpt>
      <trkpt lat="47.540967" lon="12.196321">
        <ele>925</ele>
      </trkpt>
      <trkpt lat="47.54089" lon="12.196365">
        <ele>923.75</ele>
      </trkpt>
      <trkpt lat="47.540841" lon="12.196422">
        <ele>923</ele>
      </trkpt>
      <trkpt lat="47.540844" lon="12.19653">
        <ele>923.25</ele>
      </trkpt>
      <trkpt lat="47.540861" lon="12.196571">
        <ele>923.75</ele>
      </trkpt>
      <trkpt lat="47.540855" lon="12.196624">
        <ele>923.5</ele>
      </trkpt>
      <trkpt lat="47.540778" lon="12.196989">
        <ele>923.25</ele>
      </trkpt>
      <trkpt lat="47.540764" lon="12.196995">
        <ele>923.25</ele>
      </trkpt>
      <trkpt lat="47.540719" lon="12.197017">
        <ele>922.75</ele>
      </trkpt>
      <trkpt lat="47.540682" lon="12.197106">
        <ele>922.25</ele>
      </trkpt>
      <trkpt lat="47.540658" lon="12.197442">
        <ele>920</ele>
      </trkpt>
      <trkpt lat="47.540612" lon="12.198307">
        <ele>909.25</ele>
      </trkpt>
      <trkpt lat="47.540619" lon="12.198584">
        <ele>907.25</ele>
      </trkpt>
      <trkpt lat="47.540671" lon="12.198903">
        <ele>905</ele>
      </trkpt>
      <trkpt lat="47.540683" lon="12.199194">
        <ele>903.25</ele>
      </trkpt>
      <trkpt lat="47.54064" lon="12.19994">
        <ele>900.25</ele>
      </trkpt>
      <trkpt lat="47.540596" lon="12.20026">
        <ele>897.75</ele>
      </trkpt>
      <trkpt lat="47.540581" lon="12.200582">
        <ele>896.75</ele>
      </trkpt>
      <trkpt lat="47.540583" lon="12.201333">
        <ele>893.5</ele>
      </trkpt>
      <trkpt lat="47.540561" lon="12.201535">
        <ele>892.75</ele>
      </trkpt>
      <trkpt lat="47.540517" lon="12.201705">
        <ele>892.25</ele>
      </trkpt>
      <trkpt lat="47.54038" lon="12.202087">
        <ele>890.75</ele>
      </trkpt>
      <trkpt lat="47.540352" lon="12.202242">
        <ele>890.75</ele>
      </trkpt>
      <trkpt lat="47.540337" lon="12.202484">
        <ele>890.5</ele>
      </trkpt>
      <trkpt lat="47.540338" lon="12.202913">
        <ele>889</ele>
      </trkpt>
      <trkpt lat="47.540311" lon="12.203532">
        <ele>885.25</ele>
      </trkpt>
      <trkpt lat="47.540336" lon="12.204224">
        <ele>884.75</ele>
      </trkpt>
      <trkpt lat="47.540436" lon="12.204771">
        <ele>884.5</ele>
      </trkpt>
      <trkpt lat="47.54044" lon="12.204845">
        <ele>884.75</ele>
      </trkpt>
      <trkpt lat="47.540431" lon="12.204941">
        <ele>884.5</ele>
      </trkpt>
      <trkpt lat="47.540344" lon="12.205149">
        <ele>883.75</ele>
      </trkpt>
      <trkpt lat="47.540324" lon="12.205234">
        <ele>883.5</ele>
      </trkpt>
      <trkpt lat="47.540327" lon="12.205331">
        <ele>884</ele>
      </trkpt>
      <trkpt lat="47.540376" lon="12.205472">
        <ele>885</ele>
      </trkpt>
      <trkpt lat="47.540419" lon="12.205541">
        <ele>884.75</ele>
      </trkpt>
      <trkpt lat="47.540468" lon="12.205595">
        <ele>884.25</ele>
      </trkpt>
      <trkpt lat="47.540547" lon="12.205652">
        <ele>883.25</ele>
      </trkpt>
      <trkpt lat="47.540656" lon="12.205693">
        <ele>883.25</ele>
      </trkpt>
      <trkpt lat="47.540729" lon="12.205749">
        <ele>883</ele>
      </trkpt>
      <trkpt lat="47.540872" lon="12.20592">
        <ele>883.25</ele>
      </trkpt>
      <trkpt lat="47.540985" lon="12.206118">
        <ele>884</ele>
      </trkpt>
      <trkpt lat="47.541045" lon="12.206278">
        <ele>883.25</ele>
      </trkpt>
      <trkpt lat="47.541199" lon="12.206532">
        <ele>883.25</ele>
      </trkpt>
      <trkpt lat="47.541508" lon="12.206963">
        <ele>883.5</ele>
      </trkpt>
      <trkpt lat="47.541733" lon="12.207292">
        <ele>884</ele>
      </trkpt>
      <trkpt lat="47.541787" lon="12.207479">
        <ele>884.25</ele>
      </trkpt>
      <trkpt lat="47.541806" lon="12.207864">
        <ele>884.5</ele>
      </trkpt>
      <trkpt lat="47.541813" lon="12.208149">
        <ele>884.25</ele>
      </trkpt>
      <trkpt lat="47.541825" lon="12.208293">
        <ele>883.75</ele>
      </trkpt>
      <trkpt lat="47.54186" lon="12.208426">
        <ele>883.5</ele>
      </trkpt>
      <trkpt lat="47.541916" lon="12.208591">
        <ele>883</ele>
      </trkpt>
      <trkpt lat="47.541995" lon="12.208695">
        <ele>883</ele>
      </trkpt>
      <trkpt lat="47.542139" lon="12.208822">
        <ele>883.25</ele>
      </trkpt>
      <trkpt lat="47.542359" lon="12.208971">
        <ele>884.25</ele>
      </trkpt>
      <trkpt lat="47.542455" lon="12.209091">
        <ele>884.25</ele>
      </trkpt>
      <trkpt lat="47.542521" lon="12.209253">
        <ele>883.75</ele>
      </trkpt>
      <trkpt lat="47.542624" lon="12.209426">
        <ele>885.25</ele>
      </trkpt>
      <trkpt lat="47.542705" lon="12.209501">
        <ele>886.25</ele>
      </trkpt>
      <trkpt lat="47.542757" lon="12.209542">
        <ele>886.5</ele>
      </trkpt>
      <trkpt lat="47.542819" lon="12.209575">
        <ele>886.5</ele>
      </trkpt>
      <trkpt lat="47.543131" lon="12.209655">
        <ele>889.25</ele>
      </trkpt>
      <trkpt lat="47.543189" lon="12.209687">
        <ele>889.5</ele>
      </trkpt>
      <trkpt lat="47.543337" lon="12.209867">
        <ele>889.5</ele>
      </trkpt>
      <trkpt lat="47.543659" lon="12.210337">
        <ele>888.25</ele>
      </trkpt>
      <trkpt lat="47.543756" lon="12.210531">
        <ele>888.25</ele>
      </trkpt>
      <trkpt lat="47.543834" lon="12.210756">
        <ele>887.75</ele>
      </trkpt>
      <trkpt lat="47.543859" lon="12.21091">
        <ele>887.25</ele>
      </trkpt>
      <trkpt lat="47.543857" lon="12.211066">
        <ele>886.75</ele>
      </trkpt>
      <trkpt lat="47.543819" lon="12.211195">
        <ele>887</ele>
      </trkpt>
      <trkpt lat="47.543741" lon="12.211335">
        <ele>887.75</ele>
      </trkpt>
      <trkpt lat="47.543687" lon="12.211451">
        <ele>888</ele>
      </trkpt>
      <trkpt lat="47.543627" lon="12.211617">
        <ele>888</ele>
      </trkpt>
      <trkpt lat="47.543586" lon="12.211846">
        <ele>888.25</ele>
      </trkpt>
      <trkpt lat="47.543583" lon="12.212016">
        <ele>888.75</ele>
      </trkpt>
      <trkpt lat="47.54359" lon="12.212067">
        <ele>888.75</ele>
      </trkpt>
      <trkpt lat="47.543603" lon="12.212166">
        <ele>888.75</ele>
      </trkpt>
      <trkpt lat="47.543649" lon="12.212286">
        <ele>888.75</ele>
      </trkpt>
      <trkpt lat="47.543719" lon="12.212347">
        <ele>888.75</ele>
      </trkpt>
      <trkpt lat="47.543827" lon="12.212371">
        <ele>889.75</ele>
      </trkpt>
      <trkpt lat="47.543903" lon="12.212349">
        <ele>891.25</ele>
      </trkpt>
      <trkpt lat="47.543984" lon="12.212299">
        <ele>892.75</ele>
      </trkpt>
      <trkpt lat="47.544069" lon="12.212283">
        <ele>892.5</ele>
      </trkpt>
      <trkpt lat="47.544136" lon="12.212302">
        <ele>891.75</ele>
      </trkpt>
      <trkpt lat="47.544192" lon="12.21238">
        <ele>891</ele>
      </trkpt>
      <trkpt lat="47.544323" lon="12.212833">
        <ele>890</ele>
      </trkpt>
      <trkpt lat="47.54435" lon="12.213059">
        <ele>888.5</ele>
      </trkpt>
      <trkpt lat="47.544342" lon="12.213229">
        <ele>889.5</ele>
      </trkpt>
      <trkpt lat="47.544305" lon="12.213373">
        <ele>889.75</ele>
      </trkpt>
      <trkpt lat="47.544137" lon="12.213724">
        <ele>891.5</ele>
      </trkpt>
      <trkpt lat="47.544089" lon="12.213882">
        <ele>891.5</ele>
      </trkpt>
      <trkpt lat="47.544067" lon="12.214045">
        <ele>890.5</ele>
      </trkpt>
      <trkpt lat="47.544072" lon="12.214214">
        <ele>890.25</ele>
      </trkpt>
      <trkpt lat="47.544098" lon="12.214306">
        <ele>891</ele>
      </trkpt>
      <trkpt lat="47.544127" lon="12.21434">
        <ele>891.75</ele>
      </trkpt>
      <trkpt lat="47.544188" lon="12.214363">
        <ele>893.5</ele>
      </trkpt>
      <trkpt lat="47.544221" lon="12.21439">
        <ele>893.5</ele>
      </trkpt>
      <trkpt lat="47.544255" lon="12.21446">
        <ele>893.75</ele>
      </trkpt>
      <trkpt lat="47.544285" lon="12.214583">
        <ele>893.25</ele>
      </trkpt>
      <trkpt lat="47.544293" lon="12.214768">
        <ele>892.5</ele>
      </trkpt>
      <trkpt lat="47.544183" lon="12.215619">
        <ele>890.25</ele>
      </trkpt>
      <trkpt lat="47.54419" lon="12.215872">
        <ele>890.5</ele>
      </trkpt>
      <trkpt lat="47.544233" lon="12.216199">
        <ele>893.5</ele>
      </trkpt>
      <trkpt lat="47.544211" lon="12.216591">
        <ele>898.75</ele>
      </trkpt>
      <trkpt lat="47.544144" lon="12.216892">
        <ele>894.5</ele>
      </trkpt>
      <trkpt lat="47.544026" lon="12.217146">
        <ele>889.75</ele>
      </trkpt>
      <trkpt lat="47.54397" lon="12.217315">
        <ele>888.5</ele>
      </trkpt>
      <trkpt lat="47.543929" lon="12.2175">
        <ele>888.5</ele>
      </trkpt>
      <trkpt lat="47.543872" lon="12.21802">
        <ele>886.75</ele>
      </trkpt>
      <trkpt lat="47.543729" lon="12.218638">
        <ele>886</ele>
      </trkpt>
      <trkpt lat="47.543706" lon="12.218806">
        <ele>886.75</ele>
      </trkpt>
      <trkpt lat="47.543716" lon="12.219081">
        <ele>886.5</ele>
      </trkpt>
      <trkpt lat="47.543733" lon="12.219373">
        <ele>885.75</ele>
      </trkpt>
      <trkpt lat="47.543702" lon="12.219797">
        <ele>885.75</ele>
      </trkpt>
      <trkpt lat="47.543671" lon="12.220008">
        <ele>886</ele>
      </trkpt>
      <trkpt lat="47.543606" lon="12.220174">
        <ele>885.5</ele>
      </trkpt>
      <trkpt lat="47.543543" lon="12.220285">
        <ele>885.5</ele>
      </trkpt>
      <trkpt lat="47.543281" lon="12.220772">
        <ele>883.5</ele>
      </trkpt>
      <trkpt lat="47.543085" lon="12.221068">
        <ele>883.75</ele>
      </trkpt>
      <trkpt lat="47.54288" lon="12.221228">
        <ele>884.25</ele>
      </trkpt>
      <trkpt lat="47.542755" lon="12.221352">
        <ele>885.25</ele>
      </trkpt>
      <trkpt lat="47.542658" lon="12.221522">
        <ele>886.25</ele>
      </trkpt>
      <trkpt lat="47.542549" lon="12.221783">
        <ele>887</ele>
      </trkpt>
      <trkpt lat="47.54251" lon="12.221957">
        <ele>887</ele>
      </trkpt>
      <trkpt lat="47.54249" lon="12.222268">
        <ele>888</ele>
      </trkpt>
      <trkpt lat="47.542457" lon="12.22239">
        <ele>887.75</ele>
      </trkpt>
      <trkpt lat="47.542403" lon="12.222544">
        <ele>887.75</ele>
      </trkpt>
      <trkpt lat="47.542354" lon="12.222786">
        <ele>887.75</ele>
      </trkpt>
      <trkpt lat="47.54235" lon="12.222901">
        <ele>887.75</ele>
      </trkpt>
      <trkpt lat="47.542349" lon="12.222935">
        <ele>887.75</ele>
      </trkpt>
      <trkpt lat="47.542388" lon="12.223118">
        <ele>888.25</ele>
      </trkpt>
      <trkpt lat="47.542459" lon="12.223323">
        <ele>888.5</ele>
      </trkpt>
      <trkpt lat="47.542487" lon="12.223397">
        <ele>888.75</ele>
      </trkpt>
      <trkpt lat="47.542538" lon="12.223558">
        <ele>889.25</ele>
      </trkpt>
      <trkpt lat="47.542555" lon="12.223821">
        <ele>888.75</ele>
      </trkpt>
      <trkpt lat="47.542595" lon="12.224069">
        <ele>889</ele>
      </trkpt>
      <trkpt lat="47.542736" lon="12.224524">
        <ele>893.75</ele>
      </trkpt>
      <trkpt lat="47.542273" lon="12.224648">
        <ele>888.75</ele>
      </trkpt>
      <trkpt lat="47.542102" lon="12.224722">
        <ele>885.75</ele>
      </trkpt>
      <trkpt lat="47.542045" lon="12.224769">
        <ele>885</ele>
      </trkpt>
      <trkpt lat="47.542008" lon="12.224842">
        <ele>885</ele>
      </trkpt>
      <trkpt lat="47.541949" lon="12.225098">
        <ele>886</ele>
      </trkpt>
      <trkpt lat="47.541815" lon="12.225379">
        <ele>884.5</ele>
      </trkpt>
      <trkpt lat="47.541725" lon="12.225521">
        <ele>883.5</ele>
      </trkpt>
      <trkpt lat="47.541593" lon="12.225683">
        <ele>882.75</ele>
      </trkpt>
      <trkpt lat="47.540565" lon="12.226157">
        <ele>874.5</ele>
      </trkpt>
      <trkpt lat="47.540505" lon="12.226203">
        <ele>876.5</ele>
      </trkpt>
      <trkpt lat="47.540391" lon="12.226375">
        <ele>879</ele>
      </trkpt>
      <trkpt lat="47.540293" lon="12.226489">
        <ele>880.25</ele>
      </trkpt>
      <trkpt lat="47.540242" lon="12.226525">
        <ele>880.25</ele>
      </trkpt>
      <trkpt lat="47.540186" lon="12.226541">
        <ele>880.5</ele>
      </trkpt>
      <trkpt lat="47.540015" lon="12.22653">
        <ele>882.75</ele>
      </trkpt>
      <trkpt lat="47.539852" lon="12.226572">
        <ele>883</ele>
      </trkpt>
      <trkpt lat="47.539774" lon="12.226574">
        <ele>883.75</ele>
      </trkpt>
      <trkpt lat="47.539699" lon="12.226552">
        <ele>884</ele>
      </trkpt>
      <trkpt lat="47.539631" lon="12.226499">
        <ele>883.25</ele>
      </trkpt>
      <trkpt lat="47.539586" lon="12.226447">
        <ele>883.25</ele>
      </trkpt>
      <trkpt lat="47.539548" lon="12.226368">
        <ele>883.75</ele>
      </trkpt>
      <trkpt lat="47.539494" lon="12.226137">
        <ele>883</ele>
      </trkpt>
      <trkpt lat="47.539443" lon="12.22603">
        <ele>883.5</ele>
      </trkpt>
      <trkpt lat="47.539167" lon="12.225547">
        <ele>883.25</ele>
      </trkpt>
      <trkpt lat="47.538882" lon="12.225189">
        <ele>884.5</ele>
      </trkpt>
      <trkpt lat="47.538734" lon="12.225003">
        <ele>883.5</ele>
      </trkpt>
      <trkpt lat="47.538671" lon="12.224821">
        <ele>886</ele>
      </trkpt>
      <trkpt lat="47.538594" lon="12.224391">
        <ele>891.75</ele>
      </trkpt>
      <trkpt lat="47.538418" lon="12.224032">
        <ele>893.25</ele>
      </trkpt>
      <trkpt lat="47.538291" lon="12.223739">
        <ele>894.75</ele>
      </trkpt>
      <trkpt lat="47.538207" lon="12.223581">
        <ele>896.25</ele>
      </trkpt>
      <trkpt lat="47.538117" lon="12.223477">
        <ele>895</ele>
      </trkpt>
      <trkpt lat="47.53801" lon="12.223409">
        <ele>892.5</ele>
      </trkpt>
      <trkpt lat="47.537963" lon="12.223332">
        <ele>893</ele>
      </trkpt>
      <trkpt lat="47.537803" lon="12.22283">
        <ele>896.75</ele>
      </trkpt>
      <trkpt lat="47.537722" lon="12.222542">
        <ele>898.75</ele>
      </trkpt>
      <trkpt lat="47.537608" lon="12.2222">
        <ele>900.25</ele>
      </trkpt>
      <trkpt lat="47.537458" lon="12.221833">
        <ele>903</ele>
      </trkpt>
      <trkpt lat="47.53737" lon="12.221552">
        <ele>902.75</ele>
      </trkpt>
      <trkpt lat="47.537355" lon="12.221408">
        <ele>903.5</ele>
      </trkpt>
      <trkpt lat="47.537348" lon="12.2207">
        <ele>903.75</ele>
      </trkpt>
      <trkpt lat="47.537334" lon="12.220226">
        <ele>903.75</ele>
      </trkpt>
      <trkpt lat="47.537277" lon="12.219486">
        <ele>906</ele>
      </trkpt>
      <trkpt lat="47.537232" lon="12.219108">
        <ele>906.75</ele>
      </trkpt>
      <trkpt lat="47.537144" lon="12.218925">
        <ele>907.75</ele>
      </trkpt>
      <trkpt lat="47.537002" lon="12.218735">
        <ele>908.75</ele>
      </trkpt>
      <trkpt lat="47.536784" lon="12.218456">
        <ele>911.75</ele>
      </trkpt>
      <trkpt lat="47.536719" lon="12.218316">
        <ele>913.5</ele>
      </trkpt>
      <trkpt lat="47.536702" lon="12.218206">
        <ele>914</ele>
      </trkpt>
      <trkpt lat="47.53657" lon="12.217869">
        <ele>917.5</ele>
      </trkpt>
      <trkpt lat="47.536536" lon="12.217836">
        <ele>918</ele>
      </trkpt>
      <trkpt lat="47.536495" lon="12.217845">
        <ele>917.75</ele>
      </trkpt>
      <trkpt lat="47.536428" lon="12.217884">
        <ele>916.75</ele>
      </trkpt>
      <trkpt lat="47.536247" lon="12.21799">
        <ele>917.75</ele>
      </trkpt>
      <trkpt lat="47.53618" lon="12.218016">
        <ele>918.25</ele>
      </trkpt>
      <trkpt lat="47.536131" lon="12.217958">
        <ele>919.75</ele>
      </trkpt>
      <trkpt lat="47.536122" lon="12.217877">
        <ele>920.75</ele>
      </trkpt>
      <trkpt lat="47.536245" lon="12.21763">
        <ele>921.25</ele>
      </trkpt>
      <trkpt lat="47.536259" lon="12.217514">
        <ele>922</ele>
      </trkpt>
      <trkpt lat="47.536243" lon="12.217294">
        <ele>925.5</ele>
      </trkpt>
      <trkpt lat="47.536213" lon="12.21717">
        <ele>928</ele>
      </trkpt>
      <trkpt lat="47.536133" lon="12.217142">
        <ele>930</ele>
      </trkpt>
      <trkpt lat="47.535804" lon="12.217298">
        <ele>934</ele>
      </trkpt>
      <trkpt lat="47.535662" lon="12.217351">
        <ele>936</ele>
      </trkpt>
      <trkpt lat="47.535367" lon="12.217362">
        <ele>940.5</ele>
      </trkpt>
      <trkpt lat="47.535299" lon="12.217402">
        <ele>940.75</ele>
      </trkpt>
      <trkpt lat="47.535004" lon="12.217674">
        <ele>945</ele>
      </trkpt>
      <trkpt lat="47.534925" lon="12.217711">
        <ele>945</ele>
      </trkpt>
      <trkpt lat="47.534815" lon="12.217703">
        <ele>946.25</ele>
      </trkpt>
      <trkpt lat="47.534692" lon="12.217659">
        <ele>948.75</ele>
      </trkpt>
      <trkpt lat="47.534602" lon="12.217646">
        <ele>950</ele>
      </trkpt>
      <trkpt lat="47.534569" lon="12.217699">
        <ele>950</ele>
      </trkpt>
      <trkpt lat="47.534562" lon="12.217829">
        <ele>949.25</ele>
      </trkpt>
      <trkpt lat="47.534517" lon="12.217976">
        <ele>950</ele>
      </trkpt>
      <trkpt lat="47.534426" lon="12.218104">
        <ele>951.25</ele>
      </trkpt>
      <trkpt lat="47.534294" lon="12.218141">
        <ele>952</ele>
      </trkpt>
      <trkpt lat="47.534033" lon="12.21814">
        <ele>954.75</ele>
      </trkpt>
      <trkpt lat="47.533897" lon="12.218159">
        <ele>956</ele>
      </trkpt>
      <trkpt lat="47.533805" lon="12.218193">
        <ele>958</ele>
      </trkpt>
      <trkpt lat="47.53365" lon="12.218291">
        <ele>960.5</ele>
      </trkpt>
      <trkpt lat="47.533595" lon="12.218318">
        <ele>961.25</ele>
      </trkpt>
      <trkpt lat="47.533533" lon="12.218336">
        <ele>961.75</ele>
      </trkpt>
      <trkpt lat="47.533437" lon="12.218339">
        <ele>962.75</ele>
      </trkpt>
      <trkpt lat="47.53335" lon="12.21833">
        <ele>963.75</ele>
      </trkpt>
      <trkpt lat="47.533262" lon="12.2183">
        <ele>965</ele>
      </trkpt>
      <trkpt lat="47.533035" lon="12.218171">
        <ele>969</ele>
      </trkpt>
      <trkpt lat="47.532685" lon="12.217964">
        <ele>975.75</ele>
      </trkpt>
      <trkpt lat="47.532589" lon="12.217926">
        <ele>977.25</ele>
      </trkpt>
      <trkpt lat="47.532493" lon="12.217929">
        <ele>977.75</ele>
      </trkpt>
      <trkpt lat="47.532414" lon="12.217957">
        <ele>979.25</ele>
      </trkpt>
      <trkpt lat="47.532268" lon="12.218097">
        <ele>981</ele>
      </trkpt>
      <trkpt lat="47.532212" lon="12.218166">
        <ele>982</ele>
      </trkpt>
      <trkpt lat="47.532148" lon="12.218245">
        <ele>982.75</ele>
      </trkpt>
      <trkpt lat="47.532034" lon="12.218361">
        <ele>984.25</ele>
      </trkpt>
      <trkpt lat="47.531938" lon="12.218381">
        <ele>986.5</ele>
      </trkpt>
      <trkpt lat="47.531861" lon="12.218354">
        <ele>987</ele>
      </trkpt>
      <trkpt lat="47.531748" lon="12.218258">
        <ele>988</ele>
      </trkpt>
      <trkpt lat="47.531717" lon="12.218177">
        <ele>988.5</ele>
      </trkpt>
      <trkpt lat="47.531702" lon="12.21807">
        <ele>989</ele>
      </trkpt>
      <trkpt lat="47.531725" lon="12.217892">
        <ele>989.75</ele>
      </trkpt>
      <trkpt lat="47.531821" lon="12.217632">
        <ele>991.25</ele>
      </trkpt>
      <trkpt lat="47.531912" lon="12.217476">
        <ele>995</ele>
      </trkpt>
      <trkpt lat="47.532139" lon="12.217195">
        <ele>995</ele>
      </trkpt>
      <trkpt lat="47.532239" lon="12.217057">
        <ele>997.5</ele>
      </trkpt>
      <trkpt lat="47.532328" lon="12.216733">
        <ele>999.75</ele>
      </trkpt>
      <trkpt lat="47.532349" lon="12.216612">
        <ele>1001.25</ele>
      </trkpt>
      <trkpt lat="47.532337" lon="12.216457">
        <ele>1001.75</ele>
      </trkpt>
      <trkpt lat="47.532311" lon="12.216346">
        <ele>1001.75</ele>
      </trkpt>
      <trkpt lat="47.532219" lon="12.216176">
        <ele>1000.5</ele>
      </trkpt>
      <trkpt lat="47.53217" lon="12.216053">
        <ele>1000.25</ele>
      </trkpt>
      <trkpt lat="47.53214" lon="12.215839">
        <ele>1001.25</ele>
      </trkpt>
      <trkpt lat="47.532123" lon="12.215518">
        <ele>1000.5</ele>
      </trkpt>
      <trkpt lat="47.532103" lon="12.215399">
        <ele>1001</ele>
      </trkpt>
      <trkpt lat="47.53204" lon="12.215184">
        <ele>1000</ele>
      </trkpt>
      <trkpt lat="47.532023" lon="12.215057">
        <ele>1000</ele>
      </trkpt>
      <trkpt lat="47.532032" lon="12.214942">
        <ele>999.25</ele>
      </trkpt>
      <trkpt lat="47.532071" lon="12.214858">
        <ele>998.5</ele>
      </trkpt>
      <trkpt lat="47.53221" lon="12.214741">
        <ele>1000</ele>
      </trkpt>
      <trkpt lat="47.532238" lon="12.21467">
        <ele>1001</ele>
      </trkpt>
      <trkpt lat="47.532248" lon="12.214593">
        <ele>1002.25</ele>
      </trkpt>
      <trkpt lat="47.532226" lon="12.214518">
        <ele>1002.25</ele>
      </trkpt>
      <trkpt lat="47.532134" lon="12.214391">
        <ele>1000.25</ele>
      </trkpt>
      <trkpt lat="47.532067" lon="12.214273">
        <ele>1001</ele>
      </trkpt>
      <trkpt lat="47.531987" lon="12.214051">
        <ele>1003.25</ele>
      </trkpt>
      <trkpt lat="47.53186" lon="12.213794">
        <ele>1003.5</ele>
      </trkpt>
      <trkpt lat="47.531808" lon="12.213636">
        <ele>1004</ele>
      </trkpt>
      <trkpt lat="47.531768" lon="12.213453">
        <ele>1003.75</ele>
      </trkpt>
      <trkpt lat="47.531769" lon="12.213327">
        <ele>1004.75</ele>
      </trkpt>
      <trkpt lat="47.531756" lon="12.213225">
        <ele>1005.75</ele>
      </trkpt>
      <trkpt lat="47.531727" lon="12.213149">
        <ele>1005.75</ele>
      </trkpt>
      <trkpt lat="47.531666" lon="12.213055">
        <ele>1004.75</ele>
      </trkpt>
      <trkpt lat="47.531554" lon="12.212905">
        <ele>1003.25</ele>
      </trkpt>
      <trkpt lat="47.531527" lon="12.21279">
        <ele>1004</ele>
      </trkpt>
      <trkpt lat="47.531521" lon="12.21271">
        <ele>1004.5</ele>
      </trkpt>
      <trkpt lat="47.531475" lon="12.212543">
        <ele>1003.5</ele>
      </trkpt>
      <trkpt lat="47.531483" lon="12.212387">
        <ele>1003.5</ele>
      </trkpt>
      <trkpt lat="47.531471" lon="12.212249">
        <ele>1002.25</ele>
      </trkpt>
      <trkpt lat="47.531414" lon="12.212098">
        <ele>1003</ele>
      </trkpt>
      <trkpt lat="47.53132" lon="12.211894">
        <ele>1005</ele>
      </trkpt>
      <trkpt lat="47.531233" lon="12.211809">
        <ele>1003.75</ele>
      </trkpt>
      <trkpt lat="47.531161" lon="12.211651">
        <ele>1003.5</ele>
      </trkpt>
      <trkpt lat="47.531098" lon="12.211576">
        <ele>1004.25</ele>
      </trkpt>
      <trkpt lat="47.530988" lon="12.211517">
        <ele>1003</ele>
      </trkpt>
      <trkpt lat="47.530959" lon="12.211461">
        <ele>1002.75</ele>
      </trkpt>
      <trkpt lat="47.530966" lon="12.21121">
        <ele>1005.25</ele>
      </trkpt>
      <trkpt lat="47.530888" lon="12.211022">
        <ele>1003</ele>
      </trkpt>
      <trkpt lat="47.53078" lon="12.210869">
        <ele>1003.5</ele>
      </trkpt>
      <trkpt lat="47.530675" lon="12.21077">
        <ele>1002</ele>
      </trkpt>
      <trkpt lat="47.53058" lon="12.210702">
        <ele>999.5</ele>
      </trkpt>
      <trkpt lat="47.53014" lon="12.210662">
        <ele>993.5</ele>
      </trkpt>
      <trkpt lat="47.529849" lon="12.210665">
        <ele>990</ele>
      </trkpt>
      <trkpt lat="47.529498" lon="12.210834">
        <ele>990.25</ele>
      </trkpt>
      <trkpt lat="47.528863" lon="12.211326">
        <ele>978.75</ele>
      </trkpt>
      <trkpt lat="47.528633" lon="12.211647">
        <ele>974.5</ele>
      </trkpt>
      <trkpt lat="47.528532" lon="12.21177">
        <ele>970.25</ele>
      </trkpt>
      <trkpt lat="47.528342" lon="12.21192">
        <ele>968.25</ele>
      </trkpt>
      <trkpt lat="47.528106" lon="12.212172">
        <ele>961.25</ele>
      </trkpt>
      <trkpt lat="47.528047" lon="12.212248">
        <ele>960.75</ele>
      </trkpt>
      <trkpt lat="47.528009" lon="12.21226">
        <ele>959.5</ele>
      </trkpt>
      <trkpt lat="47.527977" lon="12.212256">
        <ele>959</ele>
      </trkpt>
      <trkpt lat="47.527962" lon="12.212212">
        <ele>959.25</ele>
      </trkpt>
      <trkpt lat="47.528081" lon="12.211957">
        <ele>955.5</ele>
      </trkpt>
      <trkpt lat="47.528135" lon="12.211788">
        <ele>958</ele>
      </trkpt>
      <trkpt lat="47.528129" lon="12.211739">
        <ele>958</ele>
      </trkpt>
      <trkpt lat="47.528007" lon="12.211732">
        <ele>956.25</ele>
      </trkpt>
      <trkpt lat="47.52791" lon="12.211741">
        <ele>956.5</ele>
      </trkpt>
      <trkpt lat="47.527847" lon="12.211737">
        <ele>956.75</ele>
      </trkpt>
      <trkpt lat="47.527373" lon="12.211432">
        <ele>964</ele>
      </trkpt>
      <trkpt lat="47.52729" lon="12.211327">
        <ele>964.75</ele>
      </trkpt>
      <trkpt lat="47.52724" lon="12.21119">
        <ele>965</ele>
      </trkpt>
      <trkpt lat="47.527083" lon="12.21072">
        <ele>965.75</ele>
      </trkpt>
      <trkpt lat="47.526999" lon="12.210317">
        <ele>966.25</ele>
      </trkpt>
      <trkpt lat="47.526963" lon="12.210105">
        <ele>966</ele>
      </trkpt>
      <trkpt lat="47.526951" lon="12.209929">
        <ele>966.25</ele>
      </trkpt>
      <trkpt lat="47.52687" lon="12.209793">
        <ele>965</ele>
      </trkpt>
      <trkpt lat="47.526763" lon="12.209687">
        <ele>962.75</ele>
      </trkpt>
      <trkpt lat="47.526629" lon="12.209595">
        <ele>961.25</ele>
      </trkpt>
      <trkpt lat="47.526513" lon="12.209467">
        <ele>959.5</ele>
      </trkpt>
      <trkpt lat="47.526448" lon="12.209356">
        <ele>957.75</ele>
      </trkpt>
      <trkpt lat="47.526382" lon="12.209175">
        <ele>955.75</ele>
      </trkpt>
      <trkpt lat="47.526328" lon="12.208617">
        <ele>952</ele>
      </trkpt>
      <trkpt lat="47.526211" lon="12.208255">
        <ele>948.25</ele>
      </trkpt>
      <trkpt lat="47.526176" lon="12.208102">
        <ele>946.5</ele>
      </trkpt>
      <trkpt lat="47.526158" lon="12.20794">
        <ele>945.25</ele>
      </trkpt>
      <trkpt lat="47.526172" lon="12.207755">
        <ele>945</ele>
      </trkpt>
      <trkpt lat="47.526197" lon="12.207584">
        <ele>944.75</ele>
      </trkpt>
      <trkpt lat="47.526188" lon="12.207504">
        <ele>944</ele>
      </trkpt>
      <trkpt lat="47.526148" lon="12.207478">
        <ele>942.5</ele>
      </trkpt>
      <trkpt lat="47.526098" lon="12.207508">
        <ele>941.25</ele>
      </trkpt>
      <trkpt lat="47.526064" lon="12.207615">
        <ele>940.25</ele>
      </trkpt>
      <trkpt lat="47.526018" lon="12.208055">
        <ele>939.5</ele>
      </trkpt>
      <trkpt lat="47.52589" lon="12.208516">
        <ele>935.5</ele>
      </trkpt>
      <trkpt lat="47.525778" lon="12.208786">
        <ele>932.75</ele>
      </trkpt>
      <trkpt lat="47.525629" lon="12.209069">
        <ele>929.5</ele>
      </trkpt>
      <trkpt lat="47.525496" lon="12.209346">
        <ele>924.75</ele>
      </trkpt>
      <trkpt lat="47.525259" lon="12.20972">
        <ele>922.25</ele>
      </trkpt>
      <trkpt lat="47.525142" lon="12.209953">
        <ele>920</ele>
      </trkpt>
      <trkpt lat="47.525043" lon="12.21009">
        <ele>918.25</ele>
      </trkpt>
      <trkpt lat="47.524786" lon="12.210511">
        <ele>912.75</ele>
      </trkpt>
      <trkpt lat="47.524647" lon="12.210671">
        <ele>910.25</ele>
      </trkpt>
      <trkpt lat="47.524555" lon="12.210808">
        <ele>909</ele>
      </trkpt>
      <trkpt lat="47.524497" lon="12.210927">
        <ele>907.75</ele>
      </trkpt>
      <trkpt lat="47.524386" lon="12.210994">
        <ele>905.5</ele>
      </trkpt>
      <trkpt lat="47.524257" lon="12.210994">
        <ele>903.75</ele>
      </trkpt>
      <trkpt lat="47.524161" lon="12.210979">
        <ele>902.25</ele>
      </trkpt>
      <trkpt lat="47.524108" lon="12.210905">
        <ele>900.25</ele>
      </trkpt>
      <trkpt lat="47.524072" lon="12.210719">
        <ele>898.75</ele>
      </trkpt>
      <trkpt lat="47.524035" lon="12.210125">
        <ele>894</ele>
      </trkpt>
      <trkpt lat="47.524045" lon="12.209612">
        <ele>889</ele>
      </trkpt>
      <trkpt lat="47.524034" lon="12.20931">
        <ele>886.25</ele>
      </trkpt>
      <trkpt lat="47.524055" lon="12.208997">
        <ele>884.25</ele>
      </trkpt>
      <trkpt lat="47.524085" lon="12.208753">
        <ele>882.25</ele>
      </trkpt>
      <trkpt lat="47.524127" lon="12.208542">
        <ele>881.5</ele>
      </trkpt>
      <trkpt lat="47.524285" lon="12.20806">
        <ele>880</ele>
      </trkpt>
      <trkpt lat="47.524351" lon="12.20765">
        <ele>878</ele>
      </trkpt>
      <trkpt lat="47.524429" lon="12.207306">
        <ele>877.25</ele>
      </trkpt>
      <trkpt lat="47.524446" lon="12.207022">
        <ele>876.25</ele>
      </trkpt>
      <trkpt lat="47.524491" lon="12.206809">
        <ele>875</ele>
      </trkpt>
      <trkpt lat="47.524549" lon="12.2066">
        <ele>873.75</ele>
      </trkpt>
      <trkpt lat="47.524709" lon="12.206235">
        <ele>872.25</ele>
      </trkpt>
      <trkpt lat="47.524827" lon="12.205846">
        <ele>869.25</ele>
      </trkpt>
      <trkpt lat="47.525058" lon="12.205377">
        <ele>868.5</ele>
      </trkpt>
      <trkpt lat="47.525114" lon="12.205206">
        <ele>867.5</ele>
      </trkpt>
      <trkpt lat="47.525174" lon="12.204751">
        <ele>864.75</ele>
      </trkpt>
      <trkpt lat="47.525225" lon="12.204509">
        <ele>863</ele>
      </trkpt>
      <trkpt lat="47.52532" lon="12.204424">
        <ele>864.25</ele>
      </trkpt>
      <trkpt lat="47.525399" lon="12.204395">
        <ele>865.5</ele>
      </trkpt>
      <trkpt lat="47.52542" lon="12.204327">
        <ele>864.5</ele>
      </trkpt>
      <trkpt lat="47.525436" lon="12.204131">
        <ele>861.25</ele>
      </trkpt>
      <trkpt lat="47.525444" lon="12.203738">
        <ele>859</ele>
      </trkpt>
      <trkpt lat="47.525488" lon="12.203519">
        <ele>858.75</ele>
      </trkpt>
      <trkpt lat="47.525646" lon="12.203212">
        <ele>858.75</ele>
      </trkpt>
      <trkpt lat="47.525748" lon="12.202845">
        <ele>856.25</ele>
      </trkpt>
      <trkpt lat="47.525774" lon="12.202628">
        <ele>854</ele>
      </trkpt>
      <trkpt lat="47.525794" lon="12.202066">
        <ele>847.25</ele>
      </trkpt>
      <trkpt lat="47.525852" lon="12.201878">
        <ele>846</ele>
      </trkpt>
      <trkpt lat="47.525912" lon="12.201737">
        <ele>845</ele>
      </trkpt>
      <trkpt lat="47.525937" lon="12.201387">
        <ele>839.25</ele>
      </trkpt>
      <trkpt lat="47.525991" lon="12.201219">
        <ele>838.5</ele>
      </trkpt>
      <trkpt lat="47.52608" lon="12.201036">
        <ele>838</ele>
      </trkpt>
      <trkpt lat="47.526188" lon="12.200876">
        <ele>839</ele>
      </trkpt>
      <trkpt lat="47.526248" lon="12.200694">
        <ele>836.5</ele>
      </trkpt>
      <trkpt lat="47.526257" lon="12.200613">
        <ele>834.5</ele>
      </trkpt>
      <trkpt lat="47.52615" lon="12.200522">
        <ele>830.75</ele>
      </trkpt>
      <trkpt lat="47.526042" lon="12.200536">
        <ele>829.5</ele>
      </trkpt>
      <trkpt lat="47.525584" lon="12.200855">
        <ele>823</ele>
      </trkpt>
      <trkpt lat="47.525438" lon="12.200989">
        <ele>820.25</ele>
      </trkpt>
      <trkpt lat="47.52527" lon="12.201186">
        <ele>818</ele>
      </trkpt>
      <trkpt lat="47.525223" lon="12.201215">
        <ele>817.75</ele>
      </trkpt>
      <trkpt lat="47.524983" lon="12.201494">
        <ele>815.25</ele>
      </trkpt>
      <trkpt lat="47.524889" lon="12.201557">
        <ele>814</ele>
      </trkpt>
      <trkpt lat="47.52453" lon="12.20205">
        <ele>807.25</ele>
      </trkpt>
      <trkpt lat="47.524414" lon="12.202289">
        <ele>805</ele>
      </trkpt>
      <trkpt lat="47.524164" lon="12.202663">
        <ele>798.5</ele>
      </trkpt>
      <trkpt lat="47.524075" lon="12.203118">
        <ele>797</ele>
      </trkpt>
      <trkpt lat="47.523929" lon="12.203412">
        <ele>792.75</ele>
      </trkpt>
      <trkpt lat="47.523872" lon="12.203549">
        <ele>790.25</ele>
      </trkpt>
      <trkpt lat="47.523649" lon="12.203861">
        <ele>787.25</ele>
      </trkpt>
      <trkpt lat="47.523284" lon="12.204179">
        <ele>779.25</ele>
      </trkpt>
      <trkpt lat="47.523246" lon="12.204213">
        <ele>778.25</ele>
      </trkpt>
      <trkpt lat="47.523133" lon="12.204427">
        <ele>776.5</ele>
      </trkpt>
      <trkpt lat="47.522634" lon="12.204754">
        <ele>769.5</ele>
      </trkpt>
      <trkpt lat="47.522391" lon="12.205099">
        <ele>764.5</ele>
      </trkpt>
      <trkpt lat="47.522303" lon="12.205357">
        <ele>763.25</ele>
      </trkpt>
      <trkpt lat="47.52225" lon="12.20554">
        <ele>761</ele>
      </trkpt>
      <trkpt lat="47.522185" lon="12.205622">
        <ele>760</ele>
      </trkpt>
      <trkpt lat="47.522112" lon="12.20565">
        <ele>758.75</ele>
      </trkpt>
      <trkpt lat="47.521947" lon="12.205643">
        <ele>754.75</ele>
      </trkpt>
      <trkpt lat="47.521879" lon="12.205663">
        <ele>753</ele>
      </trkpt>
      <trkpt lat="47.521829" lon="12.20572">
        <ele>752.5</ele>
      </trkpt>
      <trkpt lat="47.521773" lon="12.20581">
        <ele>751.75</ele>
      </trkpt>
      <trkpt lat="47.521746" lon="12.205952">
        <ele>749.75</ele>
      </trkpt>
      <trkpt lat="47.52174" lon="12.206039">
        <ele>748.75</ele>
      </trkpt>
      <trkpt lat="47.521759" lon="12.206131">
        <ele>749.25</ele>
      </trkpt>
      <trkpt lat="47.521747" lon="12.206243">
        <ele>748.75</ele>
      </trkpt>
      <trkpt lat="47.521703" lon="12.206338">
        <ele>747.5</ele>
      </trkpt>
      <trkpt lat="47.521631" lon="12.206417">
        <ele>746.25</ele>
      </trkpt>
      <trkpt lat="47.521528" lon="12.206501">
        <ele>745</ele>
      </trkpt>
      <trkpt lat="47.521362" lon="12.206576">
        <ele>744</ele>
      </trkpt>
      <trkpt lat="47.521256" lon="12.206656">
        <ele>742</ele>
      </trkpt>
      <trkpt lat="47.521208" lon="12.20672">
        <ele>741.25</ele>
      </trkpt>
      <trkpt lat="47.52115" lon="12.206826">
        <ele>740.25</ele>
      </trkpt>
      <trkpt lat="47.521099" lon="12.20697">
        <ele>740</ele>
      </trkpt>
      <trkpt lat="47.521053" lon="12.207008">
        <ele>739.5</ele>
      </trkpt>
      <trkpt lat="47.521019" lon="12.206988">
        <ele>738.25</ele>
      </trkpt>
      <trkpt lat="47.52102" lon="12.206912">
        <ele>737.25</ele>
      </trkpt>
      <trkpt lat="47.521088" lon="12.206622">
        <ele>735.75</ele>
      </trkpt>
      <trkpt lat="47.521144" lon="12.206282">
        <ele>733.5</ele>
      </trkpt>
      <trkpt lat="47.521256" lon="12.205704">
        <ele>727.25</ele>
      </trkpt>
      <trkpt lat="47.521324" lon="12.205513">
        <ele>727</ele>
      </trkpt>
      <trkpt lat="47.521358" lon="12.205362">
        <ele>726.5</ele>
      </trkpt>
      <trkpt lat="47.521347" lon="12.205153">
        <ele>724</ele>
      </trkpt>
      <trkpt lat="47.521198" lon="12.204225">
        <ele>717</ele>
      </trkpt>
      <trkpt lat="47.521147" lon="12.204038">
        <ele>714.25</ele>
      </trkpt>
      <trkpt lat="47.52113" lon="12.203837">
        <ele>712</ele>
      </trkpt>
      <trkpt lat="47.521251" lon="12.202484">
        <ele>704.75</ele>
      </trkpt>
      <trkpt lat="47.52126" lon="12.202324">
        <ele>703.75</ele>
      </trkpt>
      <trkpt lat="47.521286" lon="12.201829">
        <ele>699.75</ele>
      </trkpt>
      <trkpt lat="47.521324" lon="12.201351">
        <ele>695</ele>
      </trkpt>
      <trkpt lat="47.521312" lon="12.201191">
        <ele>693.75</ele>
      </trkpt>
      <trkpt lat="47.521235" lon="12.201044">
        <ele>690.75</ele>
      </trkpt>
      <trkpt lat="47.521177" lon="12.200867">
        <ele>691.25</ele>
      </trkpt>
      <trkpt lat="47.521157" lon="12.200646">
        <ele>689.5</ele>
      </trkpt>
      <trkpt lat="47.521174" lon="12.200472">
        <ele>688</ele>
      </trkpt>
      <trkpt lat="47.52115" lon="12.200324">
        <ele>686</ele>
      </trkpt>
      <trkpt lat="47.521092" lon="12.200077">
        <ele>683.75</ele>
      </trkpt>
      <trkpt lat="47.521065" lon="12.199861">
        <ele>682.25</ele>
      </trkpt>
      <trkpt lat="47.520977" lon="12.1997">
        <ele>678.75</ele>
      </trkpt>
      <trkpt lat="47.520846" lon="12.199539">
        <ele>677.5</ele>
      </trkpt>
      <trkpt lat="47.520797" lon="12.199363">
        <ele>676.25</ele>
      </trkpt>
      <trkpt lat="47.520787" lon="12.199091">
        <ele>673.5</ele>
      </trkpt>
      <trkpt lat="47.520819" lon="12.19882">
        <ele>672.25</ele>
      </trkpt>
      <trkpt lat="47.520932" lon="12.198479">
        <ele>668.75</ele>
      </trkpt>
      <trkpt lat="47.520842" lon="12.19857">
        <ele>669.25</ele>
      </trkpt>
      <trkpt lat="47.520755" lon="12.198746">
        <ele>668</ele>
      </trkpt>
      <trkpt lat="47.520636" lon="12.199106">
        <ele>665.5</ele>
      </trkpt>
      <trkpt lat="47.520592" lon="12.199286">
        <ele>664</ele>
      </trkpt>
      <trkpt lat="47.52052" lon="12.19976">
        <ele>661.75</ele>
      </trkpt>
      <trkpt lat="47.520425" lon="12.200134">
        <ele>664.75</ele>
      </trkpt>
      <trkpt lat="47.520391" lon="12.200163">
        <ele>663.75</ele>
      </trkpt>
      <trkpt lat="47.520324" lon="12.200163">
        <ele>661.25</ele>
      </trkpt>
      <trkpt lat="47.520282" lon="12.200138">
        <ele>659</ele>
      </trkpt>
      <trkpt lat="47.520242" lon="12.200145">
        <ele>657.5</ele>
      </trkpt>
      <trkpt lat="47.52021" lon="12.200193">
        <ele>656.75</ele>
      </trkpt>
      <trkpt lat="47.520145" lon="12.200641">
        <ele>657.75</ele>
      </trkpt>
      <trkpt lat="47.520098" lon="12.200857">
        <ele>657</ele>
      </trkpt>
      <trkpt lat="47.519959" lon="12.20118">
        <ele>653</ele>
      </trkpt>
      <trkpt lat="47.519935" lon="12.201309">
        <ele>653.75</ele>
      </trkpt>
      <trkpt lat="47.519937" lon="12.201415">
        <ele>654.75</ele>
      </trkpt>
      <trkpt lat="47.519907" lon="12.201503">
        <ele>655</ele>
      </trkpt>
      <trkpt lat="47.519855" lon="12.201529">
        <ele>654.75</ele>
      </trkpt>
      <trkpt lat="47.519783" lon="12.201503">
        <ele>653.5</ele>
      </trkpt>
      <trkpt lat="47.519721" lon="12.201452">
        <ele>651.5</ele>
      </trkpt>
      <trkpt lat="47.519672" lon="12.201423">
        <ele>650</ele>
      </trkpt>
      <trkpt lat="47.519605" lon="12.201408">
        <ele>648.5</ele>
      </trkpt>
      <trkpt lat="47.51954" lon="12.201437">
        <ele>648.25</ele>
      </trkpt>
      <trkpt lat="47.519391" lon="12.201588">
        <ele>647.75</ele>
      </trkpt>
      <trkpt lat="47.51933" lon="12.201621">
        <ele>646.5</ele>
      </trkpt>
      <trkpt lat="47.519292" lon="12.201591">
        <ele>644.75</ele>
      </trkpt>
      <trkpt lat="47.51929" lon="12.2015">
        <ele>643.5</ele>
      </trkpt>
      <trkpt lat="47.519305" lon="12.201386">
        <ele>642.25</ele>
      </trkpt>
      <trkpt lat="47.519357" lon="12.201217">
        <ele>641.5</ele>
      </trkpt>
      <trkpt lat="47.519419" lon="12.201118">
        <ele>641.5</ele>
      </trkpt>
      <trkpt lat="47.519436" lon="12.201026">
        <ele>640.25</ele>
      </trkpt>
      <trkpt lat="47.519414" lon="12.200949">
        <ele>638.25</ele>
      </trkpt>
      <trkpt lat="47.519362" lon="12.200909">
        <ele>636.75</ele>
      </trkpt>
      <trkpt lat="47.519287" lon="12.20092">
        <ele>635.5</ele>
      </trkpt>
      <trkpt lat="47.519173" lon="12.200997">
        <ele>634.25</ele>
      </trkpt>
      <trkpt lat="47.519079" lon="12.201085">
        <ele>634.25</ele>
      </trkpt>
      <trkpt lat="47.519017" lon="12.201114">
        <ele>633.75</ele>
      </trkpt>
      <trkpt lat="47.518948" lon="12.2011">
        <ele>632.5</ele>
      </trkpt>
      <trkpt lat="47.518868" lon="12.201026">
        <ele>630.75</ele>
      </trkpt>
      <trkpt lat="47.518794" lon="12.200978">
        <ele>629.5</ele>
      </trkpt>
      <trkpt lat="47.518712" lon="12.200964">
        <ele>628.75</ele>
      </trkpt>
      <trkpt lat="47.518643" lon="12.200989">
        <ele>628.25</ele>
      </trkpt>
      <trkpt lat="47.518588" lon="12.201044">
        <ele>627.5</ele>
      </trkpt>
      <trkpt lat="47.518536" lon="12.20114">
        <ele>627</ele>
      </trkpt>
      <trkpt lat="47.518469" lon="12.201188">
        <ele>626.25</ele>
      </trkpt>
      <trkpt lat="47.5183" lon="12.201246">
        <ele>623.5</ele>
      </trkpt>
      <trkpt lat="47.518282" lon="12.201187">
        <ele>622.75</ele>
      </trkpt>
      <trkpt lat="47.518227" lon="12.20118">
        <ele>621.25</ele>
      </trkpt>
      <trkpt lat="47.517828" lon="12.201541">
        <ele>618.25</ele>
      </trkpt>
      <trkpt lat="47.517721" lon="12.201623">
        <ele>616.5</ele>
      </trkpt>
      <trkpt lat="47.517631" lon="12.201655">
        <ele>614.75</ele>
      </trkpt>
      <trkpt lat="47.517544" lon="12.201654">
        <ele>612.75</ele>
      </trkpt>
      <trkpt lat="47.51735" lon="12.201605">
        <ele>612.75</ele>
      </trkpt>
      <trkpt lat="47.517341" lon="12.201603">
        <ele>612.75</ele>
      </trkpt>
      <trkpt lat="47.517152" lon="12.201541">
        <ele>613.25</ele>
      </trkpt>
      <trkpt lat="47.516982" lon="12.201421">
        <ele>613</ele>
      </trkpt>
      <trkpt lat="47.516707" lon="12.201176">
        <ele>613.5</ele>
      </trkpt>
      <trkpt lat="47.516647" lon="12.201147">
        <ele>613.75</ele>
      </trkpt>
      <trkpt lat="47.516595" lon="12.201136">
        <ele>614</ele>
      </trkpt>
      <trkpt lat="47.516543" lon="12.201146">
        <ele>614.25</ele>
      </trkpt>
      <trkpt lat="47.516487" lon="12.201174">
        <ele>614.5</ele>
      </trkpt>
      <trkpt lat="47.516443" lon="12.201209">
        <ele>615</ele>
      </trkpt>
      <trkpt lat="47.516407" lon="12.201268">
        <ele>615.25</ele>
      </trkpt>
      <trkpt lat="47.516368" lon="12.201421">
        <ele>616.5</ele>
      </trkpt>
      <trkpt lat="47.516315" lon="12.201774">
        <ele>619.75</ele>
      </trkpt>
      <trkpt lat="47.51623" lon="12.202208">
        <ele>622</ele>
      </trkpt>
      <trkpt lat="47.516208" lon="12.202789">
        <ele>622.25</ele>
      </trkpt>
      <trkpt lat="47.516225" lon="12.203116">
        <ele>621.75</ele>
      </trkpt>
      <trkpt lat="47.516343" lon="12.203495">
        <ele>620</ele>
      </trkpt>
      <trkpt lat="47.516402" lon="12.20366">
        <ele>618.5</ele>
      </trkpt>
      <trkpt lat="47.516421" lon="12.203742">
        <ele>618</ele>
      </trkpt>
      <trkpt lat="47.516446" lon="12.203915">
        <ele>617.5</ele>
      </trkpt>
      <trkpt lat="47.516475" lon="12.204066">
        <ele>618</ele>
      </trkpt>
      <trkpt lat="47.516512" lon="12.20411">
        <ele>617.75</ele>
      </trkpt>
      <trkpt lat="47.516565" lon="12.204137">
        <ele>617.5</ele>
      </trkpt>
      <trkpt lat="47.51673" lon="12.204166">
        <ele>616.75</ele>
      </trkpt>
      <trkpt lat="47.516767" lon="12.204201">
        <ele>616.5</ele>
      </trkpt>
      <trkpt lat="47.516793" lon="12.20425">
        <ele>616.5</ele>
      </trkpt>
      <trkpt lat="47.516805" lon="12.20432">
        <ele>616.75</ele>
      </trkpt>
      <trkpt lat="47.51681" lon="12.204428">
        <ele>616.75</ele>
      </trkpt>
      <trkpt lat="47.516797" lon="12.204647">
        <ele>617.25</ele>
      </trkpt>
      <trkpt lat="47.516768" lon="12.204897">
        <ele>618</ele>
      </trkpt>
      <trkpt lat="47.516742" lon="12.205193">
        <ele>618.5</ele>
      </trkpt>
      <trkpt lat="47.516675" lon="12.206339">
        <ele>620.75</ele>
      </trkpt>
      <trkpt lat="47.516637" lon="12.206578">
        <ele>621</ele>
      </trkpt>
      <trkpt lat="47.516582" lon="12.206794">
        <ele>621.25</ele>
      </trkpt>
      <trkpt lat="47.516544" lon="12.206976">
        <ele>621.5</ele>
      </trkpt>
      <trkpt lat="47.516542" lon="12.207001">
        <ele>621.75</ele>
      </trkpt>
      <trkpt lat="47.516542" lon="12.207162">
        <ele>622.5</ele>
      </trkpt>
      <trkpt lat="47.516532" lon="12.20724">
        <ele>623</ele>
      </trkpt>
      <trkpt lat="47.516497" lon="12.207221">
        <ele>622.75</ele>
      </trkpt>
      <trkpt lat="47.51646" lon="12.207215">
        <ele>622.75</ele>
      </trkpt>
      <trkpt lat="47.516288" lon="12.207235">
        <ele>623</ele>
      </trkpt>
      <trkpt lat="47.516199" lon="12.207308">
        <ele>623.25</ele>
      </trkpt>
      <trkpt lat="47.516122" lon="12.207385">
        <ele>623.5</ele>
      </trkpt>
      <trkpt lat="47.515822" lon="12.207767">
        <ele>624.75</ele>
      </trkpt>
      <trkpt lat="47.515665" lon="12.207917">
        <ele>625</ele>
      </trkpt>
      <trkpt lat="47.515507" lon="12.20804">
        <ele>625.75</ele>
      </trkpt>
      <trkpt lat="47.515361" lon="12.208119">
        <ele>625.5</ele>
      </trkpt>
      <trkpt lat="47.515276" lon="12.208154">
        <ele>625.5</ele>
      </trkpt>
      <trkpt lat="47.515169" lon="12.208166">
        <ele>626</ele>
      </trkpt>
      <trkpt lat="47.515068" lon="12.208148">
        <ele>626.25</ele>
      </trkpt>
      <trkpt lat="47.514636" lon="12.208034">
        <ele>629.25</ele>
      </trkpt>
      <trkpt lat="47.514331" lon="12.208052">
        <ele>630.25</ele>
      </trkpt>
      <trkpt lat="47.514206" lon="12.208015">
        <ele>630.75</ele>
      </trkpt>
      <trkpt lat="47.514151" lon="12.207962">
        <ele>631.5</ele>
      </trkpt>
      <trkpt lat="47.51409" lon="12.20794">
        <ele>633</ele>
      </trkpt>
      <trkpt lat="47.513901" lon="12.207899">
        <ele>636.5</ele>
      </trkpt>
      <trkpt lat="47.513822" lon="12.207882">
        <ele>635.5</ele>
      </trkpt>
      <trkpt lat="47.513703" lon="12.207899">
        <ele>634</ele>
      </trkpt>
      <trkpt lat="47.513614" lon="12.207834">
        <ele>632.25</ele>
      </trkpt>
      <trkpt lat="47.513418" lon="12.207653">
        <ele>633</ele>
      </trkpt>
      <trkpt lat="47.513082" lon="12.2074">
        <ele>633.75</ele>
      </trkpt>
      <trkpt lat="47.512819" lon="12.207226">
        <ele>634.5</ele>
      </trkpt>
      <trkpt lat="47.512497" lon="12.207082">
        <ele>635</ele>
      </trkpt>
      <trkpt lat="47.512271" lon="12.206995">
        <ele>635.75</ele>
      </trkpt>
      <trkpt lat="47.511834" lon="12.206762">
        <ele>638</ele>
      </trkpt>
      <trkpt lat="47.511603" lon="12.206669">
        <ele>639.25</ele>
      </trkpt>
      <trkpt lat="47.511475" lon="12.206664">
        <ele>640.25</ele>
      </trkpt>
      <trkpt lat="47.511309" lon="12.2068">
        <ele>642.25</ele>
      </trkpt>
      <trkpt lat="47.511089" lon="12.206928">
        <ele>644.25</ele>
      </trkpt>
      <trkpt lat="47.510984" lon="12.20703">
        <ele>646</ele>
      </trkpt>
      <trkpt lat="47.510816" lon="12.207252">
        <ele>645.25</ele>
      </trkpt>
      <trkpt lat="47.510624" lon="12.207378">
        <ele>647</ele>
      </trkpt>
      <trkpt lat="47.510364" lon="12.207481">
        <ele>646.75</ele>
      </trkpt>
      <trkpt lat="47.510084" lon="12.207533">
        <ele>648.75</ele>
      </trkpt>
      <trkpt lat="47.509842" lon="12.20748">
        <ele>647.75</ele>
      </trkpt>
      <trkpt lat="47.509627" lon="12.207386">
        <ele>648.25</ele>
      </trkpt>
      <trkpt lat="47.509518" lon="12.207307">
        <ele>648.5</ele>
      </trkpt>
      <trkpt lat="47.509415" lon="12.207207">
        <ele>649</ele>
      </trkpt>
      <trkpt lat="47.509279" lon="12.207032">
        <ele>649.75</ele>
      </trkpt>
      <trkpt lat="47.509233" lon="12.206945">
        <ele>650.25</ele>
      </trkpt>
      <trkpt lat="47.509123" lon="12.206678">
        <ele>652.5</ele>
      </trkpt>
      <trkpt lat="47.509071" lon="12.206487">
        <ele>655.25</ele>
      </trkpt>
      <trkpt lat="47.509" lon="12.205915">
        <ele>656.75</ele>
      </trkpt>
      <trkpt lat="47.508936" lon="12.205614">
        <ele>655.5</ele>
      </trkpt>
      <trkpt lat="47.508896" lon="12.20546">
        <ele>654.25</ele>
      </trkpt>
      <trkpt lat="47.508801" lon="12.205332">
        <ele>656</ele>
      </trkpt>
      <trkpt lat="47.508674" lon="12.20523">
        <ele>656.5</ele>
      </trkpt>
      <trkpt lat="47.508523" lon="12.205175">
        <ele>658.75</ele>
      </trkpt>
      <trkpt lat="47.508123" lon="12.205162">
        <ele>661.75</ele>
      </trkpt>
      <trkpt lat="47.508" lon="12.205086">
        <ele>661.25</ele>
      </trkpt>
      <trkpt lat="47.507886" lon="12.204977">
        <ele>662</ele>
      </trkpt>
      <trkpt lat="47.507759" lon="12.204891">
        <ele>663.25</ele>
      </trkpt>
      <trkpt lat="47.507636" lon="12.204835">
        <ele>663.25</ele>
      </trkpt>
      <trkpt lat="47.507517" lon="12.204808">
        <ele>663.5</ele>
      </trkpt>
      <trkpt lat="47.507414" lon="12.204781">
        <ele>665.25</ele>
      </trkpt>
      <trkpt lat="47.507325" lon="12.204711">
        <ele>665</ele>
      </trkpt>
      <trkpt lat="47.507216" lon="12.204574">
        <ele>664.5</ele>
      </trkpt>
      <trkpt lat="47.507147" lon="12.204435">
        <ele>665</ele>
      </trkpt>
      <trkpt lat="47.50707" lon="12.204342">
        <ele>668.75</ele>
      </trkpt>
      <trkpt lat="47.506942" lon="12.204227">
        <ele>668.75</ele>
      </trkpt>
      <trkpt lat="47.506811" lon="12.204139">
        <ele>669</ele>
      </trkpt>
      <trkpt lat="47.50665" lon="12.20408">
        <ele>670.75</ele>
      </trkpt>
      <trkpt lat="47.506556" lon="12.20404">
        <ele>670</ele>
      </trkpt>
      <trkpt lat="47.506443" lon="12.204031">
        <ele>670.25</ele>
      </trkpt>
      <trkpt lat="47.506325" lon="12.204074">
        <ele>670.75</ele>
      </trkpt>
      <trkpt lat="47.50625" lon="12.204145">
        <ele>671.25</ele>
      </trkpt>
      <trkpt lat="47.5061" lon="12.203897">
        <ele>672</ele>
      </trkpt>
      <trkpt lat="47.506059" lon="12.20381">
        <ele>671.75</ele>
      </trkpt>
      <trkpt lat="47.505884" lon="12.203443">
        <ele>671.25</ele>
      </trkpt>
      <trkpt lat="47.505696" lon="12.20291">
        <ele>672</ele>
      </trkpt>
      <trkpt lat="47.505469" lon="12.202174">
        <ele>674.5</ele>
      </trkpt>
      <trkpt lat="47.505241" lon="12.201229">
        <ele>678.75</ele>
      </trkpt>
      <trkpt lat="47.504434" lon="12.200975">
        <ele>682</ele>
      </trkpt>
      <trkpt lat="47.504376" lon="12.200971">
        <ele>682.25</ele>
      </trkpt>
      <trkpt lat="47.504108" lon="12.200674">
        <ele>683.75</ele>
      </trkpt>
      <trkpt lat="47.503936" lon="12.200439">
        <ele>684.75</ele>
      </trkpt>
      <trkpt lat="47.503835" lon="12.200338">
        <ele>685.25</ele>
      </trkpt>
      <trkpt lat="47.503635" lon="12.200178">
        <ele>686.5</ele>
      </trkpt>
      <trkpt lat="47.503513" lon="12.200068">
        <ele>687.25</ele>
      </trkpt>
      <trkpt lat="47.502963" lon="12.199575">
        <ele>691.75</ele>
      </trkpt>
      <trkpt lat="47.5027" lon="12.19935">
        <ele>693.25</ele>
      </trkpt>
      <trkpt lat="47.502359" lon="12.199102">
        <ele>694.5</ele>
      </trkpt>
      <trkpt lat="47.502292" lon="12.19906">
        <ele>695</ele>
      </trkpt>
      <trkpt lat="47.502167" lon="12.199019">
        <ele>695.75</ele>
      </trkpt>
      <trkpt lat="47.501995" lon="12.19901">
        <ele>697.25</ele>
      </trkpt>
      <trkpt lat="47.5018" lon="12.198939">
        <ele>697.75</ele>
      </trkpt>
      <trkpt lat="47.501597" lon="12.198892">
        <ele>698.75</ele>
      </trkpt>
      <trkpt lat="47.501551" lon="12.199043">
        <ele>700</ele>
      </trkpt>
      <trkpt lat="47.501566" lon="12.199165">
        <ele>700.5</ele>
      </trkpt>
      <trkpt lat="47.501571" lon="12.199164">
        <ele>699.75</ele>
      </trkpt>
      <trkpt lat="47.501566" lon="12.199165">
        <ele>700.5</ele>
      </trkpt>
      <trkpt lat="47.501551" lon="12.199043">
        <ele>700</ele>
      </trkpt>
      <trkpt lat="47.501597" lon="12.198892">
        <ele>698.75</ele>
      </trkpt>
      <trkpt lat="47.5018" lon="12.198939">
        <ele>697.75</ele>
      </trkpt>
      <trkpt lat="47.501995" lon="12.19901">
        <ele>697.25</ele>
      </trkpt>
      <trkpt lat="47.502167" lon="12.199019">
        <ele>695.75</ele>
      </trkpt>
      <trkpt lat="47.502292" lon="12.19906">
        <ele>695</ele>
      </trkpt>
      <trkpt lat="47.502359" lon="12.199102">
        <ele>694.5</ele>
      </trkpt>
      <trkpt lat="47.5027" lon="12.19935">
        <ele>693.25</ele>
      </trkpt>
      <trkpt lat="47.502963" lon="12.199575">
        <ele>691.75</ele>
      </trkpt>
      <trkpt lat="47.503513" lon="12.200068">
        <ele>687.25</ele>
      </trkpt>
      <trkpt lat="47.503635" lon="12.200178">
        <ele>686.5</ele>
      </trkpt>
      <trkpt lat="47.503835" lon="12.200338">
        <ele>685.25</ele>
      </trkpt>
      <trkpt lat="47.503936" lon="12.200439">
        <ele>684.75</ele>
      </trkpt>
      <trkpt lat="47.504108" lon="12.200674">
        <ele>683.75</ele>
      </trkpt>
      <trkpt lat="47.504376" lon="12.200971">
        <ele>682.25</ele>
      </trkpt>
      <trkpt lat="47.504434" lon="12.200975">
        <ele>682</ele>
      </trkpt>
      <trkpt lat="47.505241" lon="12.201229">
        <ele>678.75</ele>
      </trkpt>
      <trkpt lat="47.505229" lon="12.201144">
        <ele>678.25</ele>
      </trkpt>
      <trkpt lat="47.505191" lon="12.200977">
        <ele>678.75</ele>
      </trkpt>
      <trkpt lat="47.50515" lon="12.200822">
        <ele>679.75</ele>
      </trkpt>
      <trkpt lat="47.505002" lon="12.200467">
        <ele>680.75</ele>
      </trkpt>
      <trkpt lat="47.504846" lon="12.20017">
        <ele>681.25</ele>
      </trkpt>
      <trkpt lat="47.504762" lon="12.199991">
        <ele>681.5</ele>
      </trkpt>
      <trkpt lat="47.50472" lon="12.19983">
        <ele>682</ele>
      </trkpt>
      <trkpt lat="47.504664" lon="12.199627">
        <ele>682.25</ele>
      </trkpt>
      <trkpt lat="47.504646" lon="12.199529">
        <ele>682.5</ele>
      </trkpt>
      <trkpt lat="47.504642" lon="12.199225">
        <ele>683</ele>
      </trkpt>
      <trkpt lat="47.504649" lon="12.198842">
        <ele>684.25</ele>
      </trkpt>
      <trkpt lat="47.504641" lon="12.198428">
        <ele>684</ele>
      </trkpt>
      <trkpt lat="47.50461" lon="12.198141">
        <ele>683.5</ele>
      </trkpt>
      <trkpt lat="47.504604" lon="12.198086">
        <ele>683.5</ele>
      </trkpt>
      <trkpt lat="47.504529" lon="12.1975">
        <ele>684.5</ele>
      </trkpt>
      <trkpt lat="47.504414" lon="12.196703">
        <ele>685.75</ele>
      </trkpt>
      <trkpt lat="47.504438" lon="12.196657">
        <ele>686</ele>
      </trkpt>
      <trkpt lat="47.504471" lon="12.196594">
        <ele>685.75</ele>
      </trkpt>
      <trkpt lat="47.504399" lon="12.196413">
        <ele>686.75</ele>
      </trkpt>
      <trkpt lat="47.504314" lon="12.196224">
        <ele>687</ele>
      </trkpt>
      <trkpt lat="47.504257" lon="12.196122">
        <ele>687</ele>
      </trkpt>
      <trkpt lat="47.504282" lon="12.1961">
        <ele>687</ele>
      </trkpt>
      <trkpt lat="47.504304" lon="12.19608">
        <ele>687</ele>
      </trkpt>
      <trkpt lat="47.50434" lon="12.196041">
        <ele>687</ele>
      </trkpt>
      <trkpt lat="47.504367" lon="12.195974">
        <ele>687</ele>
      </trkpt>
      <trkpt lat="47.504378" lon="12.195888">
        <ele>687</ele>
      </trkpt>
      <trkpt lat="47.504368" lon="12.195521">
        <ele>687</ele>
      </trkpt>
      <trkpt lat="47.504374" lon="12.194783">
        <ele>688</ele>
      </trkpt>
      <trkpt lat="47.504437" lon="12.194062">
        <ele>687</ele>
      </trkpt>
      <trkpt lat="47.504473" lon="12.19365">
        <ele>686.75</ele>
      </trkpt>
      <trkpt lat="47.504472" lon="12.193399">
        <ele>686.75</ele>
      </trkpt>
      <trkpt lat="47.504458" lon="12.193259">
        <ele>686.75</ele>
      </trkpt>
      <trkpt lat="47.504438" lon="12.193163">
        <ele>687</ele>
      </trkpt>
      <trkpt lat="47.504401" lon="12.193034">
        <ele>687.5</ele>
      </trkpt>
      <trkpt lat="47.504355" lon="12.192904">
        <ele>688</ele>
      </trkpt>
      <trkpt lat="47.504267" lon="12.192698">
        <ele>687.75</ele>
      </trkpt>
      <trkpt lat="47.504196" lon="12.192579">
        <ele>688</ele>
      </trkpt>
      <trkpt lat="47.504197" lon="12.192506">
        <ele>687.75</ele>
      </trkpt>
      <trkpt lat="47.504216" lon="12.192441">
        <ele>687.5</ele>
      </trkpt>
      <trkpt lat="47.504321" lon="12.192252">
        <ele>687.25</ele>
      </trkpt>
      <trkpt lat="47.504395" lon="12.192119">
        <ele>687</ele>
      </trkpt>
      <trkpt lat="47.504417" lon="12.192051">
        <ele>687</ele>
      </trkpt>
      <trkpt lat="47.504414" lon="12.19199">
        <ele>687</ele>
      </trkpt>
      <trkpt lat="47.50435" lon="12.191871">
        <ele>686.75</ele>
      </trkpt>
      <trkpt lat="47.504299" lon="12.191728">
        <ele>687</ele>
      </trkpt>
      <trkpt lat="47.504279" lon="12.19169">
        <ele>687</ele>
      </trkpt>
      <trkpt lat="47.504161" lon="12.191557">
        <ele>688</ele>
      </trkpt>
      <trkpt lat="47.504131" lon="12.19151">
        <ele>688.25</ele>
      </trkpt>
      <trkpt lat="47.503922" lon="12.191008">
        <ele>687.75</ele>
      </trkpt>
      <trkpt lat="47.503872" lon="12.190933">
        <ele>688</ele>
      </trkpt>
      <trkpt lat="47.503904" lon="12.190893">
        <ele>687.75</ele>
      </trkpt>
      <trkpt lat="47.503999" lon="12.190789">
        <ele>687.75</ele>
      </trkpt>
      <trkpt lat="47.504133" lon="12.190656">
        <ele>687.25</ele>
      </trkpt>
      <trkpt lat="47.504172" lon="12.190603">
        <ele>687</ele>
      </trkpt>
      <trkpt lat="47.504224" lon="12.190513">
        <ele>687</ele>
      </trkpt>
      <trkpt lat="47.504343" lon="12.190283">
        <ele>687</ele>
      </trkpt>
      <trkpt lat="47.504349" lon="12.190175">
        <ele>687</ele>
      </trkpt>
      <trkpt lat="47.504328" lon="12.189588">
        <ele>688.25</ele>
      </trkpt>
      <trkpt lat="47.504324" lon="12.1894">
        <ele>689.25</ele>
      </trkpt>
      <trkpt lat="47.504329" lon="12.189202">
        <ele>690</ele>
      </trkpt>
      <trkpt lat="47.504398" lon="12.188765">
        <ele>691.25</ele>
      </trkpt>
      <trkpt lat="47.504496" lon="12.188417">
        <ele>692.25</ele>
      </trkpt>
      <trkpt lat="47.504624" lon="12.188073">
        <ele>693.75</ele>
      </trkpt>
      <trkpt lat="47.504745" lon="12.187827">
        <ele>694</ele>
      </trkpt>
      <trkpt lat="47.504923" lon="12.187472">
        <ele>696.75</ele>
      </trkpt>
      <trkpt lat="47.505078" lon="12.18707">
        <ele>696.5</ele>
      </trkpt>
      <trkpt lat="47.505092" lon="12.186948">
        <ele>696.5</ele>
      </trkpt>
      <trkpt lat="47.5051" lon="12.186868">
        <ele>696.5</ele>
      </trkpt>
      <trkpt lat="47.505046" lon="12.186687">
        <ele>696</ele>
      </trkpt>
      <trkpt lat="47.504973" lon="12.186535">
        <ele>696.25</ele>
      </trkpt>
      <trkpt lat="47.504941" lon="12.186479">
        <ele>696.25</ele>
      </trkpt>
      <trkpt lat="47.504736" lon="12.186135">
        <ele>696.75</ele>
      </trkpt>
      <trkpt lat="47.504554" lon="12.185742">
        <ele>698</ele>
      </trkpt>
      <trkpt lat="47.504452" lon="12.185529">
        <ele>698</ele>
      </trkpt>
      <trkpt lat="47.504358" lon="12.185185">
        <ele>699.75</ele>
      </trkpt>
      <trkpt lat="47.5043" lon="12.184845">
        <ele>701</ele>
      </trkpt>
      <trkpt lat="47.504296" lon="12.184689">
        <ele>701.5</ele>
      </trkpt>
      <trkpt lat="47.504278" lon="12.184443">
        <ele>703.25</ele>
      </trkpt>
      <trkpt lat="47.504248" lon="12.184051">
        <ele>704.75</ele>
      </trkpt>
      <trkpt lat="47.50414" lon="12.183615">
        <ele>705.75</ele>
      </trkpt>
      <trkpt lat="47.503996" lon="12.183212">
        <ele>707</ele>
      </trkpt>
      <trkpt lat="47.503901" lon="12.18289">
        <ele>708.25</ele>
      </trkpt>
      <trkpt lat="47.503776" lon="12.182512">
        <ele>709.5</ele>
      </trkpt>
      <trkpt lat="47.503676" lon="12.18217">
        <ele>711.75</ele>
      </trkpt>
      <trkpt lat="47.503664" lon="12.181984">
        <ele>712.75</ele>
      </trkpt>
      <trkpt lat="47.503775" lon="12.181427">
        <ele>716.75</ele>
      </trkpt>
      <trkpt lat="47.503959" lon="12.180141">
        <ele>727.5</ele>
      </trkpt>
      <trkpt lat="47.503992" lon="12.179974">
        <ele>729</ele>
      </trkpt>
      <trkpt lat="47.503939" lon="12.179796">
        <ele>729.25</ele>
      </trkpt>
      <trkpt lat="47.503874" lon="12.179649">
        <ele>729.25</ele>
      </trkpt>
      <trkpt lat="47.503802" lon="12.179519">
        <ele>729.5</ele>
      </trkpt>
      <trkpt lat="47.503752" lon="12.179443">
        <ele>729.5</ele>
      </trkpt>
      <trkpt lat="47.503503" lon="12.17915">
        <ele>728.75</ele>
      </trkpt>
      <trkpt lat="47.50316" lon="12.178924">
        <ele>725.75</ele>
      </trkpt>
      <trkpt lat="47.502961" lon="12.178749">
        <ele>725.25</ele>
      </trkpt>
      <trkpt lat="47.502824" lon="12.178652">
        <ele>725</ele>
      </trkpt>
      <trkpt lat="47.502593" lon="12.178396">
        <ele>724</ele>
      </trkpt>
      <trkpt lat="47.502016" lon="12.177686">
        <ele>722.75</ele>
      </trkpt>
      <trkpt lat="47.501803" lon="12.177366">
        <ele>722.25</ele>
      </trkpt>
      <trkpt lat="47.501661" lon="12.177113">
        <ele>722.25</ele>
      </trkpt>
      <trkpt lat="47.501563" lon="12.176974">
        <ele>721.75</ele>
      </trkpt>
      <trkpt lat="47.501464" lon="12.176877">
        <ele>721</ele>
      </trkpt>
      <trkpt lat="47.501186" lon="12.17663">
        <ele>719.5</ele>
      </trkpt>
      <trkpt lat="47.500982" lon="12.176388">
        <ele>719</ele>
      </trkpt>
      <trkpt lat="47.500801" lon="12.176217">
        <ele>718.5</ele>
      </trkpt>
      <trkpt lat="47.500462" lon="12.175975">
        <ele>718</ele>
      </trkpt>
      <trkpt lat="47.500364" lon="12.175928">
        <ele>717.25</ele>
      </trkpt>
      <trkpt lat="47.499714" lon="12.175518">
        <ele>714</ele>
      </trkpt>
      <trkpt lat="47.499438" lon="12.175376">
        <ele>712.5</ele>
      </trkpt>
      <trkpt lat="47.499327" lon="12.1753">
        <ele>712</ele>
      </trkpt>
      <trkpt lat="47.49875" lon="12.174827">
        <ele>708.25</ele>
      </trkpt>
      <trkpt lat="47.498453" lon="12.174596">
        <ele>706.5</ele>
      </trkpt>
      <trkpt lat="47.498179" lon="12.174356">
        <ele>705.25</ele>
      </trkpt>
      <trkpt lat="47.497987" lon="12.174161">
        <ele>704.5</ele>
      </trkpt>
      <trkpt lat="47.497848" lon="12.173999">
        <ele>704.25</ele>
      </trkpt>
      <trkpt lat="47.49772" lon="12.173828">
        <ele>703.75</ele>
      </trkpt>
      <trkpt lat="47.497379" lon="12.173289">
        <ele>704</ele>
      </trkpt>
      <trkpt lat="47.497188" lon="12.172871">
        <ele>704</ele>
      </trkpt>
      <trkpt lat="47.496939" lon="12.172418">
        <ele>703</ele>
      </trkpt>
      <trkpt lat="47.496722" lon="12.172154">
        <ele>703.25</ele>
      </trkpt>
      <trkpt lat="47.496285" lon="12.171922">
        <ele>703.25</ele>
      </trkpt>
      <trkpt lat="47.49623" lon="12.171862">
        <ele>703.5</ele>
      </trkpt>
      <trkpt lat="47.496135" lon="12.171939">
        <ele>703.75</ele>
      </trkpt>
      <trkpt lat="47.496081" lon="12.171993">
        <ele>704</ele>
      </trkpt>
      <trkpt lat="47.496021" lon="12.172072">
        <ele>704.25</ele>
      </trkpt>
      <trkpt lat="47.495597" lon="12.171647">
        <ele>703.5</ele>
      </trkpt>
      <trkpt lat="47.494605" lon="12.170809">
        <ele>699.25</ele>
      </trkpt>
      <trkpt lat="47.494407" lon="12.170621">
        <ele>698.25</ele>
      </trkpt>
      <trkpt lat="47.494229" lon="12.170438">
        <ele>697</ele>
      </trkpt>
      <trkpt lat="47.494174" lon="12.170357">
        <ele>696.5</ele>
      </trkpt>
      <trkpt lat="47.494101" lon="12.170225">
        <ele>695.5</ele>
      </trkpt>
      <trkpt lat="47.493973" lon="12.170084">
        <ele>695</ele>
      </trkpt>
      <trkpt lat="47.493896" lon="12.169997">
        <ele>694.75</ele>
      </trkpt>
      <trkpt lat="47.493819" lon="12.169824">
        <ele>693</ele>
      </trkpt>
      <trkpt lat="47.493662" lon="12.169229">
        <ele>688.5</ele>
      </trkpt>
      <trkpt lat="47.493375" lon="12.168343">
        <ele>684</ele>
      </trkpt>
      <trkpt lat="47.493288" lon="12.168118">
        <ele>682.5</ele>
      </trkpt>
      <trkpt lat="47.493107" lon="12.167617">
        <ele>680.75</ele>
      </trkpt>
      <trkpt lat="47.492884" lon="12.167028">
        <ele>678.75</ele>
      </trkpt>
      <trkpt lat="47.492758" lon="12.166639">
        <ele>677</ele>
      </trkpt>
      <trkpt lat="47.492645" lon="12.166292">
        <ele>675.25</ele>
      </trkpt>
      <trkpt lat="47.492579" lon="12.166167">
        <ele>674.25</ele>
      </trkpt>
      <trkpt lat="47.492484" lon="12.166049">
        <ele>673.25</ele>
      </trkpt>
      <trkpt lat="47.492431" lon="12.165997">
        <ele>672.75</ele>
      </trkpt>
      <trkpt lat="47.492308" lon="12.165916">
        <ele>671.75</ele>
      </trkpt>
      <trkpt lat="47.49226" lon="12.165887">
        <ele>671.5</ele>
      </trkpt>
      <trkpt lat="47.491948" lon="12.165699">
        <ele>669</ele>
      </trkpt>
      <trkpt lat="47.491798" lon="12.165609">
        <ele>667.75</ele>
      </trkpt>
      <trkpt lat="47.491587" lon="12.165482">
        <ele>666.5</ele>
      </trkpt>
      <trkpt lat="47.491234" lon="12.165264">
        <ele>664.75</ele>
      </trkpt>
      <trkpt lat="47.491095" lon="12.165177">
        <ele>664.5</ele>
      </trkpt>
      <trkpt lat="47.490871" lon="12.16498">
        <ele>662</ele>
      </trkpt>
      <trkpt lat="47.490774" lon="12.164894">
        <ele>661.5</ele>
      </trkpt>
      <trkpt lat="47.490022" lon="12.164267">
        <ele>658</ele>
      </trkpt>
      <trkpt lat="47.489908" lon="12.164189">
        <ele>657.25</ele>
      </trkpt>
      <trkpt lat="47.489773" lon="12.164123">
        <ele>656</ele>
      </trkpt>
      <trkpt lat="47.489641" lon="12.164072">
        <ele>655.25</ele>
      </trkpt>
      <trkpt lat="47.48946" lon="12.164031">
        <ele>655</ele>
      </trkpt>
      <trkpt lat="47.489319" lon="12.16401">
        <ele>654.5</ele>
      </trkpt>
      <trkpt lat="47.488753" lon="12.163966">
        <ele>652.25</ele>
      </trkpt>
      <trkpt lat="47.488376" lon="12.163903">
        <ele>651</ele>
      </trkpt>
      <trkpt lat="47.487913" lon="12.163743">
        <ele>650.25</ele>
      </trkpt>
      <trkpt lat="47.487779" lon="12.163622">
        <ele>648.25</ele>
      </trkpt>
      <trkpt lat="47.487676" lon="12.163493">
        <ele>650</ele>
      </trkpt>
      <trkpt lat="47.487503" lon="12.163192">
        <ele>649.25</ele>
      </trkpt>
      <trkpt lat="47.487296" lon="12.162793">
        <ele>647.5</ele>
      </trkpt>
      <trkpt lat="47.487193" lon="12.162842">
        <ele>649.5</ele>
      </trkpt>
      <trkpt lat="47.487123" lon="12.162846">
        <ele>650.5</ele>
      </trkpt>
      <trkpt lat="47.487041" lon="12.162824">
        <ele>650.75</ele>
      </trkpt>
      <trkpt lat="47.486983" lon="12.162782">
        <ele>649.75</ele>
      </trkpt>
      <trkpt lat="47.486933" lon="12.16272">
        <ele>650.5</ele>
      </trkpt>
      <trkpt lat="47.486842" lon="12.162543">
        <ele>652</ele>
      </trkpt>
      <trkpt lat="47.48678" lon="12.162278">
        <ele>651</ele>
      </trkpt>
      <trkpt lat="47.486741" lon="12.162172">
        <ele>650.75</ele>
      </trkpt>
      <trkpt lat="47.486655" lon="12.162015">
        <ele>651</ele>
      </trkpt>
      <trkpt lat="47.486623" lon="12.161927">
        <ele>651.25</ele>
      </trkpt>
      <trkpt lat="47.486596" lon="12.161807">
        <ele>651</ele>
      </trkpt>
      <trkpt lat="47.486582" lon="12.16167">
        <ele>650.5</ele>
      </trkpt>
      <trkpt lat="47.486459" lon="12.161419">
        <ele>650</ele>
      </trkpt>
      <trkpt lat="47.486356" lon="12.161222">
        <ele>650</ele>
      </trkpt>
      <trkpt lat="47.486308" lon="12.161108">
        <ele>650.5</ele>
      </trkpt>
      <trkpt lat="47.486123" lon="12.160666">
        <ele>649.75</ele>
      </trkpt>
      <trkpt lat="47.486059" lon="12.160495">
        <ele>649.75</ele>
      </trkpt>
      <trkpt lat="47.485933" lon="12.160068">
        <ele>649</ele>
      </trkpt>
      <trkpt lat="47.485764" lon="12.159647">
        <ele>648.75</ele>
      </trkpt>
      <trkpt lat="47.485721" lon="12.159483">
        <ele>648.5</ele>
      </trkpt>
      <trkpt lat="47.485655" lon="12.159092">
        <ele>647</ele>
      </trkpt>
      <trkpt lat="47.485606" lon="12.158805">
        <ele>645.25</ele>
      </trkpt>
      <trkpt lat="47.48556" lon="12.158531">
        <ele>643.75</ele>
      </trkpt>
      <trkpt lat="47.485525" lon="12.158324">
        <ele>643.75</ele>
      </trkpt>
      <trkpt lat="47.485484" lon="12.158193">
        <ele>643.25</ele>
      </trkpt>
      <trkpt lat="47.485438" lon="12.158088">
        <ele>643</ele>
      </trkpt>
      <trkpt lat="47.485031" lon="12.157486">
        <ele>640.75</ele>
      </trkpt>
      <trkpt lat="47.484989" lon="12.15737">
        <ele>640.5</ele>
      </trkpt>
      <trkpt lat="47.484809" lon="12.156879">
        <ele>640.25</ele>
      </trkpt>
      <trkpt lat="47.484552" lon="12.156048">
        <ele>637.75</ele>
      </trkpt>
      <trkpt lat="47.484412" lon="12.155321">
        <ele>634.25</ele>
      </trkpt>
      <trkpt lat="47.484399" lon="12.155252">
        <ele>633.75</ele>
      </trkpt>
      <trkpt lat="47.484381" lon="12.155035">
        <ele>632.25</ele>
      </trkpt>
      <trkpt lat="47.484372" lon="12.154927">
        <ele>631.75</ele>
      </trkpt>
      <trkpt lat="47.484365" lon="12.154276">
        <ele>627.25</ele>
      </trkpt>
      <trkpt lat="47.484362" lon="12.154147">
        <ele>626.5</ele>
      </trkpt>
      <trkpt lat="47.484364" lon="12.15396">
        <ele>625.75</ele>
      </trkpt>
      <trkpt lat="47.484366" lon="12.153662">
        <ele>624.75</ele>
      </trkpt>
      <trkpt lat="47.484358" lon="12.153456">
        <ele>623.25</ele>
      </trkpt>
      <trkpt lat="47.48433" lon="12.153239">
        <ele>621.75</ele>
      </trkpt>
      <trkpt lat="47.484284" lon="12.153049">
        <ele>620.75</ele>
      </trkpt>
      <trkpt lat="47.48426" lon="12.152966">
        <ele>620</ele>
      </trkpt>
      <trkpt lat="47.484236" lon="12.152854">
        <ele>619</ele>
      </trkpt>
      <trkpt lat="47.484224" lon="12.152777">
        <ele>618.5</ele>
      </trkpt>
      <trkpt lat="47.48419" lon="12.152493">
        <ele>616.75</ele>
      </trkpt>
      <trkpt lat="47.484158" lon="12.152158">
        <ele>614.5</ele>
      </trkpt>
      <trkpt lat="47.484141" lon="12.152069">
        <ele>613.75</ele>
      </trkpt>
      <trkpt lat="47.484118" lon="12.151987">
        <ele>613.25</ele>
      </trkpt>
      <trkpt lat="47.484081" lon="12.151899">
        <ele>612.5</ele>
      </trkpt>
      <trkpt lat="47.483811" lon="12.151431">
        <ele>610.5</ele>
      </trkpt>
      <trkpt lat="47.483649" lon="12.151094">
        <ele>607.75</ele>
      </trkpt>
      <trkpt lat="47.483404" lon="12.150589">
        <ele>605.25</ele>
      </trkpt>
      <trkpt lat="47.483239" lon="12.150231">
        <ele>603.75</ele>
      </trkpt>
      <trkpt lat="47.48319" lon="12.150073">
        <ele>603.5</ele>
      </trkpt>
      <trkpt lat="47.483158" lon="12.149933">
        <ele>602.75</ele>
      </trkpt>
      <trkpt lat="47.483136" lon="12.149855">
        <ele>602.25</ele>
      </trkpt>
      <trkpt lat="47.483075" lon="12.149619">
        <ele>601</ele>
      </trkpt>
      <trkpt lat="47.483022" lon="12.149287">
        <ele>600.25</ele>
      </trkpt>
      <trkpt lat="47.483006" lon="12.149043">
        <ele>599.75</ele>
      </trkpt>
      <trkpt lat="47.482995" lon="12.148883">
        <ele>599.75</ele>
      </trkpt>
      <trkpt lat="47.482985" lon="12.148623">
        <ele>599.5</ele>
      </trkpt>
      <trkpt lat="47.48293" lon="12.14784">
        <ele>597.5</ele>
      </trkpt>
      <trkpt lat="47.482788" lon="12.146961">
        <ele>595</ele>
      </trkpt>
      <trkpt lat="47.482615" lon="12.145319">
        <ele>591</ele>
      </trkpt>
      <trkpt lat="47.482572" lon="12.145071">
        <ele>591.25</ele>
      </trkpt>
      <trkpt lat="47.482745" lon="12.144035">
        <ele>587.75</ele>
      </trkpt>
      <trkpt lat="47.482832" lon="12.143373">
        <ele>588</ele>
      </trkpt>
      <trkpt lat="47.482855" lon="12.143035">
        <ele>587.5</ele>
      </trkpt>
      <trkpt lat="47.482856" lon="12.142558">
        <ele>586.25</ele>
      </trkpt>
      <trkpt lat="47.48287" lon="12.142216">
        <ele>585.5</ele>
      </trkpt>
      <trkpt lat="47.482855" lon="12.141787">
        <ele>583</ele>
      </trkpt>
      <trkpt lat="47.482838" lon="12.141557">
        <ele>581.75</ele>
      </trkpt>
      <trkpt lat="47.482763" lon="12.140938">
        <ele>579</ele>
      </trkpt>
      <trkpt lat="47.48263" lon="12.14014">
        <ele>576</ele>
      </trkpt>
      <trkpt lat="47.482667" lon="12.140097">
        <ele>576</ele>
      </trkpt>
      <trkpt lat="47.482697" lon="12.140021">
        <ele>576</ele>
      </trkpt>
      <trkpt lat="47.482725" lon="12.139922">
        <ele>575.75</ele>
      </trkpt>
      <trkpt lat="47.482785" lon="12.139577">
        <ele>576</ele>
      </trkpt>
      <trkpt lat="47.482819" lon="12.139446">
        <ele>576</ele>
      </trkpt>
      <trkpt lat="47.482966" lon="12.139002">
        <ele>575.75</ele>
      </trkpt>
      <trkpt lat="47.48308" lon="12.138597">
        <ele>575.25</ele>
      </trkpt>
      <trkpt lat="47.48316" lon="12.138352">
        <ele>576</ele>
      </trkpt>
      <trkpt lat="47.483271" lon="12.137964">
        <ele>576.75</ele>
      </trkpt>
      <trkpt lat="47.483347" lon="12.137588">
        <ele>577.75</ele>
      </trkpt>
      <trkpt lat="47.483415" lon="12.137154">
        <ele>581.25</ele>
      </trkpt>
      <trkpt lat="47.483452" lon="12.137035">
        <ele>582.25</ele>
      </trkpt>
      <trkpt lat="47.483492" lon="12.136735">
        <ele>583.5</ele>
      </trkpt>
      <trkpt lat="47.483464" lon="12.136604">
        <ele>583.5</ele>
      </trkpt>
      <trkpt lat="47.483448" lon="12.136212">
        <ele>584.75</ele>
      </trkpt>
      <trkpt lat="47.48346" lon="12.135781">
        <ele>585.75</ele>
      </trkpt>
      <trkpt lat="47.483448" lon="12.135564">
        <ele>586</ele>
      </trkpt>
      <trkpt lat="47.483427" lon="12.135369">
        <ele>586</ele>
      </trkpt>
      <trkpt lat="47.483376" lon="12.135009">
        <ele>586.5</ele>
      </trkpt>
      <trkpt lat="47.483361" lon="12.134819">
        <ele>587</ele>
      </trkpt>
      <trkpt lat="47.483375" lon="12.134655">
        <ele>587.5</ele>
      </trkpt>
      <trkpt lat="47.483511" lon="12.134004">
        <ele>586.75</ele>
      </trkpt>
      <trkpt lat="47.483556" lon="12.133861">
        <ele>586.75</ele>
      </trkpt>
      <trkpt lat="47.483644" lon="12.133674">
        <ele>586.75</ele>
      </trkpt>
      <trkpt lat="47.483793" lon="12.133418">
        <ele>586.75</ele>
      </trkpt>
      <trkpt lat="47.483809" lon="12.133371">
        <ele>586.5</ele>
      </trkpt>
      <trkpt lat="47.483832" lon="12.133305">
        <ele>586</ele>
      </trkpt>
      <trkpt lat="47.483884" lon="12.133131">
        <ele>586</ele>
      </trkpt>
      <trkpt lat="47.483907" lon="12.133">
        <ele>586</ele>
      </trkpt>
      <trkpt lat="47.483927" lon="12.132828">
        <ele>586</ele>
      </trkpt>
      <trkpt lat="47.483927" lon="12.131573">
        <ele>587</ele>
      </trkpt>
      <trkpt lat="47.483939" lon="12.131438">
        <ele>587.25</ele>
      </trkpt>
      <trkpt lat="47.483959" lon="12.1313">
        <ele>587.5</ele>
      </trkpt>
      <trkpt lat="47.483995" lon="12.131129">
        <ele>587.25</ele>
      </trkpt>
      <trkpt lat="47.484161" lon="12.130583">
        <ele>589</ele>
      </trkpt>
      <trkpt lat="47.484257" lon="12.130142">
        <ele>590.25</ele>
      </trkpt>
      <trkpt lat="47.484296" lon="12.130007">
        <ele>590.75</ele>
      </trkpt>
      <trkpt lat="47.484357" lon="12.129859">
        <ele>591.25</ele>
      </trkpt>
      <trkpt lat="47.484447" lon="12.129709">
        <ele>592</ele>
      </trkpt>
      <trkpt lat="47.484509" lon="12.129623">
        <ele>593.25</ele>
      </trkpt>
      <trkpt lat="47.484547" lon="12.129564">
        <ele>594</ele>
      </trkpt>
      <trkpt lat="47.484594" lon="12.129426">
        <ele>594.5</ele>
      </trkpt>
      <trkpt lat="47.484674" lon="12.129301">
        <ele>595</ele>
      </trkpt>
      <trkpt lat="47.484842" lon="12.128759">
        <ele>595.25</ele>
      </trkpt>
      <trkpt lat="47.485073" lon="12.128301">
        <ele>593.25</ele>
      </trkpt>
      <trkpt lat="47.484845" lon="12.128063">
        <ele>588.5</ele>
      </trkpt>
      <trkpt lat="47.484528" lon="12.127712">
        <ele>582.5</ele>
      </trkpt>
      <trkpt lat="47.484429" lon="12.127549">
        <ele>579.5</ele>
      </trkpt>
      <trkpt lat="47.484352" lon="12.127392">
        <ele>578.75</ele>
      </trkpt>
      <trkpt lat="47.484266" lon="12.127144">
        <ele>576</ele>
      </trkpt>
      <trkpt lat="47.484209" lon="12.126973">
        <ele>573</ele>
      </trkpt>
      <trkpt lat="47.484111" lon="12.126738">
        <ele>570.25</ele>
      </trkpt>
      <trkpt lat="47.484003" lon="12.126601">
        <ele>568.25</ele>
      </trkpt>
      <trkpt lat="47.483771" lon="12.126375">
        <ele>563.75</ele>
      </trkpt>
      <trkpt lat="47.483694" lon="12.126292">
        <ele>562.75</ele>
      </trkpt>
      <trkpt lat="47.483622" lon="12.126196">
        <ele>560.5</ele>
      </trkpt>
      <trkpt lat="47.483525" lon="12.126007">
        <ele>557.75</ele>
      </trkpt>
      <trkpt lat="47.483445" lon="12.125882">
        <ele>556.5</ele>
      </trkpt>
      <trkpt lat="47.483113" lon="12.125407">
        <ele>550.75</ele>
      </trkpt>
      <trkpt lat="47.483142" lon="12.125267">
        <ele>550</ele>
      </trkpt>
      <trkpt lat="47.483194" lon="12.125096">
        <ele>548.75</ele>
      </trkpt>
      <trkpt lat="47.483278" lon="12.124902">
        <ele>547.75</ele>
      </trkpt>
      <trkpt lat="47.483389" lon="12.124645">
        <ele>546</ele>
      </trkpt>
      <trkpt lat="47.483443" lon="12.124485">
        <ele>544.75</ele>
      </trkpt>
      <trkpt lat="47.483521" lon="12.124114">
        <ele>543.5</ele>
      </trkpt>
      <trkpt lat="47.483525" lon="12.124049">
        <ele>543.25</ele>
      </trkpt>
      <trkpt lat="47.48351" lon="12.124004">
        <ele>543.5</ele>
      </trkpt>
      <trkpt lat="47.483443" lon="12.123895">
        <ele>543.5</ele>
      </trkpt>
      <trkpt lat="47.483408" lon="12.123837">
        <ele>543.25</ele>
      </trkpt>
      <trkpt lat="47.483617" lon="12.123452">
        <ele>542.25</ele>
      </trkpt>
      <trkpt lat="47.483769" lon="12.123173">
        <ele>542</ele>
      </trkpt>
      <trkpt lat="47.484002" lon="12.122743">
        <ele>541.25</ele>
      </trkpt>
      <trkpt lat="47.484254" lon="12.122258">
        <ele>541</ele>
      </trkpt>
      <trkpt lat="47.484501" lon="12.121762">
        <ele>541.25</ele>
      </trkpt>
      <trkpt lat="47.484519" lon="12.121725">
        <ele>541</ele>
      </trkpt>
      <trkpt lat="47.484201" lon="12.121433">
        <ele>540</ele>
      </trkpt>
      <trkpt lat="47.484184" lon="12.121398">
        <ele>540</ele>
      </trkpt>
      <trkpt lat="47.484176" lon="12.121356">
        <ele>539.5</ele>
      </trkpt>
      <trkpt lat="47.484177" lon="12.121306">
        <ele>538.75</ele>
      </trkpt>
      <trkpt lat="47.484376" lon="12.120796">
        <ele>538.25</ele>
      </trkpt>
      <trkpt lat="47.484459" lon="12.120566">
        <ele>538</ele>
      </trkpt>
      <trkpt lat="47.48453" lon="12.120271">
        <ele>536.5</ele>
      </trkpt>
      <trkpt lat="47.484655" lon="12.119564">
        <ele>537.5</ele>
      </trkpt>
      <trkpt lat="47.484734" lon="12.11887">
        <ele>537</ele>
      </trkpt>
      <trkpt lat="47.484783" lon="12.118532">
        <ele>536</ele>
      </trkpt>
      <trkpt lat="47.484835" lon="12.118258">
        <ele>536</ele>
      </trkpt>
      <trkpt lat="47.484927" lon="12.117843">
        <ele>536.5</ele>
      </trkpt>
      <trkpt lat="47.485054" lon="12.117419">
        <ele>535.5</ele>
      </trkpt>
      <trkpt lat="47.485371" lon="12.116497">
        <ele>535.25</ele>
      </trkpt>
      <trkpt lat="47.485589" lon="12.115823">
        <ele>535</ele>
      </trkpt>
      <trkpt lat="47.485753" lon="12.115259">
        <ele>535</ele>
      </trkpt>
      <trkpt lat="47.485866" lon="12.114712">
        <ele>534</ele>
      </trkpt>
      <trkpt lat="47.485935" lon="12.11428">
        <ele>533.75</ele>
      </trkpt>
      <trkpt lat="47.485975" lon="12.113957">
        <ele>534</ele>
      </trkpt>
      <trkpt lat="47.486133" lon="12.112896">
        <ele>533.5</ele>
      </trkpt>
      <trkpt lat="47.486193" lon="12.1126">
        <ele>532.75</ele>
      </trkpt>
      <trkpt lat="47.486386" lon="12.111868">
        <ele>533.25</ele>
      </trkpt>
      <trkpt lat="47.486461" lon="12.111637">
        <ele>532.25</ele>
      </trkpt>
      <trkpt lat="47.486563" lon="12.111311">
        <ele>532.75</ele>
      </trkpt>
      <trkpt lat="47.486677" lon="12.111014">
        <ele>532.75</ele>
      </trkpt>
      <trkpt lat="47.486748" lon="12.110847">
        <ele>531.75</ele>
      </trkpt>
      <trkpt lat="47.486833" lon="12.110617">
        <ele>532.75</ele>
      </trkpt>
      <trkpt lat="47.486903" lon="12.110658">
        <ele>533.5</ele>
      </trkpt>
      <trkpt lat="47.486921" lon="12.110554">
        <ele>533.5</ele>
      </trkpt>
      <trkpt lat="47.486917" lon="12.110503">
        <ele>533.5</ele>
      </trkpt>
      <trkpt lat="47.486906" lon="12.110469">
        <ele>533.25</ele>
      </trkpt>
      <trkpt lat="47.486906" lon="12.11042">
        <ele>533.25</ele>
      </trkpt>
      <trkpt lat="47.487053" lon="12.110026">
        <ele>532</ele>
      </trkpt>
      <trkpt lat="47.48732" lon="12.109227">
        <ele>530.75</ele>
      </trkpt>
      <trkpt lat="47.487441" lon="12.108737">
        <ele>531.25</ele>
      </trkpt>
      <trkpt lat="47.487538" lon="12.108451">
        <ele>530.5</ele>
      </trkpt>
      <trkpt lat="47.487661" lon="12.108035">
        <ele>529.75</ele>
      </trkpt>
      <trkpt lat="47.487894" lon="12.107425">
        <ele>529.25</ele>
      </trkpt>
      <trkpt lat="47.487973" lon="12.107266">
        <ele>530</ele>
      </trkpt>
      <trkpt lat="47.488361" lon="12.10667">
        <ele>530</ele>
      </trkpt>
      <trkpt lat="47.488888" lon="12.106059">
        <ele>529.25</ele>
      </trkpt>
      <trkpt lat="47.489228" lon="12.10568">
        <ele>528.25</ele>
      </trkpt>
      <trkpt lat="47.48933" lon="12.105591">
        <ele>528.5</ele>
      </trkpt>
      <trkpt lat="47.489427" lon="12.105529">
        <ele>529.25</ele>
      </trkpt>
      <trkpt lat="47.489603" lon="12.105395">
        <ele>529</ele>
      </trkpt>
      <trkpt lat="47.489681" lon="12.105321">
        <ele>529.25</ele>
      </trkpt>
      <trkpt lat="47.489991" lon="12.104942">
        <ele>528.25</ele>
      </trkpt>
      <trkpt lat="47.490165" lon="12.104778">
        <ele>528</ele>
      </trkpt>
      <trkpt lat="47.490231" lon="12.104664">
        <ele>528</ele>
      </trkpt>
      <trkpt lat="47.490352" lon="12.104455">
        <ele>526.5</ele>
      </trkpt>
      <trkpt lat="47.490596" lon="12.104087">
        <ele>527.5</ele>
      </trkpt>
      <trkpt lat="47.490732" lon="12.10383">
        <ele>527</ele>
      </trkpt>
      <trkpt lat="47.490862" lon="12.10353">
        <ele>526</ele>
      </trkpt>
      <trkpt lat="47.490937" lon="12.103271">
        <ele>524.5</ele>
      </trkpt>
      <trkpt lat="47.491068" lon="12.102605">
        <ele>524.5</ele>
      </trkpt>
      <trkpt lat="47.49115" lon="12.101989">
        <ele>524.25</ele>
      </trkpt>
      <trkpt lat="47.491258" lon="12.10136">
        <ele>523</ele>
      </trkpt>
      <trkpt lat="47.49133" lon="12.1011">
        <ele>523.25</ele>
      </trkpt>
      <trkpt lat="47.491481" lon="12.100739">
        <ele>522.5</ele>
      </trkpt>
      <trkpt lat="47.491583" lon="12.100555">
        <ele>522.75</ele>
      </trkpt>
      <trkpt lat="47.4917" lon="12.100391">
        <ele>522.25</ele>
      </trkpt>
      <trkpt lat="47.49182" lon="12.100245">
        <ele>521.75</ele>
      </trkpt>
      <trkpt lat="47.492156" lon="12.099884">
        <ele>521.75</ele>
      </trkpt>
      <trkpt lat="47.492596" lon="12.09944">
        <ele>521.25</ele>
      </trkpt>
      <trkpt lat="47.49297" lon="12.09903">
        <ele>521</ele>
      </trkpt>
      <trkpt lat="47.493107" lon="12.098844">
        <ele>521.25</ele>
      </trkpt>
      <trkpt lat="47.493322" lon="12.09847">
        <ele>520.75</ele>
      </trkpt>
      <trkpt lat="47.493476" lon="12.098111">
        <ele>521.25</ele>
      </trkpt>
      <trkpt lat="47.493602" lon="12.098272">
        <ele>523.75</ele>
      </trkpt>
      <trkpt lat="47.4938" lon="12.098568">
        <ele>525.5</ele>
      </trkpt>
      <trkpt lat="47.493784" lon="12.09864">
        <ele>525.5</ele>
      </trkpt>
      <trkpt lat="47.493834" lon="12.098673">
        <ele>525.75</ele>
      </trkpt>
      <trkpt lat="47.493881" lon="12.098486">
        <ele>525.5</ele>
      </trkpt>
      <trkpt lat="47.493933" lon="12.098276">
        <ele>525.25</ele>
      </trkpt>
      <trkpt lat="47.493987" lon="12.098007">
        <ele>525</ele>
      </trkpt>
      <trkpt lat="47.494035" lon="12.09773">
        <ele>523.75</ele>
      </trkpt>
      <trkpt lat="47.494085" lon="12.09776">
        <ele>523.75</ele>
      </trkpt>
      <trkpt lat="47.494115" lon="12.097777">
        <ele>523.75</ele>
      </trkpt>
      <trkpt lat="47.494139" lon="12.097803">
        <ele>524</ele>
      </trkpt>
      <trkpt lat="47.494173" lon="12.097882">
        <ele>524.75</ele>
      </trkpt>
      <trkpt lat="47.494178" lon="12.097923">
        <ele>525.25</ele>
      </trkpt>
      <trkpt lat="47.494173" lon="12.097963">
        <ele>525.5</ele>
      </trkpt>
      <trkpt lat="47.494159" lon="12.097999">
        <ele>525.5</ele>
      </trkpt>
      <trkpt lat="47.494101" lon="12.098085">
        <ele>525.75</ele>
      </trkpt>
      <trkpt lat="47.494084" lon="12.098129">
        <ele>526</ele>
      </trkpt>
      <trkpt lat="47.494078" lon="12.098185">
        <ele>526.25</ele>
      </trkpt>
      <trkpt lat="47.494082" lon="12.09825">
        <ele>526.5</ele>
      </trkpt>
      <trkpt lat="47.494101" lon="12.098298">
        <ele>527</ele>
      </trkpt>
      <trkpt lat="47.494122" lon="12.098319">
        <ele>527.25</ele>
      </trkpt>
      <trkpt lat="47.494156" lon="12.098333">
        <ele>527.75</ele>
      </trkpt>
      <trkpt lat="47.494186" lon="12.098327">
        <ele>529.25</ele>
      </trkpt>
      <trkpt lat="47.494215" lon="12.098306">
        <ele>531</ele>
      </trkpt>
      <trkpt lat="47.494243" lon="12.098266">
        <ele>532.25</ele>
      </trkpt>
      <trkpt lat="47.494273" lon="12.098162">
        <ele>532</ele>
      </trkpt>
      <trkpt lat="47.494302" lon="12.098106">
        <ele>532</ele>
      </trkpt>
      <trkpt lat="47.494343" lon="12.09805">
        <ele>532.25</ele>
      </trkpt>
      <trkpt lat="47.494457" lon="12.097933">
        <ele>534</ele>
      </trkpt>
      <trkpt lat="47.494516" lon="12.097847">
        <ele>536</ele>
      </trkpt>
      <trkpt lat="47.494588" lon="12.097615">
        <ele>536.5</ele>
      </trkpt>
      <trkpt lat="47.494626" lon="12.097512">
        <ele>537.25</ele>
      </trkpt>
      <trkpt lat="47.494712" lon="12.097313">
        <ele>539</ele>
      </trkpt>
      <trkpt lat="47.494817" lon="12.097107">
        <ele>539</ele>
      </trkpt>
      <trkpt lat="47.494916" lon="12.096942">
        <ele>538.5</ele>
      </trkpt>
      <trkpt lat="47.495126" lon="12.096671">
        <ele>540.25</ele>
      </trkpt>
      <trkpt lat="47.495325" lon="12.096374">
        <ele>540.5</ele>
      </trkpt>
      <trkpt lat="47.495487" lon="12.096062">
        <ele>538.5</ele>
      </trkpt>
      <trkpt lat="47.49573" lon="12.095724">
        <ele>536.75</ele>
      </trkpt>
      <trkpt lat="47.495928" lon="12.095521">
        <ele>536.25</ele>
      </trkpt>
      <trkpt lat="47.496073" lon="12.095409">
        <ele>536</ele>
      </trkpt>
      <trkpt lat="47.49614" lon="12.095375">
        <ele>536</ele>
      </trkpt>
      <trkpt lat="47.49642" lon="12.0954">
        <ele>536</ele>
      </trkpt>
      <trkpt lat="47.496497" lon="12.095398">
        <ele>535.5</ele>
      </trkpt>
      <trkpt lat="47.496544" lon="12.095396">
        <ele>535.25</ele>
      </trkpt>
      <trkpt lat="47.496789" lon="12.095346">
        <ele>534.25</ele>
      </trkpt>
      <trkpt lat="47.497315" lon="12.095202">
        <ele>533.25</ele>
      </trkpt>
      <trkpt lat="47.497765" lon="12.0951">
        <ele>533</ele>
      </trkpt>
      <trkpt lat="47.498151" lon="12.094962">
        <ele>533.25</ele>
      </trkpt>
      <trkpt lat="47.498516" lon="12.094832">
        <ele>532.5</ele>
      </trkpt>
      <trkpt lat="47.49856" lon="12.094824">
        <ele>532.5</ele>
      </trkpt>
      <trkpt lat="47.498597" lon="12.094827">
        <ele>532.5</ele>
      </trkpt>
      <trkpt lat="47.498779" lon="12.09489">
        <ele>533.5</ele>
      </trkpt>
      <trkpt lat="47.498928" lon="12.094922">
        <ele>534</ele>
      </trkpt>
      <trkpt lat="47.499243" lon="12.094955">
        <ele>534.5</ele>
      </trkpt>
      <trkpt lat="47.499319" lon="12.094932">
        <ele>534.5</ele>
      </trkpt>
      <trkpt lat="47.499336" lon="12.095075">
        <ele>535.75</ele>
      </trkpt>
      <trkpt lat="47.499388" lon="12.095236">
        <ele>537</ele>
      </trkpt>
      <trkpt lat="47.499472" lon="12.095499">
        <ele>538.75</ele>
      </trkpt>
      <trkpt lat="47.499534" lon="12.095838">
        <ele>540.5</ele>
      </trkpt>
      <trkpt lat="47.499591" lon="12.096218">
        <ele>542.75</ele>
      </trkpt>
      <trkpt lat="47.499629" lon="12.096465">
        <ele>544.5</ele>
      </trkpt>
      <trkpt lat="47.499695" lon="12.097005">
        <ele>547.25</ele>
      </trkpt>
      <trkpt lat="47.499721" lon="12.097208">
        <ele>548.75</ele>
      </trkpt>
      <trkpt lat="47.499744" lon="12.097317">
        <ele>549</ele>
      </trkpt>
      <trkpt lat="47.499817" lon="12.097556">
        <ele>550</ele>
      </trkpt>
      <trkpt lat="47.499915" lon="12.09781">
        <ele>552.75</ele>
      </trkpt>
      <trkpt lat="47.500181" lon="12.098475">
        <ele>556.75</ele>
      </trkpt>
      <trkpt lat="47.500386" lon="12.098913">
        <ele>560</ele>
      </trkpt>
      <trkpt lat="47.500428" lon="12.098994">
        <ele>560.75</ele>
      </trkpt>
      <trkpt lat="47.500558" lon="12.09923">
        <ele>564.25</ele>
      </trkpt>
      <trkpt lat="47.500631" lon="12.099351">
        <ele>566.25</ele>
      </trkpt>
      <trkpt lat="47.50068" lon="12.099396">
        <ele>566.75</ele>
      </trkpt>
      <trkpt lat="47.500778" lon="12.099447">
        <ele>566.5</ele>
      </trkpt>
      <trkpt lat="47.500939" lon="12.099487">
        <ele>567.75</ele>
      </trkpt>
      <trkpt lat="47.501317" lon="12.099563">
        <ele>570.75</ele>
      </trkpt>
      <trkpt lat="47.501825" lon="12.099649">
        <ele>575.5</ele>
      </trkpt>
      <trkpt lat="47.502041" lon="12.099734">
        <ele>578.75</ele>
      </trkpt>
      <trkpt lat="47.502107" lon="12.099798">
        <ele>580.25</ele>
      </trkpt>
      <trkpt lat="47.502146" lon="12.099863">
        <ele>581</ele>
      </trkpt>
      <trkpt lat="47.502218" lon="12.099767">
        <ele>580.25</ele>
      </trkpt>
      <trkpt lat="47.502239" lon="12.099679">
        <ele>579</ele>
      </trkpt>
      <trkpt lat="47.502263" lon="12.099653">
        <ele>578.25</ele>
      </trkpt>
      <trkpt lat="47.502292" lon="12.09964">
        <ele>577.5</ele>
      </trkpt>
      <trkpt lat="47.502455" lon="12.099604">
        <ele>575</ele>
      </trkpt>
      <trkpt lat="47.502573" lon="12.099563">
        <ele>572.25</ele>
      </trkpt>
      <trkpt lat="47.502757" lon="12.099528">
        <ele>568.25</ele>
      </trkpt>
      <trkpt lat="47.502896" lon="12.099478">
        <ele>566.5</ele>
      </trkpt>
      <trkpt lat="47.503012" lon="12.099369">
        <ele>562.75</ele>
      </trkpt>
      <trkpt lat="47.503235" lon="12.099323">
        <ele>559.75</ele>
      </trkpt>
      <trkpt lat="47.503434" lon="12.099371">
        <ele>559.5</ele>
      </trkpt>
      <trkpt lat="47.503674" lon="12.099429">
        <ele>559.5</ele>
      </trkpt>
      <trkpt lat="47.503872" lon="12.099359">
        <ele>558.25</ele>
      </trkpt>
      <trkpt lat="47.504" lon="12.099199">
        <ele>557.25</ele>
      </trkpt>
      <trkpt lat="47.504211" lon="12.099215">
        <ele>557.75</ele>
      </trkpt>
      <trkpt lat="47.504519" lon="12.099118">
        <ele>555.75</ele>
      </trkpt>
      <trkpt lat="47.504779" lon="12.099168">
        <ele>556</ele>
      </trkpt>
      <trkpt lat="47.504883" lon="12.099281">
        <ele>559.75</ele>
      </trkpt>
      <trkpt lat="47.505038" lon="12.099276">
        <ele>561</ele>
      </trkpt>
      <trkpt lat="47.505167" lon="12.09926">
        <ele>562.75</ele>
      </trkpt>
      <trkpt lat="47.505312" lon="12.09932">
        <ele>566.25</ele>
      </trkpt>
      <trkpt lat="47.50541" lon="12.099409">
        <ele>568</ele>
      </trkpt>
      <trkpt lat="47.505549" lon="12.099604">
        <ele>572.5</ele>
      </trkpt>
      <trkpt lat="47.505733" lon="12.099886">
        <ele>581.25</ele>
      </trkpt>
      <trkpt lat="47.506229" lon="12.100392">
        <ele>590.75</ele>
      </trkpt>
      <trkpt lat="47.506302" lon="12.100521">
        <ele>591.75</ele>
      </trkpt>
      <trkpt lat="47.506312" lon="12.100642">
        <ele>592.25</ele>
      </trkpt>
      <trkpt lat="47.506446" lon="12.100837">
        <ele>592</ele>
      </trkpt>
      <trkpt lat="47.506625" lon="12.101172">
        <ele>593</ele>
      </trkpt>
      <trkpt lat="47.506685" lon="12.101297">
        <ele>593</ele>
      </trkpt>
      <trkpt lat="47.506801" lon="12.101484">
        <ele>593.75</ele>
      </trkpt>
      <trkpt lat="47.506925" lon="12.101822">
        <ele>593.75</ele>
      </trkpt>
      <trkpt lat="47.506997" lon="12.101933">
        <ele>593.75</ele>
      </trkpt>
      <trkpt lat="47.507162" lon="12.102119">
        <ele>594.25</ele>
      </trkpt>
      <trkpt lat="47.507408" lon="12.102576">
        <ele>596</ele>
      </trkpt>
      <trkpt lat="47.507508" lon="12.102699">
        <ele>596</ele>
      </trkpt>
      <trkpt lat="47.507604" lon="12.102775">
        <ele>596.5</ele>
      </trkpt>
      <trkpt lat="47.507873" lon="12.102926">
        <ele>597.25</ele>
      </trkpt>
      <trkpt lat="47.507949" lon="12.102988">
        <ele>597.75</ele>
      </trkpt>
      <trkpt lat="47.508006" lon="12.103074">
        <ele>598.5</ele>
      </trkpt>
      <trkpt lat="47.508427" lon="12.103255">
        <ele>596</ele>
      </trkpt>
      <trkpt lat="47.508624" lon="12.103388">
        <ele>596</ele>
      </trkpt>
      <trkpt lat="47.50875" lon="12.103557">
        <ele>595.75</ele>
      </trkpt>
      <trkpt lat="47.508867" lon="12.103715">
        <ele>595.5</ele>
      </trkpt>
      <trkpt lat="47.509175" lon="12.104066">
        <ele>595</ele>
      </trkpt>
      <trkpt lat="47.509306" lon="12.104239">
        <ele>594.75</ele>
      </trkpt>
      <trkpt lat="47.509498" lon="12.104541">
        <ele>594</ele>
      </trkpt>
      <trkpt lat="47.509553" lon="12.104664">
        <ele>594.25</ele>
      </trkpt>
      <trkpt lat="47.509732" lon="12.105186">
        <ele>596</ele>
      </trkpt>
      <trkpt lat="47.509838" lon="12.105696">
        <ele>597.5</ele>
      </trkpt>
      <trkpt lat="47.509934" lon="12.105989">
        <ele>598.5</ele>
      </trkpt>
      <trkpt lat="47.509973" lon="12.106108">
        <ele>599.25</ele>
      </trkpt>
      <trkpt lat="47.510107" lon="12.106289">
        <ele>599.25</ele>
      </trkpt>
      <trkpt lat="47.510237" lon="12.106436">
        <ele>600.25</ele>
      </trkpt>
      <trkpt lat="47.510394" lon="12.10655">
        <ele>600.25</ele>
      </trkpt>
      <trkpt lat="47.510636" lon="12.10667">
        <ele>600.25</ele>
      </trkpt>
      <trkpt lat="47.510818" lon="12.106671">
        <ele>600.75</ele>
      </trkpt>
      <trkpt lat="47.510939" lon="12.106709">
        <ele>601.75</ele>
      </trkpt>
      <trkpt lat="47.511193" lon="12.106951">
        <ele>604.25</ele>
      </trkpt>
      <trkpt lat="47.511336" lon="12.107149">
        <ele>604.75</ele>
      </trkpt>
      <trkpt lat="47.511437" lon="12.107383">
        <ele>605.5</ele>
      </trkpt>
      <trkpt lat="47.511687" lon="12.108051">
        <ele>606.75</ele>
      </trkpt>
      <trkpt lat="47.511834" lon="12.108317">
        <ele>606</ele>
      </trkpt>
      <trkpt lat="47.511987" lon="12.108656">
        <ele>605.5</ele>
      </trkpt>
      <trkpt lat="47.512123" lon="12.109172">
        <ele>605.5</ele>
      </trkpt>
      <trkpt lat="47.512213" lon="12.109388">
        <ele>605</ele>
      </trkpt>
      <trkpt lat="47.512328" lon="12.109597">
        <ele>604</ele>
      </trkpt>
      <trkpt lat="47.512505" lon="12.109833">
        <ele>602.5</ele>
      </trkpt>
      <trkpt lat="47.512609" lon="12.110074">
        <ele>600.25</ele>
      </trkpt>
      <trkpt lat="47.512657" lon="12.110188">
        <ele>599.25</ele>
      </trkpt>
      <trkpt lat="47.512753" lon="12.110513">
        <ele>596.5</ele>
      </trkpt>
      <trkpt lat="47.512752" lon="12.11055">
        <ele>596.25</ele>
      </trkpt>
      <trkpt lat="47.512859" lon="12.110377">
        <ele>594.75</ele>
      </trkpt>
      <trkpt lat="47.512955" lon="12.110149">
        <ele>592.75</ele>
      </trkpt>
      <trkpt lat="47.513138" lon="12.109792">
        <ele>589.5</ele>
      </trkpt>
      <trkpt lat="47.513153" lon="12.109778">
        <ele>589.25</ele>
      </trkpt>
      <trkpt lat="47.513173" lon="12.109775">
        <ele>588.75</ele>
      </trkpt>
      <trkpt lat="47.513178" lon="12.109787">
        <ele>588.5</ele>
      </trkpt>
      <trkpt lat="47.513183" lon="12.109882">
        <ele>588</ele>
      </trkpt>
      <trkpt lat="47.513201" lon="12.109897">
        <ele>587.5</ele>
      </trkpt>
      <trkpt lat="47.513289" lon="12.109827">
        <ele>585.5</ele>
      </trkpt>
      <trkpt lat="47.513318" lon="12.109819">
        <ele>585</ele>
      </trkpt>
      <trkpt lat="47.513351" lon="12.109822">
        <ele>584.25</ele>
      </trkpt>
      <trkpt lat="47.51338" lon="12.109835">
        <ele>583.5</ele>
      </trkpt>
      <trkpt lat="47.513412" lon="12.109863">
        <ele>583</ele>
      </trkpt>
      <trkpt lat="47.513458" lon="12.109949">
        <ele>582</ele>
      </trkpt>
      <trkpt lat="47.513521" lon="12.110026">
        <ele>581.5</ele>
      </trkpt>
      <trkpt lat="47.513687" lon="12.10984">
        <ele>578.75</ele>
      </trkpt>
      <trkpt lat="47.513805" lon="12.109735">
        <ele>577.5</ele>
      </trkpt>
      <trkpt lat="47.513877" lon="12.109687">
        <ele>577</ele>
      </trkpt>
      <trkpt lat="47.513919" lon="12.109674">
        <ele>577</ele>
      </trkpt>
      <trkpt lat="47.513966" lon="12.109695">
        <ele>577</ele>
      </trkpt>
      <trkpt lat="47.514069" lon="12.109839">
        <ele>577.25</ele>
      </trkpt>
      <trkpt lat="47.514215" lon="12.110037">
        <ele>576.75</ele>
      </trkpt>
      <trkpt lat="47.514434" lon="12.110346">
        <ele>576.25</ele>
      </trkpt>
      <trkpt lat="47.515429" lon="12.11183">
        <ele>573</ele>
      </trkpt>
      <trkpt lat="47.515504" lon="12.111919">
        <ele>573.5</ele>
      </trkpt>
      <trkpt lat="47.515596" lon="12.112017">
        <ele>573.5</ele>
      </trkpt>
      <trkpt lat="47.515839" lon="12.111474">
        <ele>573.5</ele>
      </trkpt>
      <trkpt lat="47.51596" lon="12.111275">
        <ele>573</ele>
      </trkpt>
      <trkpt lat="47.516167" lon="12.111019">
        <ele>573</ele>
      </trkpt>
      <trkpt lat="47.516384" lon="12.110761">
        <ele>573.75</ele>
      </trkpt>
      <trkpt lat="47.51646" lon="12.11065">
        <ele>573.5</ele>
      </trkpt>
      <trkpt lat="47.516515" lon="12.110545">
        <ele>573.5</ele>
      </trkpt>
      <trkpt lat="47.516579" lon="12.110386">
        <ele>573.75</ele>
      </trkpt>
      <trkpt lat="47.516636" lon="12.110198">
        <ele>575</ele>
      </trkpt>
      <trkpt lat="47.517043" lon="12.110329">
        <ele>574</ele>
      </trkpt>
      <trkpt lat="47.517295" lon="12.11049">
        <ele>574.25</ele>
      </trkpt>
      <trkpt lat="47.517415" lon="12.110538">
        <ele>574</ele>
      </trkpt>
      <trkpt lat="47.517723" lon="12.110587">
        <ele>573.75</ele>
      </trkpt>
      <trkpt lat="47.518088" lon="12.110666">
        <ele>574.25</ele>
      </trkpt>
      <trkpt lat="47.51847" lon="12.110724">
        <ele>574.75</ele>
      </trkpt>
      <trkpt lat="47.51853" lon="12.110776">
        <ele>574.75</ele>
      </trkpt>
      <trkpt lat="47.51866" lon="12.110952">
        <ele>574.5</ele>
      </trkpt>
      <trkpt lat="47.518818" lon="12.111197">
        <ele>573.25</ele>
      </trkpt>
      <trkpt lat="47.519023" lon="12.111541">
        <ele>569.75</ele>
      </trkpt>
      <trkpt lat="47.519227" lon="12.111904">
        <ele>570.5</ele>
      </trkpt>
      <trkpt lat="47.519428" lon="12.11217">
        <ele>568.25</ele>
      </trkpt>
      <trkpt lat="47.519698" lon="12.112508">
        <ele>567.75</ele>
      </trkpt>
      <trkpt lat="47.520434" lon="12.113435">
        <ele>556.75</ele>
      </trkpt>
      <trkpt lat="47.520565" lon="12.113651">
        <ele>553.25</ele>
      </trkpt>
      <trkpt lat="47.520921" lon="12.114285">
        <ele>547.75</ele>
      </trkpt>
      <trkpt lat="47.521119" lon="12.114783">
        <ele>542.75</ele>
      </trkpt>
      <trkpt lat="47.521158" lon="12.114858">
        <ele>543.5</ele>
      </trkpt>
      <trkpt lat="47.521265" lon="12.114967">
        <ele>545</ele>
      </trkpt>
      <trkpt lat="47.521471" lon="12.115209">
        <ele>544.25</ele>
      </trkpt>
      <trkpt lat="47.521609" lon="12.115313">
        <ele>543</ele>
      </trkpt>
      <trkpt lat="47.521786" lon="12.115347">
        <ele>544</ele>
      </trkpt>
      <trkpt lat="47.521971" lon="12.115424">
        <ele>542.25</ele>
      </trkpt>
      <trkpt lat="47.522223" lon="12.115495">
        <ele>539.75</ele>
      </trkpt>
      <trkpt lat="47.522421" lon="12.115577">
        <ele>537.5</ele>
      </trkpt>
      <trkpt lat="47.52254" lon="12.115576">
        <ele>537.5</ele>
      </trkpt>
      <trkpt lat="47.522675" lon="12.115541">
        <ele>536.5</ele>
      </trkpt>
      <trkpt lat="47.522869" lon="12.115432">
        <ele>536.25</ele>
      </trkpt>
      <trkpt lat="47.522958" lon="12.115335">
        <ele>536.25</ele>
      </trkpt>
      <trkpt lat="47.522999" lon="12.115277">
        <ele>536</ele>
      </trkpt>
      <trkpt lat="47.523083" lon="12.115119">
        <ele>534.5</ele>
      </trkpt>
      <trkpt lat="47.523227" lon="12.114725">
        <ele>534.5</ele>
      </trkpt>
      <trkpt lat="47.523295" lon="12.114495">
        <ele>533.5</ele>
      </trkpt>
      <trkpt lat="47.523374" lon="12.114364">
        <ele>532.25</ele>
      </trkpt>
      <trkpt lat="47.523527" lon="12.114009">
        <ele>531.5</ele>
      </trkpt>
      <trkpt lat="47.523564" lon="12.113837">
        <ele>530.75</ele>
      </trkpt>
      <trkpt lat="47.52358" lon="12.11366">
        <ele>529.25</ele>
      </trkpt>
      <trkpt lat="47.523581" lon="12.11347">
        <ele>528.5</ele>
      </trkpt>
      <trkpt lat="47.523603" lon="12.113255">
        <ele>527.25</ele>
      </trkpt>
      <trkpt lat="47.523654" lon="12.113055">
        <ele>526</ele>
      </trkpt>
      <trkpt lat="47.523749" lon="12.11235">
        <ele>530.25</ele>
      </trkpt>
      <trkpt lat="47.523759" lon="12.112156">
        <ele>530.25</ele>
      </trkpt>
      <trkpt lat="47.523742" lon="12.111783">
        <ele>524.5</ele>
      </trkpt>
      <trkpt lat="47.523748" lon="12.111614">
        <ele>523</ele>
      </trkpt>
      <trkpt lat="47.523837" lon="12.111332">
        <ele>523.25</ele>
      </trkpt>
      <trkpt lat="47.523935" lon="12.111135">
        <ele>520.5</ele>
      </trkpt>
      <trkpt lat="47.524051" lon="12.110982">
        <ele>520</ele>
      </trkpt>
      <trkpt lat="47.524152" lon="12.110888">
        <ele>517.75</ele>
      </trkpt>
      <trkpt lat="47.524285" lon="12.110795">
        <ele>517.5</ele>
      </trkpt>
      <trkpt lat="47.524479" lon="12.110719">
        <ele>517.5</ele>
      </trkpt>
      <trkpt lat="47.524674" lon="12.110664">
        <ele>516.75</ele>
      </trkpt>
      <trkpt lat="47.524782" lon="12.110609">
        <ele>514.25</ele>
      </trkpt>
      <trkpt lat="47.524984" lon="12.110656">
        <ele>514</ele>
      </trkpt>
      <trkpt lat="47.525157" lon="12.110674">
        <ele>513.25</ele>
      </trkpt>
      <trkpt lat="47.52531" lon="12.110665">
        <ele>512.25</ele>
      </trkpt>
      <trkpt lat="47.52555" lon="12.110558">
        <ele>512</ele>
      </trkpt>
      <trkpt lat="47.525792" lon="12.110466">
        <ele>510.75</ele>
      </trkpt>
      <trkpt lat="47.526029" lon="12.110441">
        <ele>510.5</ele>
      </trkpt>
      <trkpt lat="47.526174" lon="12.110461">
        <ele>510.75</ele>
      </trkpt>
      <trkpt lat="47.52628" lon="12.110451">
        <ele>510.25</ele>
      </trkpt>
      <trkpt lat="47.526399" lon="12.110343">
        <ele>508.25</ele>
      </trkpt>
      <trkpt lat="47.526473" lon="12.11024">
        <ele>507.75</ele>
      </trkpt>
      <trkpt lat="47.526511" lon="12.110099">
        <ele>508</ele>
      </trkpt>
      <trkpt lat="47.526608" lon="12.109867">
        <ele>507.5</ele>
      </trkpt>
      <trkpt lat="47.526745" lon="12.10963">
        <ele>507</ele>
      </trkpt>
      <trkpt lat="47.526832" lon="12.109393">
        <ele>508.5</ele>
      </trkpt>
      <trkpt lat="47.526876" lon="12.109139">
        <ele>509.75</ele>
      </trkpt>
      <trkpt lat="47.526926" lon="12.108829">
        <ele>509.5</ele>
      </trkpt>
      <trkpt lat="47.526951" lon="12.10851">
        <ele>508.75</ele>
      </trkpt>
      <trkpt lat="47.526944" lon="12.108378">
        <ele>509</ele>
      </trkpt>
      <trkpt lat="47.52689" lon="12.108021">
        <ele>508</ele>
      </trkpt>
      <trkpt lat="47.526859" lon="12.107809">
        <ele>507.5</ele>
      </trkpt>
      <trkpt lat="47.526717" lon="12.107814">
        <ele>510.25</ele>
      </trkpt>
      <trkpt lat="47.526672" lon="12.107802">
        <ele>511</ele>
      </trkpt>
      <trkpt lat="47.526627" lon="12.107757">
        <ele>512.25</ele>
      </trkpt>
      <trkpt lat="47.52658" lon="12.107663">
        <ele>513.5</ele>
      </trkpt>
      <trkpt lat="47.526468" lon="12.107321">
        <ele>513.5</ele>
      </trkpt>
      <trkpt lat="47.526368" lon="12.107029">
        <ele>512.75</ele>
      </trkpt>
      <trkpt lat="47.526183" lon="12.106676">
        <ele>513.5</ele>
      </trkpt>
      <trkpt lat="47.52618" lon="12.106681">
        <ele>513.5</ele>
      </trkpt>
      <trkpt lat="47.526052" lon="12.106468">
        <ele>514.75</ele>
      </trkpt>
      <trkpt lat="47.525857" lon="12.106224">
        <ele>515.5</ele>
      </trkpt>
      <trkpt lat="47.525754" lon="12.106138">
        <ele>516.25</ele>
      </trkpt>
      <trkpt lat="47.525633" lon="12.105998">
        <ele>518.25</ele>
      </trkpt>
      <trkpt lat="47.525578" lon="12.105987">
        <ele>519.5</ele>
      </trkpt>
    </trkseg>
  </trk>
</gpx>
