<?xml version="1.0" encoding="UTF-8"?>
<gpx schemaLocation="http://www.topografix.com/GPX/1/1 http://www.topografix.com/GPX/1/1/gpx.xsd" version="1.1" creator="bikerouter.de 2025.49" xmlns="http://www.topografix.com/GPX/1/1" xmlns:xsi="http://www.w3.org/2001/XMLSchema-instance" xsi:schemaLocation="http://www.topografix.com/GPX/1/1 http://www.topografix.com/GPX/1/1/gpx.xsd http://www.garmin.com/xmlschemas/GpxExtensions/v3 http://www.garmin.com/xmlschemas/GpxExtensionsv3.xsd http://www.garmin.com/xmlschemas/TrackPointExtension/v1 http://www.garmin.com/xmlschemas/TrackPointExtensionv1.xsd http://www.garmin.com/xmlschemas/PowerExtension/v1 http://www.garmin.com/xmlschemas/PowerExtensionv1.xsd http://www.topografix.com/GPX/gpx_style/0/2 http://www.topografix.com/GPX/gpx_style/0/2/gpx_style.xsd" xmlns:gpxtpx="http://www.garmin.com/xmlschemas/TrackPointExtension/v1" xmlns:gpxx="http://www.garmin.com/xmlschemas/GpxExtensions/v3" xmlns:gpxpx="http://www.garmin.com/xmlschemas/PowerExtension/v1" xmlns:gpx_style="http://www.topografix.com/GPX/gpx_style/0/2">
  <metadata>
    <name>Ellmau_HoheSalve_Ellmau</name>
    <author>
      <name>gpx.studio</name>
      <link href="https://gpx.studio"/>
    </author>
  </metadata>
  <wpt lat="47.508232193930866" lon="12.293342093531066">
    <ele>814.0866041430838</ele>
    <name>Ellmau</name>
    <type>from</type>
  </wpt>
  <wpt lat="47.465019" lon="12.204191">
    <ele>1813.9678093857135</ele>
    <name>Hohe Salve</name>
    <type>via</type>
  </wpt>
  <wpt lat="47.50823262857739" lon="12.293342093531066">
    <ele>814.0414855717222</ele>
    <name>Ellmau</name>
    <type>to</type>
  </wpt>
  <trk>
    <name>Ellmau_HoheSalve_Ellmau</name>
    <link href="https://bikerouter.de/?turnInstructionMode=1&amp;turnInstructionCatchingRange=0&amp;turnInstructionRoundabouts=on&amp;processUnusedTags=on#map=14/47.4803/12.2097/Esri.WorldImagery&amp;lonlats=12.293363,47.508212;12.215434,47.470973;12.204191,47.465019;12.198805,47.494744;12.293342,47.508237&amp;alternativeidx=1">
      <text>bikerouter.de</text>
    </link>
    <trkseg>
      <trkpt lat="47.50821" lon="12.293355">
        <ele>812.5</ele>
      </trkpt>
      <trkpt lat="47.508202" lon="12.29336">
        <ele>812.75</ele>
      </trkpt>
      <trkpt lat="47.508281" lon="12.293676">
        <ele>811.25</ele>
      </trkpt>
      <trkpt lat="47.508152" lon="12.293835">
        <ele>811.5</ele>
      </trkpt>
      <trkpt lat="47.508039" lon="12.294018">
        <ele>813</ele>
      </trkpt>
      <trkpt lat="47.50793" lon="12.294202">
        <ele>813</ele>
      </trkpt>
      <trkpt lat="47.507852" lon="12.294249">
        <ele>813</ele>
      </trkpt>
      <trkpt lat="47.507769" lon="12.294266">
        <ele>812.75</ele>
      </trkpt>
      <trkpt lat="47.507541" lon="12.294342">
        <ele>812.75</ele>
      </trkpt>
      <trkpt lat="47.507474" lon="12.294376">
        <ele>813</ele>
      </trkpt>
      <trkpt lat="47.507235" lon="12.294573">
        <ele>814</ele>
      </trkpt>
      <trkpt lat="47.507113" lon="12.294637">
        <ele>814.5</ele>
      </trkpt>
      <trkpt lat="47.506946" lon="12.294696">
        <ele>816</ele>
      </trkpt>
      <trkpt lat="47.506788" lon="12.29472">
        <ele>817</ele>
      </trkpt>
      <trkpt lat="47.506642" lon="12.29469">
        <ele>818</ele>
      </trkpt>
      <trkpt lat="47.506503" lon="12.294626">
        <ele>818.25</ele>
      </trkpt>
      <trkpt lat="47.50631" lon="12.294513">
        <ele>820.25</ele>
      </trkpt>
      <trkpt lat="47.506154" lon="12.294488">
        <ele>821</ele>
      </trkpt>
      <trkpt lat="47.506" lon="12.294515">
        <ele>821.75</ele>
      </trkpt>
      <trkpt lat="47.505849" lon="12.294623">
        <ele>822.5</ele>
      </trkpt>
      <trkpt lat="47.505654" lon="12.294767">
        <ele>822.5</ele>
      </trkpt>
      <trkpt lat="47.505255" lon="12.295039">
        <ele>825</ele>
      </trkpt>
      <trkpt lat="47.505071" lon="12.295152">
        <ele>825.5</ele>
      </trkpt>
      <trkpt lat="47.504921" lon="12.295214">
        <ele>826</ele>
      </trkpt>
      <trkpt lat="47.504677" lon="12.295282">
        <ele>828.25</ele>
      </trkpt>
      <trkpt lat="47.504458" lon="12.295331">
        <ele>829.25</ele>
      </trkpt>
      <trkpt lat="47.504174" lon="12.29537">
        <ele>831.25</ele>
      </trkpt>
      <trkpt lat="47.503993" lon="12.295418">
        <ele>832.5</ele>
      </trkpt>
      <trkpt lat="47.503849" lon="12.295534">
        <ele>833.5</ele>
      </trkpt>
      <trkpt lat="47.503721" lon="12.295671">
        <ele>834.25</ele>
      </trkpt>
      <trkpt lat="47.503575" lon="12.295868">
        <ele>835.25</ele>
      </trkpt>
      <trkpt lat="47.503219" lon="12.29642">
        <ele>838.5</ele>
      </trkpt>
      <trkpt lat="47.503016" lon="12.296713">
        <ele>839</ele>
      </trkpt>
      <trkpt lat="47.502818" lon="12.296908">
        <ele>840.5</ele>
      </trkpt>
      <trkpt lat="47.502619" lon="12.297056">
        <ele>841.5</ele>
      </trkpt>
      <trkpt lat="47.502424" lon="12.29715">
        <ele>842.75</ele>
      </trkpt>
      <trkpt lat="47.502153" lon="12.297196">
        <ele>844.5</ele>
      </trkpt>
      <trkpt lat="47.501314" lon="12.297219">
        <ele>850.25</ele>
      </trkpt>
      <trkpt lat="47.501214" lon="12.297248">
        <ele>850.25</ele>
      </trkpt>
      <trkpt lat="47.501076" lon="12.297365">
        <ele>850.25</ele>
      </trkpt>
      <trkpt lat="47.501024" lon="12.297417">
        <ele>850.25</ele>
      </trkpt>
      <trkpt lat="47.500916" lon="12.297521">
        <ele>850.5</ele>
      </trkpt>
      <trkpt lat="47.50057" lon="12.297807">
        <ele>853</ele>
      </trkpt>
      <trkpt lat="47.500219" lon="12.298006">
        <ele>855.25</ele>
      </trkpt>
      <trkpt lat="47.4999" lon="12.298159">
        <ele>857</ele>
      </trkpt>
      <trkpt lat="47.499584" lon="12.298274">
        <ele>858.5</ele>
      </trkpt>
      <trkpt lat="47.499255" lon="12.298409">
        <ele>861.25</ele>
      </trkpt>
      <trkpt lat="47.498398" lon="12.298808">
        <ele>868</ele>
      </trkpt>
      <trkpt lat="47.498275" lon="12.298877">
        <ele>870.5</ele>
      </trkpt>
      <trkpt lat="47.498115" lon="12.298915">
        <ele>874</ele>
      </trkpt>
      <trkpt lat="47.49795" lon="12.298908">
        <ele>876.25</ele>
      </trkpt>
      <trkpt lat="47.497777" lon="12.298859">
        <ele>876.75</ele>
      </trkpt>
      <trkpt lat="47.497572" lon="12.298788">
        <ele>879</ele>
      </trkpt>
      <trkpt lat="47.497346" lon="12.298728">
        <ele>882.25</ele>
      </trkpt>
      <trkpt lat="47.497205" lon="12.298717">
        <ele>884.5</ele>
      </trkpt>
      <trkpt lat="47.497139" lon="12.298742">
        <ele>884</ele>
      </trkpt>
      <trkpt lat="47.497049" lon="12.298831">
        <ele>885.5</ele>
      </trkpt>
      <trkpt lat="47.496875" lon="12.299136">
        <ele>888.75</ele>
      </trkpt>
      <trkpt lat="47.496825" lon="12.299177">
        <ele>887.75</ele>
      </trkpt>
      <trkpt lat="47.496752" lon="12.299181">
        <ele>885.25</ele>
      </trkpt>
      <trkpt lat="47.496499" lon="12.299055">
        <ele>887.5</ele>
      </trkpt>
      <trkpt lat="47.496438" lon="12.29904">
        <ele>890.25</ele>
      </trkpt>
      <trkpt lat="47.496345" lon="12.299072">
        <ele>892.75</ele>
      </trkpt>
      <trkpt lat="47.496031" lon="12.299394">
        <ele>890.5</ele>
      </trkpt>
      <trkpt lat="47.495922" lon="12.299456">
        <ele>890.5</ele>
      </trkpt>
      <trkpt lat="47.495703" lon="12.299574">
        <ele>891.75</ele>
      </trkpt>
      <trkpt lat="47.495327" lon="12.29972">
        <ele>892.5</ele>
      </trkpt>
      <trkpt lat="47.495152" lon="12.299792">
        <ele>892.75</ele>
      </trkpt>
      <trkpt lat="47.49494" lon="12.299856">
        <ele>893.75</ele>
      </trkpt>
      <trkpt lat="47.494738" lon="12.299944">
        <ele>894.25</ele>
      </trkpt>
      <trkpt lat="47.494215" lon="12.300326">
        <ele>896.75</ele>
      </trkpt>
      <trkpt lat="47.49363" lon="12.300683">
        <ele>900.75</ele>
      </trkpt>
      <trkpt lat="47.493377" lon="12.300759">
        <ele>903</ele>
      </trkpt>
      <trkpt lat="47.492894" lon="12.300831">
        <ele>906</ele>
      </trkpt>
      <trkpt lat="47.492694" lon="12.300845">
        <ele>907.25</ele>
      </trkpt>
      <trkpt lat="47.492427" lon="12.300847">
        <ele>909.25</ele>
      </trkpt>
      <trkpt lat="47.492051" lon="12.300827">
        <ele>913</ele>
      </trkpt>
      <trkpt lat="47.491915" lon="12.300837">
        <ele>914.25</ele>
      </trkpt>
      <trkpt lat="47.491718" lon="12.300905">
        <ele>916.5</ele>
      </trkpt>
      <trkpt lat="47.49128" lon="12.301133">
        <ele>920.25</ele>
      </trkpt>
      <trkpt lat="47.491087" lon="12.301222">
        <ele>922</ele>
      </trkpt>
      <trkpt lat="47.490949" lon="12.301264">
        <ele>923.5</ele>
      </trkpt>
      <trkpt lat="47.490783" lon="12.301255">
        <ele>925.25</ele>
      </trkpt>
      <trkpt lat="47.490552" lon="12.301174">
        <ele>925.5</ele>
      </trkpt>
      <trkpt lat="47.490282" lon="12.301034">
        <ele>929</ele>
      </trkpt>
      <trkpt lat="47.490187" lon="12.300966">
        <ele>930.25</ele>
      </trkpt>
      <trkpt lat="47.490048" lon="12.30084">
        <ele>929.75</ele>
      </trkpt>
      <trkpt lat="47.489892" lon="12.30066">
        <ele>935</ele>
      </trkpt>
      <trkpt lat="47.489697" lon="12.300532">
        <ele>934</ele>
      </trkpt>
      <trkpt lat="47.48902" lon="12.300132">
        <ele>940.75</ele>
      </trkpt>
      <trkpt lat="47.488698" lon="12.299906">
        <ele>944.25</ele>
      </trkpt>
      <trkpt lat="47.488435" lon="12.299771">
        <ele>946.25</ele>
      </trkpt>
      <trkpt lat="47.488119" lon="12.299518">
        <ele>949.5</ele>
      </trkpt>
      <trkpt lat="47.488032" lon="12.299407">
        <ele>950.5</ele>
      </trkpt>
      <trkpt lat="47.487996" lon="12.299312">
        <ele>951.25</ele>
      </trkpt>
      <trkpt lat="47.488021" lon="12.299217">
        <ele>952.25</ele>
      </trkpt>
      <trkpt lat="47.488096" lon="12.299193">
        <ele>953.5</ele>
      </trkpt>
      <trkpt lat="47.488554" lon="12.299389">
        <ele>958.5</ele>
      </trkpt>
      <trkpt lat="47.489076" lon="12.299498">
        <ele>965</ele>
      </trkpt>
      <trkpt lat="47.489571" lon="12.299676">
        <ele>971.5</ele>
      </trkpt>
      <trkpt lat="47.489736" lon="12.299738">
        <ele>973.5</ele>
      </trkpt>
      <trkpt lat="47.489823" lon="12.29978">
        <ele>974.25</ele>
      </trkpt>
      <trkpt lat="47.490128" lon="12.300019">
        <ele>974.75</ele>
      </trkpt>
      <trkpt lat="47.490298" lon="12.300051">
        <ele>975.5</ele>
      </trkpt>
      <trkpt lat="47.490473" lon="12.300031">
        <ele>976</ele>
      </trkpt>
      <trkpt lat="47.490619" lon="12.299988">
        <ele>977.5</ele>
      </trkpt>
      <trkpt lat="47.490805" lon="12.299857">
        <ele>979.75</ele>
      </trkpt>
      <trkpt lat="47.490948" lon="12.299708">
        <ele>979</ele>
      </trkpt>
      <trkpt lat="47.491043" lon="12.299533">
        <ele>982.25</ele>
      </trkpt>
      <trkpt lat="47.491127" lon="12.299419">
        <ele>985.5</ele>
      </trkpt>
      <trkpt lat="47.491252" lon="12.299342">
        <ele>987.5</ele>
      </trkpt>
      <trkpt lat="47.491626" lon="12.299164">
        <ele>993.75</ele>
      </trkpt>
      <trkpt lat="47.491702" lon="12.299074">
        <ele>993.25</ele>
      </trkpt>
      <trkpt lat="47.491737" lon="12.298957">
        <ele>994</ele>
      </trkpt>
      <trkpt lat="47.491698" lon="12.298893">
        <ele>996.25</ele>
      </trkpt>
      <trkpt lat="47.491647" lon="12.298851">
        <ele>998.25</ele>
      </trkpt>
      <trkpt lat="47.491449" lon="12.298828">
        <ele>1000.25</ele>
      </trkpt>
      <trkpt lat="47.491364" lon="12.298806">
        <ele>1000.5</ele>
      </trkpt>
      <trkpt lat="47.491282" lon="12.298747">
        <ele>1000.25</ele>
      </trkpt>
      <trkpt lat="47.49118" lon="12.298462">
        <ele>1004.5</ele>
      </trkpt>
      <trkpt lat="47.491116" lon="12.298375">
        <ele>1006</ele>
      </trkpt>
      <trkpt lat="47.491015" lon="12.298334">
        <ele>1008.5</ele>
      </trkpt>
      <trkpt lat="47.49091" lon="12.298312">
        <ele>1010.75</ele>
      </trkpt>
      <trkpt lat="47.490839" lon="12.298229">
        <ele>1012.25</ele>
      </trkpt>
      <trkpt lat="47.490835" lon="12.298115">
        <ele>1012.75</ele>
      </trkpt>
      <trkpt lat="47.490893" lon="12.298012">
        <ele>1013.25</ele>
      </trkpt>
      <trkpt lat="47.491178" lon="12.297748">
        <ele>1016.25</ele>
      </trkpt>
      <trkpt lat="47.491736" lon="12.29697">
        <ele>1026.75</ele>
      </trkpt>
      <trkpt lat="47.492404" lon="12.296227">
        <ele>1037.75</ele>
      </trkpt>
      <trkpt lat="47.492564" lon="12.29608">
        <ele>1039.5</ele>
      </trkpt>
      <trkpt lat="47.492696" lon="12.295984">
        <ele>1041.5</ele>
      </trkpt>
      <trkpt lat="47.492817" lon="12.295933">
        <ele>1042.25</ele>
      </trkpt>
      <trkpt lat="47.492999" lon="12.29588">
        <ele>1043.5</ele>
      </trkpt>
      <trkpt lat="47.493054" lon="12.295826">
        <ele>1045</ele>
      </trkpt>
      <trkpt lat="47.493061" lon="12.295762">
        <ele>1046.25</ele>
      </trkpt>
      <trkpt lat="47.493035" lon="12.295712">
        <ele>1047.5</ele>
      </trkpt>
      <trkpt lat="47.49293" lon="12.295683">
        <ele>1048.5</ele>
      </trkpt>
      <trkpt lat="47.492651" lon="12.295668">
        <ele>1050.75</ele>
      </trkpt>
      <trkpt lat="47.492531" lon="12.29568">
        <ele>1051.5</ele>
      </trkpt>
      <trkpt lat="47.492277" lon="12.295815">
        <ele>1052</ele>
      </trkpt>
      <trkpt lat="47.492195" lon="12.295827">
        <ele>1053.5</ele>
      </trkpt>
      <trkpt lat="47.492166" lon="12.295736">
        <ele>1056.25</ele>
      </trkpt>
      <trkpt lat="47.492196" lon="12.29563">
        <ele>1057.5</ele>
      </trkpt>
      <trkpt lat="47.492285" lon="12.295547">
        <ele>1057.75</ele>
      </trkpt>
      <trkpt lat="47.492435" lon="12.295472">
        <ele>1059</ele>
      </trkpt>
      <trkpt lat="47.492782" lon="12.295196">
        <ele>1064.25</ele>
      </trkpt>
      <trkpt lat="47.492945" lon="12.295086">
        <ele>1066.25</ele>
      </trkpt>
      <trkpt lat="47.493025" lon="12.294996">
        <ele>1067.25</ele>
      </trkpt>
      <trkpt lat="47.493093" lon="12.294795">
        <ele>1069.75</ele>
      </trkpt>
      <trkpt lat="47.493141" lon="12.294717">
        <ele>1071.25</ele>
      </trkpt>
      <trkpt lat="47.493355" lon="12.294656">
        <ele>1072.75</ele>
      </trkpt>
      <trkpt lat="47.493522" lon="12.294573">
        <ele>1073.5</ele>
      </trkpt>
      <trkpt lat="47.494099" lon="12.293925">
        <ele>1083.75</ele>
      </trkpt>
      <trkpt lat="47.494801" lon="12.293337">
        <ele>1095.5</ele>
      </trkpt>
      <trkpt lat="47.495185" lon="12.292998">
        <ele>1101.75</ele>
      </trkpt>
      <trkpt lat="47.495591" lon="12.292557">
        <ele>1108</ele>
      </trkpt>
      <trkpt lat="47.495707" lon="12.292414">
        <ele>1108.75</ele>
      </trkpt>
      <trkpt lat="47.495725" lon="12.29231">
        <ele>1111.75</ele>
      </trkpt>
      <trkpt lat="47.495718" lon="12.29226">
        <ele>1113.75</ele>
      </trkpt>
      <trkpt lat="47.495631" lon="12.292231">
        <ele>1116.25</ele>
      </trkpt>
      <trkpt lat="47.495488" lon="12.292263">
        <ele>1117.5</ele>
      </trkpt>
      <trkpt lat="47.495313" lon="12.292262">
        <ele>1119.5</ele>
      </trkpt>
      <trkpt lat="47.495133" lon="12.292223">
        <ele>1121.5</ele>
      </trkpt>
      <trkpt lat="47.494914" lon="12.292155">
        <ele>1125</ele>
      </trkpt>
      <trkpt lat="47.494797" lon="12.292141">
        <ele>1126.5</ele>
      </trkpt>
      <trkpt lat="47.494564" lon="12.292144">
        <ele>1129.5</ele>
      </trkpt>
      <trkpt lat="47.494018" lon="12.29206">
        <ele>1138</ele>
      </trkpt>
      <trkpt lat="47.493885" lon="12.292082">
        <ele>1139.5</ele>
      </trkpt>
      <trkpt lat="47.493658" lon="12.292179">
        <ele>1142.75</ele>
      </trkpt>
      <trkpt lat="47.493309" lon="12.292387">
        <ele>1146</ele>
      </trkpt>
      <trkpt lat="47.493175" lon="12.292381">
        <ele>1146</ele>
      </trkpt>
      <trkpt lat="47.493085" lon="12.292253">
        <ele>1150</ele>
      </trkpt>
      <trkpt lat="47.493076" lon="12.292065">
        <ele>1152.75</ele>
      </trkpt>
      <trkpt lat="47.493102" lon="12.291928">
        <ele>1154.75</ele>
      </trkpt>
      <trkpt lat="47.493107" lon="12.291798">
        <ele>1155.5</ele>
      </trkpt>
      <trkpt lat="47.493075" lon="12.291717">
        <ele>1155.75</ele>
      </trkpt>
      <trkpt lat="47.49302" lon="12.291641">
        <ele>1156.5</ele>
      </trkpt>
      <trkpt lat="47.492913" lon="12.291533">
        <ele>1159.5</ele>
      </trkpt>
      <trkpt lat="47.492832" lon="12.291489">
        <ele>1161.25</ele>
      </trkpt>
      <trkpt lat="47.492729" lon="12.291459">
        <ele>1163</ele>
      </trkpt>
      <trkpt lat="47.492571" lon="12.291465">
        <ele>1164.5</ele>
      </trkpt>
      <trkpt lat="47.492384" lon="12.29153">
        <ele>1167.25</ele>
      </trkpt>
      <trkpt lat="47.492149" lon="12.291639">
        <ele>1170.75</ele>
      </trkpt>
      <trkpt lat="47.491162" lon="12.292039">
        <ele>1183</ele>
      </trkpt>
      <trkpt lat="47.491061" lon="12.292072">
        <ele>1184.5</ele>
      </trkpt>
      <trkpt lat="47.49081" lon="12.292048">
        <ele>1188.5</ele>
      </trkpt>
      <trkpt lat="47.490622" lon="12.291982">
        <ele>1190</ele>
      </trkpt>
      <trkpt lat="47.490501" lon="12.291917">
        <ele>1191</ele>
      </trkpt>
      <trkpt lat="47.490266" lon="12.291792">
        <ele>1193</ele>
      </trkpt>
      <trkpt lat="47.49019" lon="12.291714">
        <ele>1193.5</ele>
      </trkpt>
      <trkpt lat="47.490121" lon="12.291514">
        <ele>1195.75</ele>
      </trkpt>
      <trkpt lat="47.490072" lon="12.291129">
        <ele>1199.75</ele>
      </trkpt>
      <trkpt lat="47.490038" lon="12.290862">
        <ele>1202</ele>
      </trkpt>
      <trkpt lat="47.490024" lon="12.290511">
        <ele>1205.75</ele>
      </trkpt>
      <trkpt lat="47.490128" lon="12.289815">
        <ele>1212</ele>
      </trkpt>
      <trkpt lat="47.490129" lon="12.289623">
        <ele>1213.25</ele>
      </trkpt>
      <trkpt lat="47.490169" lon="12.288837">
        <ele>1219.5</ele>
      </trkpt>
      <trkpt lat="47.490201" lon="12.288583">
        <ele>1222</ele>
      </trkpt>
      <trkpt lat="47.490387" lon="12.287756">
        <ele>1230.25</ele>
      </trkpt>
      <trkpt lat="47.490516" lon="12.286946">
        <ele>1236.5</ele>
      </trkpt>
      <trkpt lat="47.490818" lon="12.285982">
        <ele>1246</ele>
      </trkpt>
      <trkpt lat="47.491027" lon="12.285545">
        <ele>1249</ele>
      </trkpt>
      <trkpt lat="47.491115" lon="12.285468">
        <ele>1252</ele>
      </trkpt>
      <trkpt lat="47.491187" lon="12.285506">
        <ele>1255.25</ele>
      </trkpt>
      <trkpt lat="47.491258" lon="12.285854">
        <ele>1259</ele>
      </trkpt>
      <trkpt lat="47.491366" lon="12.286123">
        <ele>1261.25</ele>
      </trkpt>
      <trkpt lat="47.491549" lon="12.286357">
        <ele>1263.5</ele>
      </trkpt>
      <trkpt lat="47.491609" lon="12.286456">
        <ele>1264.25</ele>
      </trkpt>
      <trkpt lat="47.491641" lon="12.286483">
        <ele>1265</ele>
      </trkpt>
      <trkpt lat="47.491693" lon="12.286466">
        <ele>1266.5</ele>
      </trkpt>
      <trkpt lat="47.491703" lon="12.286422">
        <ele>1266.75</ele>
      </trkpt>
      <trkpt lat="47.491706" lon="12.28637">
        <ele>1267</ele>
      </trkpt>
      <trkpt lat="47.491626" lon="12.286174">
        <ele>1266.5</ele>
      </trkpt>
      <trkpt lat="47.491551" lon="12.285962">
        <ele>1266.5</ele>
      </trkpt>
      <trkpt lat="47.491549" lon="12.285813">
        <ele>1267.5</ele>
      </trkpt>
      <trkpt lat="47.491558" lon="12.285667">
        <ele>1268.5</ele>
      </trkpt>
      <trkpt lat="47.491645" lon="12.28474">
        <ele>1269.5</ele>
      </trkpt>
      <trkpt lat="47.491763" lon="12.284445">
        <ele>1269.75</ele>
      </trkpt>
      <trkpt lat="47.491976" lon="12.283768">
        <ele>1277.5</ele>
      </trkpt>
      <trkpt lat="47.491944" lon="12.283532">
        <ele>1276.25</ele>
      </trkpt>
      <trkpt lat="47.49182" lon="12.283389">
        <ele>1277.25</ele>
      </trkpt>
      <trkpt lat="47.491526" lon="12.283249">
        <ele>1286</ele>
      </trkpt>
      <trkpt lat="47.491396" lon="12.283224">
        <ele>1287.5</ele>
      </trkpt>
      <trkpt lat="47.4912" lon="12.283298">
        <ele>1290</ele>
      </trkpt>
      <trkpt lat="47.49093" lon="12.283427">
        <ele>1291.5</ele>
      </trkpt>
      <trkpt lat="47.49081" lon="12.283382">
        <ele>1295</ele>
      </trkpt>
      <trkpt lat="47.490585" lon="12.283232">
        <ele>1299.25</ele>
      </trkpt>
      <trkpt lat="47.490366" lon="12.283156">
        <ele>1302</ele>
      </trkpt>
      <trkpt lat="47.490164" lon="12.28304">
        <ele>1304.25</ele>
      </trkpt>
      <trkpt lat="47.489993" lon="12.282858">
        <ele>1308.25</ele>
      </trkpt>
      <trkpt lat="47.489832" lon="12.282736">
        <ele>1310</ele>
      </trkpt>
      <trkpt lat="47.489759" lon="12.282608">
        <ele>1311.5</ele>
      </trkpt>
      <trkpt lat="47.489682" lon="12.282399">
        <ele>1313.5</ele>
      </trkpt>
      <trkpt lat="47.489492" lon="12.282047">
        <ele>1316</ele>
      </trkpt>
      <trkpt lat="47.489358" lon="12.281904">
        <ele>1316.75</ele>
      </trkpt>
      <trkpt lat="47.489071" lon="12.281548">
        <ele>1321</ele>
      </trkpt>
      <trkpt lat="47.488911" lon="12.281228">
        <ele>1323.75</ele>
      </trkpt>
      <trkpt lat="47.48878" lon="12.281063">
        <ele>1322.25</ele>
      </trkpt>
      <trkpt lat="47.488562" lon="12.280395">
        <ele>1324.25</ele>
      </trkpt>
      <trkpt lat="47.488486" lon="12.28011">
        <ele>1326</ele>
      </trkpt>
      <trkpt lat="47.48847" lon="12.279822">
        <ele>1329</ele>
      </trkpt>
      <trkpt lat="47.488474" lon="12.27952">
        <ele>1330.75</ele>
      </trkpt>
      <trkpt lat="47.488528" lon="12.279008">
        <ele>1333.25</ele>
      </trkpt>
      <trkpt lat="47.488567" lon="12.278503">
        <ele>1336.75</ele>
      </trkpt>
      <trkpt lat="47.48855" lon="12.278208">
        <ele>1337.25</ele>
      </trkpt>
      <trkpt lat="47.488511" lon="12.277998">
        <ele>1338</ele>
      </trkpt>
      <trkpt lat="47.488405" lon="12.277565">
        <ele>1341.75</ele>
      </trkpt>
      <trkpt lat="47.488342" lon="12.277165">
        <ele>1345.75</ele>
      </trkpt>
      <trkpt lat="47.488349" lon="12.276822">
        <ele>1349.25</ele>
      </trkpt>
      <trkpt lat="47.488395" lon="12.276417">
        <ele>1354.75</ele>
      </trkpt>
      <trkpt lat="47.488345" lon="12.275984">
        <ele>1358.75</ele>
      </trkpt>
      <trkpt lat="47.488363" lon="12.275403">
        <ele>1366.25</ele>
      </trkpt>
      <trkpt lat="47.488309" lon="12.275012">
        <ele>1368.75</ele>
      </trkpt>
      <trkpt lat="47.488326" lon="12.274839">
        <ele>1371.25</ele>
      </trkpt>
      <trkpt lat="47.488436" lon="12.273975">
        <ele>1376.75</ele>
      </trkpt>
      <trkpt lat="47.488504" lon="12.27344">
        <ele>1382.75</ele>
      </trkpt>
      <trkpt lat="47.488586" lon="12.27297">
        <ele>1389.25</ele>
      </trkpt>
      <trkpt lat="47.488834" lon="12.271805">
        <ele>1399.5</ele>
      </trkpt>
      <trkpt lat="47.488927" lon="12.271727">
        <ele>1402.25</ele>
      </trkpt>
      <trkpt lat="47.488963" lon="12.27205">
        <ele>1405.5</ele>
      </trkpt>
      <trkpt lat="47.489164" lon="12.272654">
        <ele>1409.75</ele>
      </trkpt>
      <trkpt lat="47.489339" lon="12.273355">
        <ele>1414.25</ele>
      </trkpt>
      <trkpt lat="47.489446" lon="12.273629">
        <ele>1418.75</ele>
      </trkpt>
      <trkpt lat="47.489504" lon="12.273749">
        <ele>1420</ele>
      </trkpt>
      <trkpt lat="47.489551" lon="12.273785">
        <ele>1421</ele>
      </trkpt>
      <trkpt lat="47.489597" lon="12.273786">
        <ele>1422</ele>
      </trkpt>
      <trkpt lat="47.489632" lon="12.273741">
        <ele>1423.25</ele>
      </trkpt>
      <trkpt lat="47.489649" lon="12.273324">
        <ele>1425.5</ele>
      </trkpt>
      <trkpt lat="47.489699" lon="12.272868">
        <ele>1429.5</ele>
      </trkpt>
      <trkpt lat="47.489734" lon="12.272454">
        <ele>1434</ele>
      </trkpt>
      <trkpt lat="47.489734" lon="12.272153">
        <ele>1436</ele>
      </trkpt>
      <trkpt lat="47.489751" lon="12.271878">
        <ele>1438.75</ele>
      </trkpt>
      <trkpt lat="47.489835" lon="12.270845">
        <ele>1446.5</ele>
      </trkpt>
      <trkpt lat="47.489847" lon="12.2706">
        <ele>1449</ele>
      </trkpt>
      <trkpt lat="47.489821" lon="12.270366">
        <ele>1451.25</ele>
      </trkpt>
      <trkpt lat="47.489752" lon="12.270074">
        <ele>1453.75</ele>
      </trkpt>
      <trkpt lat="47.489642" lon="12.269749">
        <ele>1455.25</ele>
      </trkpt>
      <trkpt lat="47.489477" lon="12.269218">
        <ele>1464.25</ele>
      </trkpt>
      <trkpt lat="47.489305" lon="12.268947">
        <ele>1465.5</ele>
      </trkpt>
      <trkpt lat="47.489169" lon="12.268787">
        <ele>1465.75</ele>
      </trkpt>
      <trkpt lat="47.489067" lon="12.268648">
        <ele>1467</ele>
      </trkpt>
      <trkpt lat="47.489033" lon="12.268565">
        <ele>1467.25</ele>
      </trkpt>
      <trkpt lat="47.489025" lon="12.268474">
        <ele>1467.5</ele>
      </trkpt>
      <trkpt lat="47.489053" lon="12.268323">
        <ele>1469</ele>
      </trkpt>
      <trkpt lat="47.489065" lon="12.268172">
        <ele>1471</ele>
      </trkpt>
      <trkpt lat="47.489051" lon="12.268062">
        <ele>1472.25</ele>
      </trkpt>
      <trkpt lat="47.489018" lon="12.267975">
        <ele>1474.5</ele>
      </trkpt>
      <trkpt lat="47.488728" lon="12.267761">
        <ele>1475.75</ele>
      </trkpt>
      <trkpt lat="47.488497" lon="12.267553">
        <ele>1478.25</ele>
      </trkpt>
      <trkpt lat="47.488407" lon="12.267383">
        <ele>1481.5</ele>
      </trkpt>
      <trkpt lat="47.488244" lon="12.267332">
        <ele>1482</ele>
      </trkpt>
      <trkpt lat="47.487961" lon="12.26726">
        <ele>1483</ele>
      </trkpt>
      <trkpt lat="47.487903" lon="12.267192">
        <ele>1483.75</ele>
      </trkpt>
      <trkpt lat="47.487881" lon="12.267126">
        <ele>1484.75</ele>
      </trkpt>
      <trkpt lat="47.487773" lon="12.266658">
        <ele>1490.75</ele>
      </trkpt>
      <trkpt lat="47.487669" lon="12.266127">
        <ele>1494.5</ele>
      </trkpt>
      <trkpt lat="47.487657" lon="12.265724">
        <ele>1498.75</ele>
      </trkpt>
      <trkpt lat="47.487651" lon="12.265692">
        <ele>1499.25</ele>
      </trkpt>
      <trkpt lat="47.487643" lon="12.265648">
        <ele>1499.75</ele>
      </trkpt>
      <trkpt lat="47.4876" lon="12.265564">
        <ele>1500.75</ele>
      </trkpt>
      <trkpt lat="47.487501" lon="12.265489">
        <ele>1502</ele>
      </trkpt>
      <trkpt lat="47.487298" lon="12.265423">
        <ele>1504.5</ele>
      </trkpt>
      <trkpt lat="47.487136" lon="12.265386">
        <ele>1506.25</ele>
      </trkpt>
      <trkpt lat="47.486869" lon="12.265276">
        <ele>1510.5</ele>
      </trkpt>
      <trkpt lat="47.486708" lon="12.265161">
        <ele>1512</ele>
      </trkpt>
      <trkpt lat="47.486672" lon="12.265099">
        <ele>1512.75</ele>
      </trkpt>
      <trkpt lat="47.486646" lon="12.265031">
        <ele>1513.25</ele>
      </trkpt>
      <trkpt lat="47.486473" lon="12.264245">
        <ele>1520.75</ele>
      </trkpt>
      <trkpt lat="47.486402" lon="12.263698">
        <ele>1525</ele>
      </trkpt>
      <trkpt lat="47.486363" lon="12.263481">
        <ele>1527.25</ele>
      </trkpt>
      <trkpt lat="47.486272" lon="12.263203">
        <ele>1529.75</ele>
      </trkpt>
      <trkpt lat="47.486183" lon="12.263008">
        <ele>1531.75</ele>
      </trkpt>
      <trkpt lat="47.48606" lon="12.262788">
        <ele>1533</ele>
      </trkpt>
      <trkpt lat="47.485949" lon="12.262634">
        <ele>1533.75</ele>
      </trkpt>
      <trkpt lat="47.485874" lon="12.262458">
        <ele>1536.5</ele>
      </trkpt>
      <trkpt lat="47.48577" lon="12.262044">
        <ele>1539</ele>
      </trkpt>
      <trkpt lat="47.485716" lon="12.261635">
        <ele>1542</ele>
      </trkpt>
      <trkpt lat="47.485692" lon="12.261229">
        <ele>1545.25</ele>
      </trkpt>
      <trkpt lat="47.485654" lon="12.261074">
        <ele>1546</ele>
      </trkpt>
      <trkpt lat="47.485602" lon="12.260935">
        <ele>1546.75</ele>
      </trkpt>
      <trkpt lat="47.485502" lon="12.260655">
        <ele>1549</ele>
      </trkpt>
      <trkpt lat="47.485483" lon="12.260558">
        <ele>1549.75</ele>
      </trkpt>
      <trkpt lat="47.485481" lon="12.260458">
        <ele>1550.25</ele>
      </trkpt>
      <trkpt lat="47.485525" lon="12.26007">
        <ele>1552.25</ele>
      </trkpt>
      <trkpt lat="47.485545" lon="12.259865">
        <ele>1552.75</ele>
      </trkpt>
      <trkpt lat="47.485553" lon="12.259662">
        <ele>1553</ele>
      </trkpt>
      <trkpt lat="47.485533" lon="12.259295">
        <ele>1554.25</ele>
      </trkpt>
      <trkpt lat="47.485509" lon="12.258359">
        <ele>1556.25</ele>
      </trkpt>
      <trkpt lat="47.485502" lon="12.258035">
        <ele>1557.75</ele>
      </trkpt>
      <trkpt lat="47.485511" lon="12.257934">
        <ele>1558.25</ele>
      </trkpt>
      <trkpt lat="47.485531" lon="12.257839">
        <ele>1558.75</ele>
      </trkpt>
      <trkpt lat="47.485635" lon="12.257657">
        <ele>1559.75</ele>
      </trkpt>
      <trkpt lat="47.485756" lon="12.257475">
        <ele>1561</ele>
      </trkpt>
      <trkpt lat="47.485833" lon="12.257373">
        <ele>1561.75</ele>
      </trkpt>
      <trkpt lat="47.485993" lon="12.257219">
        <ele>1562.75</ele>
      </trkpt>
      <trkpt lat="47.486201" lon="12.25709">
        <ele>1562.5</ele>
      </trkpt>
      <trkpt lat="47.486251" lon="12.257029">
        <ele>1562.75</ele>
      </trkpt>
      <trkpt lat="47.48629" lon="12.256971">
        <ele>1563</ele>
      </trkpt>
      <trkpt lat="47.486358" lon="12.256797">
        <ele>1564.5</ele>
      </trkpt>
      <trkpt lat="47.486414" lon="12.256679">
        <ele>1565.25</ele>
      </trkpt>
      <trkpt lat="47.486431" lon="12.256642">
        <ele>1565.5</ele>
      </trkpt>
      <trkpt lat="47.486458" lon="12.256581">
        <ele>1566.25</ele>
      </trkpt>
      <trkpt lat="47.486582" lon="12.256323">
        <ele>1567.75</ele>
      </trkpt>
      <trkpt lat="47.486637" lon="12.256147">
        <ele>1568.25</ele>
      </trkpt>
      <trkpt lat="47.486855" lon="12.25565">
        <ele>1568</ele>
      </trkpt>
      <trkpt lat="47.487208" lon="12.255044">
        <ele>1569.5</ele>
      </trkpt>
      <trkpt lat="47.487341" lon="12.254934">
        <ele>1570.25</ele>
      </trkpt>
      <trkpt lat="47.487255" lon="12.254751">
        <ele>1571</ele>
      </trkpt>
      <trkpt lat="47.48702" lon="12.25467">
        <ele>1570.75</ele>
      </trkpt>
      <trkpt lat="47.486781" lon="12.254463">
        <ele>1571.25</ele>
      </trkpt>
      <trkpt lat="47.48667" lon="12.254395">
        <ele>1571.25</ele>
      </trkpt>
      <trkpt lat="47.48646" lon="12.25433">
        <ele>1572.75</ele>
      </trkpt>
      <trkpt lat="47.486258" lon="12.254361">
        <ele>1574.75</ele>
      </trkpt>
      <trkpt lat="47.486032" lon="12.254437">
        <ele>1576.75</ele>
      </trkpt>
      <trkpt lat="47.485904" lon="12.25452">
        <ele>1577.75</ele>
      </trkpt>
      <trkpt lat="47.485706" lon="12.254835">
        <ele>1581.5</ele>
      </trkpt>
      <trkpt lat="47.485517" lon="12.255049">
        <ele>1583.25</ele>
      </trkpt>
      <trkpt lat="47.485266" lon="12.255271">
        <ele>1583.75</ele>
      </trkpt>
      <trkpt lat="47.48501" lon="12.255538">
        <ele>1583</ele>
      </trkpt>
      <trkpt lat="47.484689" lon="12.256216">
        <ele>1577.25</ele>
      </trkpt>
      <trkpt lat="47.484622" lon="12.256273">
        <ele>1576.25</ele>
      </trkpt>
      <trkpt lat="47.484554" lon="12.256298">
        <ele>1575.5</ele>
      </trkpt>
      <trkpt lat="47.484471" lon="12.256303">
        <ele>1574.5</ele>
      </trkpt>
      <trkpt lat="47.48437" lon="12.256365">
        <ele>1574</ele>
      </trkpt>
      <trkpt lat="47.484338" lon="12.256384">
        <ele>1574</ele>
      </trkpt>
      <trkpt lat="47.484136" lon="12.256622">
        <ele>1573</ele>
      </trkpt>
      <trkpt lat="47.4839" lon="12.256784">
        <ele>1571.5</ele>
      </trkpt>
      <trkpt lat="47.483827" lon="12.256859">
        <ele>1571.25</ele>
      </trkpt>
      <trkpt lat="47.483763" lon="12.256952">
        <ele>1570.75</ele>
      </trkpt>
      <trkpt lat="47.483694" lon="12.257113">
        <ele>1570.25</ele>
      </trkpt>
      <trkpt lat="47.483591" lon="12.257213">
        <ele>1569</ele>
      </trkpt>
      <trkpt lat="47.483488" lon="12.257283">
        <ele>1568.25</ele>
      </trkpt>
      <trkpt lat="47.483373" lon="12.25733">
        <ele>1567.75</ele>
      </trkpt>
      <trkpt lat="47.483265" lon="12.257339">
        <ele>1568</ele>
      </trkpt>
      <trkpt lat="47.483189" lon="12.257384">
        <ele>1567.75</ele>
      </trkpt>
      <trkpt lat="47.483018" lon="12.257449">
        <ele>1567.75</ele>
      </trkpt>
      <trkpt lat="47.482735" lon="12.25747">
        <ele>1568</ele>
      </trkpt>
      <trkpt lat="47.482535" lon="12.257406">
        <ele>1568.25</ele>
      </trkpt>
      <trkpt lat="47.482377" lon="12.257385">
        <ele>1568.5</ele>
      </trkpt>
      <trkpt lat="47.481981" lon="12.257414">
        <ele>1567.5</ele>
      </trkpt>
      <trkpt lat="47.481863" lon="12.257361">
        <ele>1567</ele>
      </trkpt>
      <trkpt lat="47.481791" lon="12.257284">
        <ele>1566.75</ele>
      </trkpt>
      <trkpt lat="47.481517" lon="12.256848">
        <ele>1566.5</ele>
      </trkpt>
      <trkpt lat="47.481448" lon="12.256796">
        <ele>1566.5</ele>
      </trkpt>
      <trkpt lat="47.48134" lon="12.256767">
        <ele>1566.5</ele>
      </trkpt>
      <trkpt lat="47.481006" lon="12.256791">
        <ele>1566.25</ele>
      </trkpt>
      <trkpt lat="47.480632" lon="12.256833">
        <ele>1566.75</ele>
      </trkpt>
      <trkpt lat="47.480456" lon="12.256809">
        <ele>1568.25</ele>
      </trkpt>
      <trkpt lat="47.480327" lon="12.25676">
        <ele>1569.25</ele>
      </trkpt>
      <trkpt lat="47.48005" lon="12.256573">
        <ele>1571.75</ele>
      </trkpt>
      <trkpt lat="47.479805" lon="12.256469">
        <ele>1570.25</ele>
      </trkpt>
      <trkpt lat="47.479618" lon="12.256336">
        <ele>1569.75</ele>
      </trkpt>
      <trkpt lat="47.479516" lon="12.256097">
        <ele>1571.5</ele>
      </trkpt>
      <trkpt lat="47.479282" lon="12.255663">
        <ele>1571.5</ele>
      </trkpt>
      <trkpt lat="47.478981" lon="12.254838">
        <ele>1571.5</ele>
      </trkpt>
      <trkpt lat="47.478899" lon="12.254674">
        <ele>1570.5</ele>
      </trkpt>
      <trkpt lat="47.478663" lon="12.254303">
        <ele>1571</ele>
      </trkpt>
      <trkpt lat="47.478448" lon="12.25401">
        <ele>1571.75</ele>
      </trkpt>
      <trkpt lat="47.478088" lon="12.253583">
        <ele>1574.25</ele>
      </trkpt>
      <trkpt lat="47.47801" lon="12.2535">
        <ele>1575</ele>
      </trkpt>
      <trkpt lat="47.477946" lon="12.253455">
        <ele>1575.75</ele>
      </trkpt>
      <trkpt lat="47.477834" lon="12.253415">
        <ele>1575.75</ele>
      </trkpt>
      <trkpt lat="47.47745" lon="12.253086">
        <ele>1580.25</ele>
      </trkpt>
      <trkpt lat="47.477305" lon="12.253029">
        <ele>1581.75</ele>
      </trkpt>
      <trkpt lat="47.477181" lon="12.252996">
        <ele>1583</ele>
      </trkpt>
      <trkpt lat="47.476939" lon="12.252968">
        <ele>1585.75</ele>
      </trkpt>
      <trkpt lat="47.476672" lon="12.253007">
        <ele>1588.75</ele>
      </trkpt>
      <trkpt lat="47.476436" lon="12.253065">
        <ele>1590.75</ele>
      </trkpt>
      <trkpt lat="47.476367" lon="12.253082">
        <ele>1592</ele>
      </trkpt>
      <trkpt lat="47.476243" lon="12.253148">
        <ele>1594.25</ele>
      </trkpt>
      <trkpt lat="47.476127" lon="12.253225">
        <ele>1595.5</ele>
      </trkpt>
      <trkpt lat="47.475999" lon="12.253364">
        <ele>1598.25</ele>
      </trkpt>
      <trkpt lat="47.475895" lon="12.253547">
        <ele>1599.75</ele>
      </trkpt>
      <trkpt lat="47.475612" lon="12.254265">
        <ele>1602.25</ele>
      </trkpt>
      <trkpt lat="47.475552" lon="12.254501">
        <ele>1604.5</ele>
      </trkpt>
      <trkpt lat="47.475525" lon="12.254542">
        <ele>1604.25</ele>
      </trkpt>
      <trkpt lat="47.475491" lon="12.254557">
        <ele>1603.75</ele>
      </trkpt>
      <trkpt lat="47.475236" lon="12.255012">
        <ele>1601.75</ele>
      </trkpt>
      <trkpt lat="47.475028" lon="12.255425">
        <ele>1598.5</ele>
      </trkpt>
      <trkpt lat="47.474986" lon="12.25553">
        <ele>1598.25</ele>
      </trkpt>
      <trkpt lat="47.47491" lon="12.255795">
        <ele>1596.25</ele>
      </trkpt>
      <trkpt lat="47.474863" lon="12.255999">
        <ele>1595.5</ele>
      </trkpt>
      <trkpt lat="47.474835" lon="12.256138">
        <ele>1595</ele>
      </trkpt>
      <trkpt lat="47.474814" lon="12.256372">
        <ele>1594</ele>
      </trkpt>
      <trkpt lat="47.474802" lon="12.256446">
        <ele>1593.5</ele>
      </trkpt>
      <trkpt lat="47.474779" lon="12.256488">
        <ele>1593.25</ele>
      </trkpt>
      <trkpt lat="47.474742" lon="12.256504">
        <ele>1592.5</ele>
      </trkpt>
      <trkpt lat="47.474705" lon="12.256493">
        <ele>1591.75</ele>
      </trkpt>
      <trkpt lat="47.47468" lon="12.256441">
        <ele>1590.75</ele>
      </trkpt>
      <trkpt lat="47.474659" lon="12.256144">
        <ele>1589.75</ele>
      </trkpt>
      <trkpt lat="47.474627" lon="12.25575">
        <ele>1587.5</ele>
      </trkpt>
      <trkpt lat="47.47461" lon="12.255607">
        <ele>1586.5</ele>
      </trkpt>
      <trkpt lat="47.474589" lon="12.255496">
        <ele>1585.5</ele>
      </trkpt>
      <trkpt lat="47.474464" lon="12.25496">
        <ele>1580</ele>
      </trkpt>
      <trkpt lat="47.474401" lon="12.254751">
        <ele>1577</ele>
      </trkpt>
      <trkpt lat="47.474357" lon="12.254574">
        <ele>1575.75</ele>
      </trkpt>
      <trkpt lat="47.474318" lon="12.254377">
        <ele>1574.5</ele>
      </trkpt>
      <trkpt lat="47.474289" lon="12.254183">
        <ele>1573.5</ele>
      </trkpt>
      <trkpt lat="47.474235" lon="12.25389">
        <ele>1570.5</ele>
      </trkpt>
      <trkpt lat="47.474135" lon="12.253407">
        <ele>1566</ele>
      </trkpt>
      <trkpt lat="47.474034" lon="12.253095">
        <ele>1563</ele>
      </trkpt>
      <trkpt lat="47.473966" lon="12.252767">
        <ele>1561.25</ele>
      </trkpt>
      <trkpt lat="47.47395" lon="12.25258">
        <ele>1559.75</ele>
      </trkpt>
      <trkpt lat="47.473968" lon="12.252275">
        <ele>1559.5</ele>
      </trkpt>
      <trkpt lat="47.473985" lon="12.251994">
        <ele>1559.75</ele>
      </trkpt>
      <trkpt lat="47.473983" lon="12.251657">
        <ele>1558.75</ele>
      </trkpt>
      <trkpt lat="47.473993" lon="12.251354">
        <ele>1560.75</ele>
      </trkpt>
      <trkpt lat="47.474044" lon="12.251119">
        <ele>1561.75</ele>
      </trkpt>
      <trkpt lat="47.474072" lon="12.250949">
        <ele>1562.25</ele>
      </trkpt>
      <trkpt lat="47.474158" lon="12.250313">
        <ele>1562.75</ele>
      </trkpt>
      <trkpt lat="47.474175" lon="12.25001">
        <ele>1562</ele>
      </trkpt>
      <trkpt lat="47.474197" lon="12.249903">
        <ele>1561.5</ele>
      </trkpt>
      <trkpt lat="47.474217" lon="12.249809">
        <ele>1561</ele>
      </trkpt>
      <trkpt lat="47.47421" lon="12.24966">
        <ele>1560</ele>
      </trkpt>
      <trkpt lat="47.474146" lon="12.249218">
        <ele>1558.75</ele>
      </trkpt>
      <trkpt lat="47.474109" lon="12.248865">
        <ele>1557.75</ele>
      </trkpt>
      <trkpt lat="47.474087" lon="12.248771">
        <ele>1557.75</ele>
      </trkpt>
      <trkpt lat="47.474058" lon="12.248695">
        <ele>1557.5</ele>
      </trkpt>
      <trkpt lat="47.473996" lon="12.248602">
        <ele>1556.25</ele>
      </trkpt>
      <trkpt lat="47.473967" lon="12.248531">
        <ele>1555.5</ele>
      </trkpt>
      <trkpt lat="47.47395" lon="12.248433">
        <ele>1555.25</ele>
      </trkpt>
      <trkpt lat="47.473958" lon="12.248279">
        <ele>1555.5</ele>
      </trkpt>
      <trkpt lat="47.47399" lon="12.248114">
        <ele>1554.25</ele>
      </trkpt>
      <trkpt lat="47.474026" lon="12.247974">
        <ele>1553.75</ele>
      </trkpt>
      <trkpt lat="47.474069" lon="12.247854">
        <ele>1553.5</ele>
      </trkpt>
      <trkpt lat="47.474212" lon="12.247522">
        <ele>1553</ele>
      </trkpt>
      <trkpt lat="47.474231" lon="12.247418">
        <ele>1552.5</ele>
      </trkpt>
      <trkpt lat="47.474281" lon="12.247069">
        <ele>1550.5</ele>
      </trkpt>
      <trkpt lat="47.474313" lon="12.246877">
        <ele>1549.75</ele>
      </trkpt>
      <trkpt lat="47.474352" lon="12.246688">
        <ele>1548</ele>
      </trkpt>
      <trkpt lat="47.474378" lon="12.245969">
        <ele>1546.75</ele>
      </trkpt>
      <trkpt lat="47.474373" lon="12.245799">
        <ele>1546</ele>
      </trkpt>
      <trkpt lat="47.474389" lon="12.245746">
        <ele>1545.75</ele>
      </trkpt>
      <trkpt lat="47.474423" lon="12.24567">
        <ele>1546.25</ele>
      </trkpt>
      <trkpt lat="47.474424" lon="12.245587">
        <ele>1545.5</ele>
      </trkpt>
      <trkpt lat="47.474402" lon="12.245535">
        <ele>1544.75</ele>
      </trkpt>
      <trkpt lat="47.474327" lon="12.245441">
        <ele>1543.75</ele>
      </trkpt>
      <trkpt lat="47.474233" lon="12.245257">
        <ele>1543.25</ele>
      </trkpt>
      <trkpt lat="47.474169" lon="12.245063">
        <ele>1541.5</ele>
      </trkpt>
      <trkpt lat="47.474112" lon="12.244866">
        <ele>1540.75</ele>
      </trkpt>
      <trkpt lat="47.473992" lon="12.244552">
        <ele>1540.25</ele>
      </trkpt>
      <trkpt lat="47.473945" lon="12.244463">
        <ele>1539.5</ele>
      </trkpt>
      <trkpt lat="47.473793" lon="12.244305">
        <ele>1538.75</ele>
      </trkpt>
      <trkpt lat="47.473721" lon="12.244218">
        <ele>1538</ele>
      </trkpt>
      <trkpt lat="47.473518" lon="12.24386">
        <ele>1536.5</ele>
      </trkpt>
      <trkpt lat="47.473485" lon="12.24383">
        <ele>1536.5</ele>
      </trkpt>
      <trkpt lat="47.473302" lon="12.243812">
        <ele>1533.5</ele>
      </trkpt>
      <trkpt lat="47.473205" lon="12.243786">
        <ele>1532.75</ele>
      </trkpt>
      <trkpt lat="47.473128" lon="12.243747">
        <ele>1532.5</ele>
      </trkpt>
      <trkpt lat="47.473053" lon="12.243678">
        <ele>1532.5</ele>
      </trkpt>
      <trkpt lat="47.47298" lon="12.243593">
        <ele>1532.5</ele>
      </trkpt>
      <trkpt lat="47.472914" lon="12.243545">
        <ele>1531.75</ele>
      </trkpt>
      <trkpt lat="47.472711" lon="12.24346">
        <ele>1529.75</ele>
      </trkpt>
      <trkpt lat="47.472612" lon="12.243401">
        <ele>1529.5</ele>
      </trkpt>
      <trkpt lat="47.472356" lon="12.2432">
        <ele>1529.75</ele>
      </trkpt>
      <trkpt lat="47.472289" lon="12.243176">
        <ele>1529</ele>
      </trkpt>
      <trkpt lat="47.472078" lon="12.243129">
        <ele>1525.75</ele>
      </trkpt>
      <trkpt lat="47.471654" lon="12.24285">
        <ele>1520.5</ele>
      </trkpt>
      <trkpt lat="47.471493" lon="12.242783">
        <ele>1518.75</ele>
      </trkpt>
      <trkpt lat="47.471396" lon="12.242717">
        <ele>1518</ele>
      </trkpt>
      <trkpt lat="47.471101" lon="12.242492">
        <ele>1513.75</ele>
      </trkpt>
      <trkpt lat="47.471036" lon="12.242434">
        <ele>1512.25</ele>
      </trkpt>
      <trkpt lat="47.470989" lon="12.242378">
        <ele>1511.25</ele>
      </trkpt>
      <trkpt lat="47.470897" lon="12.24212">
        <ele>1510.25</ele>
      </trkpt>
      <trkpt lat="47.470798" lon="12.241935">
        <ele>1509</ele>
      </trkpt>
      <trkpt lat="47.470723" lon="12.241825">
        <ele>1509</ele>
      </trkpt>
      <trkpt lat="47.470629" lon="12.241711">
        <ele>1507.5</ele>
      </trkpt>
      <trkpt lat="47.470494" lon="12.241591">
        <ele>1504</ele>
      </trkpt>
      <trkpt lat="47.470422" lon="12.241508">
        <ele>1503</ele>
      </trkpt>
      <trkpt lat="47.469818" lon="12.240659">
        <ele>1493.75</ele>
      </trkpt>
      <trkpt lat="47.46975" lon="12.240542">
        <ele>1492.5</ele>
      </trkpt>
      <trkpt lat="47.469685" lon="12.240396">
        <ele>1490.75</ele>
      </trkpt>
      <trkpt lat="47.469645" lon="12.240268">
        <ele>1490</ele>
      </trkpt>
      <trkpt lat="47.469565" lon="12.240129">
        <ele>1489.25</ele>
      </trkpt>
      <trkpt lat="47.469533" lon="12.240132">
        <ele>1488.25</ele>
      </trkpt>
      <trkpt lat="47.469506" lon="12.240191">
        <ele>1487</ele>
      </trkpt>
      <trkpt lat="47.469511" lon="12.240503">
        <ele>1485.25</ele>
      </trkpt>
      <trkpt lat="47.469507" lon="12.24066">
        <ele>1484.5</ele>
      </trkpt>
      <trkpt lat="47.469468" lon="12.241002">
        <ele>1481.25</ele>
      </trkpt>
      <trkpt lat="47.469462" lon="12.241158">
        <ele>1480</ele>
      </trkpt>
      <trkpt lat="47.469482" lon="12.241339">
        <ele>1479.25</ele>
      </trkpt>
      <trkpt lat="47.469547" lon="12.241651">
        <ele>1476.25</ele>
      </trkpt>
      <trkpt lat="47.469558" lon="12.241783">
        <ele>1475</ele>
      </trkpt>
      <trkpt lat="47.469558" lon="12.241909">
        <ele>1473.75</ele>
      </trkpt>
      <trkpt lat="47.469568" lon="12.241969">
        <ele>1473</ele>
      </trkpt>
      <trkpt lat="47.469675" lon="12.242214">
        <ele>1471</ele>
      </trkpt>
      <trkpt lat="47.469693" lon="12.242267">
        <ele>1471</ele>
      </trkpt>
      <trkpt lat="47.469704" lon="12.242424">
        <ele>1470</ele>
      </trkpt>
      <trkpt lat="47.469698" lon="12.242781">
        <ele>1466</ele>
      </trkpt>
      <trkpt lat="47.469667" lon="12.242776">
        <ele>1465</ele>
      </trkpt>
      <trkpt lat="47.469649" lon="12.242761">
        <ele>1464.5</ele>
      </trkpt>
      <trkpt lat="47.469627" lon="12.242673">
        <ele>1465</ele>
      </trkpt>
      <trkpt lat="47.469606" lon="12.242629">
        <ele>1465</ele>
      </trkpt>
      <trkpt lat="47.469438" lon="12.242427">
        <ele>1463.5</ele>
      </trkpt>
      <trkpt lat="47.469177" lon="12.242181">
        <ele>1460</ele>
      </trkpt>
      <trkpt lat="47.469025" lon="12.24202">
        <ele>1458.75</ele>
      </trkpt>
      <trkpt lat="47.468984" lon="12.241986">
        <ele>1458.25</ele>
      </trkpt>
      <trkpt lat="47.468935" lon="12.241973">
        <ele>1457</ele>
      </trkpt>
      <trkpt lat="47.468869" lon="12.242008">
        <ele>1455</ele>
      </trkpt>
      <trkpt lat="47.468824" lon="12.242">
        <ele>1454</ele>
      </trkpt>
      <trkpt lat="47.468755" lon="12.241943">
        <ele>1453</ele>
      </trkpt>
      <trkpt lat="47.4687" lon="12.241889">
        <ele>1452.75</ele>
      </trkpt>
      <trkpt lat="47.468649" lon="12.241823">
        <ele>1452.5</ele>
      </trkpt>
      <trkpt lat="47.468579" lon="12.241703">
        <ele>1452.25</ele>
      </trkpt>
      <trkpt lat="47.468558" lon="12.241639">
        <ele>1451.75</ele>
      </trkpt>
      <trkpt lat="47.46853" lon="12.241469">
        <ele>1450.75</ele>
      </trkpt>
      <trkpt lat="47.468426" lon="12.240968">
        <ele>1447.25</ele>
      </trkpt>
      <trkpt lat="47.468345" lon="12.240534">
        <ele>1443.5</ele>
      </trkpt>
      <trkpt lat="47.468328" lon="12.240484">
        <ele>1443.5</ele>
      </trkpt>
      <trkpt lat="47.46826" lon="12.240376">
        <ele>1442.5</ele>
      </trkpt>
      <trkpt lat="47.46809" lon="12.240048">
        <ele>1438</ele>
      </trkpt>
      <trkpt lat="47.467971" lon="12.239719">
        <ele>1436.75</ele>
      </trkpt>
      <trkpt lat="47.467908" lon="12.239633">
        <ele>1436.25</ele>
      </trkpt>
      <trkpt lat="47.46785" lon="12.239562">
        <ele>1436.25</ele>
      </trkpt>
      <trkpt lat="47.467877" lon="12.23924">
        <ele>1435.5</ele>
      </trkpt>
      <trkpt lat="47.467873" lon="12.239115">
        <ele>1433.75</ele>
      </trkpt>
      <trkpt lat="47.467825" lon="12.238958">
        <ele>1429.75</ele>
      </trkpt>
      <trkpt lat="47.467725" lon="12.238804">
        <ele>1425.25</ele>
      </trkpt>
      <trkpt lat="47.467796" lon="12.238552">
        <ele>1423.25</ele>
      </trkpt>
      <trkpt lat="47.467745" lon="12.238062">
        <ele>1417.75</ele>
      </trkpt>
      <trkpt lat="47.467682" lon="12.238054">
        <ele>1415.5</ele>
      </trkpt>
      <trkpt lat="47.467587" lon="12.238342">
        <ele>1413.75</ele>
      </trkpt>
      <trkpt lat="47.467492" lon="12.238357">
        <ele>1411.5</ele>
      </trkpt>
      <trkpt lat="47.467158" lon="12.238169">
        <ele>1405.25</ele>
      </trkpt>
      <trkpt lat="47.466899" lon="12.238127">
        <ele>1399</ele>
      </trkpt>
      <trkpt lat="47.466706" lon="12.238283">
        <ele>1393.75</ele>
      </trkpt>
      <trkpt lat="47.466609" lon="12.238377">
        <ele>1391</ele>
      </trkpt>
      <trkpt lat="47.466491" lon="12.238555">
        <ele>1388.25</ele>
      </trkpt>
      <trkpt lat="47.466382" lon="12.239087">
        <ele>1384.5</ele>
      </trkpt>
      <trkpt lat="47.466372" lon="12.239226">
        <ele>1382.75</ele>
      </trkpt>
      <trkpt lat="47.466376" lon="12.239316">
        <ele>1382.25</ele>
      </trkpt>
      <trkpt lat="47.466418" lon="12.239532">
        <ele>1382.75</ele>
      </trkpt>
      <trkpt lat="47.466418" lon="12.239648">
        <ele>1381.5</ele>
      </trkpt>
      <trkpt lat="47.466391" lon="12.239721">
        <ele>1379</ele>
      </trkpt>
      <trkpt lat="47.466337" lon="12.239762">
        <ele>1377.75</ele>
      </trkpt>
      <trkpt lat="47.466288" lon="12.239745">
        <ele>1376</ele>
      </trkpt>
      <trkpt lat="47.466255" lon="12.239717">
        <ele>1375</ele>
      </trkpt>
      <trkpt lat="47.46621" lon="12.239652">
        <ele>1374</ele>
      </trkpt>
      <trkpt lat="47.466074" lon="12.239379">
        <ele>1370.25</ele>
      </trkpt>
      <trkpt lat="47.465955" lon="12.239117">
        <ele>1368.5</ele>
      </trkpt>
      <trkpt lat="47.465837" lon="12.238833">
        <ele>1365</ele>
      </trkpt>
      <trkpt lat="47.465814" lon="12.23864">
        <ele>1364</ele>
      </trkpt>
      <trkpt lat="47.465822" lon="12.238353">
        <ele>1362.5</ele>
      </trkpt>
      <trkpt lat="47.46584" lon="12.238223">
        <ele>1361.25</ele>
      </trkpt>
      <trkpt lat="47.465868" lon="12.238107">
        <ele>1359.75</ele>
      </trkpt>
      <trkpt lat="47.46592" lon="12.237991">
        <ele>1358.75</ele>
      </trkpt>
      <trkpt lat="47.465991" lon="12.237877">
        <ele>1358.25</ele>
      </trkpt>
      <trkpt lat="47.466017" lon="12.237821">
        <ele>1358</ele>
      </trkpt>
      <trkpt lat="47.466045" lon="12.237759">
        <ele>1358</ele>
      </trkpt>
      <trkpt lat="47.466068" lon="12.237683">
        <ele>1358.5</ele>
      </trkpt>
      <trkpt lat="47.466072" lon="12.237578">
        <ele>1358.25</ele>
      </trkpt>
      <trkpt lat="47.466042" lon="12.237399">
        <ele>1358.25</ele>
      </trkpt>
      <trkpt lat="47.465943" lon="12.2369">
        <ele>1356.25</ele>
      </trkpt>
      <trkpt lat="47.465856" lon="12.236565">
        <ele>1355.75</ele>
      </trkpt>
      <trkpt lat="47.465798" lon="12.23626">
        <ele>1354.5</ele>
      </trkpt>
      <trkpt lat="47.46574" lon="12.235851">
        <ele>1354.5</ele>
      </trkpt>
      <trkpt lat="47.465674" lon="12.235545">
        <ele>1352.75</ele>
      </trkpt>
      <trkpt lat="47.465612" lon="12.235309">
        <ele>1352.75</ele>
      </trkpt>
      <trkpt lat="47.465537" lon="12.235065">
        <ele>1350.75</ele>
      </trkpt>
      <trkpt lat="47.465355" lon="12.234693">
        <ele>1348.75</ele>
      </trkpt>
      <trkpt lat="47.465058" lon="12.23412">
        <ele>1346.25</ele>
      </trkpt>
      <trkpt lat="47.464944" lon="12.233944">
        <ele>1345.25</ele>
      </trkpt>
      <trkpt lat="47.464901" lon="12.23394">
        <ele>1344.25</ele>
      </trkpt>
      <trkpt lat="47.464873" lon="12.233958">
        <ele>1343.5</ele>
      </trkpt>
      <trkpt lat="47.464863" lon="12.234007">
        <ele>1342.75</ele>
      </trkpt>
      <trkpt lat="47.464866" lon="12.234127">
        <ele>1341.75</ele>
      </trkpt>
      <trkpt lat="47.465052" lon="12.234737">
        <ele>1340.25</ele>
      </trkpt>
      <trkpt lat="47.465056" lon="12.234813">
        <ele>1339.25</ele>
      </trkpt>
      <trkpt lat="47.465037" lon="12.234846">
        <ele>1338.25</ele>
      </trkpt>
      <trkpt lat="47.465003" lon="12.234849">
        <ele>1337.25</ele>
      </trkpt>
      <trkpt lat="47.464961" lon="12.234813">
        <ele>1336.5</ele>
      </trkpt>
      <trkpt lat="47.464773" lon="12.234614">
        <ele>1334.25</ele>
      </trkpt>
      <trkpt lat="47.464681" lon="12.234499">
        <ele>1332.5</ele>
      </trkpt>
      <trkpt lat="47.464566" lon="12.234243">
        <ele>1330.25</ele>
      </trkpt>
      <trkpt lat="47.464327" lon="12.233763">
        <ele>1327.25</ele>
      </trkpt>
      <trkpt lat="47.464133" lon="12.233423">
        <ele>1323.75</ele>
      </trkpt>
      <trkpt lat="47.46395" lon="12.233058">
        <ele>1319.75</ele>
      </trkpt>
      <trkpt lat="47.463818" lon="12.232895">
        <ele>1318</ele>
      </trkpt>
      <trkpt lat="47.46376" lon="12.232853">
        <ele>1317.25</ele>
      </trkpt>
      <trkpt lat="47.463567" lon="12.232759">
        <ele>1315.25</ele>
      </trkpt>
      <trkpt lat="47.463469" lon="12.232672">
        <ele>1314</ele>
      </trkpt>
      <trkpt lat="47.46326" lon="12.232393">
        <ele>1310</ele>
      </trkpt>
      <trkpt lat="47.462794" lon="12.232073">
        <ele>1302</ele>
      </trkpt>
      <trkpt lat="47.462592" lon="12.23157">
        <ele>1300.25</ele>
      </trkpt>
      <trkpt lat="47.462507" lon="12.231292">
        <ele>1298</ele>
      </trkpt>
      <trkpt lat="47.462133" lon="12.230447">
        <ele>1292</ele>
      </trkpt>
      <trkpt lat="47.462068" lon="12.230412">
        <ele>1291.5</ele>
      </trkpt>
      <trkpt lat="47.462018" lon="12.230416">
        <ele>1291</ele>
      </trkpt>
      <trkpt lat="47.46198" lon="12.230051">
        <ele>1291.25</ele>
      </trkpt>
      <trkpt lat="47.462025" lon="12.2295">
        <ele>1292</ele>
      </trkpt>
      <trkpt lat="47.462024" lon="12.229407">
        <ele>1291.5</ele>
      </trkpt>
      <trkpt lat="47.462" lon="12.2293">
        <ele>1290.75</ele>
      </trkpt>
      <trkpt lat="47.461881" lon="12.22898">
        <ele>1287.25</ele>
      </trkpt>
      <trkpt lat="47.461793" lon="12.228635">
        <ele>1285.25</ele>
      </trkpt>
      <trkpt lat="47.46174" lon="12.228237">
        <ele>1285.5</ele>
      </trkpt>
      <trkpt lat="47.461652" lon="12.227778">
        <ele>1285.75</ele>
      </trkpt>
      <trkpt lat="47.461668" lon="12.227519">
        <ele>1286.75</ele>
      </trkpt>
      <trkpt lat="47.461774" lon="12.22711">
        <ele>1289</ele>
      </trkpt>
      <trkpt lat="47.461918" lon="12.22674">
        <ele>1289.25</ele>
      </trkpt>
      <trkpt lat="47.462126" lon="12.226394">
        <ele>1288.5</ele>
      </trkpt>
      <trkpt lat="47.462672" lon="12.225438">
        <ele>1287.75</ele>
      </trkpt>
      <trkpt lat="47.46262" lon="12.225296">
        <ele>1287.75</ele>
      </trkpt>
      <trkpt lat="47.462512" lon="12.22491">
        <ele>1289</ele>
      </trkpt>
      <trkpt lat="47.462466" lon="12.224645">
        <ele>1289.25</ele>
      </trkpt>
      <trkpt lat="47.462442" lon="12.224424">
        <ele>1290.25</ele>
      </trkpt>
      <trkpt lat="47.4624" lon="12.224238">
        <ele>1289.75</ele>
      </trkpt>
      <trkpt lat="47.462324" lon="12.223909">
        <ele>1289.75</ele>
      </trkpt>
      <trkpt lat="47.462317" lon="12.223592">
        <ele>1290</ele>
      </trkpt>
      <trkpt lat="47.462423" lon="12.223172">
        <ele>1292.25</ele>
      </trkpt>
      <trkpt lat="47.462549" lon="12.223048">
        <ele>1292.75</ele>
      </trkpt>
      <trkpt lat="47.462816" lon="12.222731">
        <ele>1294.75</ele>
      </trkpt>
      <trkpt lat="47.463115" lon="12.222199">
        <ele>1299.75</ele>
      </trkpt>
      <trkpt lat="47.46336" lon="12.221655">
        <ele>1305</ele>
      </trkpt>
      <trkpt lat="47.463571" lon="12.221234">
        <ele>1307.25</ele>
      </trkpt>
      <trkpt lat="47.463583" lon="12.221194">
        <ele>1307.5</ele>
      </trkpt>
      <trkpt lat="47.463578" lon="12.221145">
        <ele>1308</ele>
      </trkpt>
      <trkpt lat="47.463585" lon="12.221136">
        <ele>1308</ele>
      </trkpt>
      <trkpt lat="47.463594" lon="12.221124">
        <ele>1308</ele>
      </trkpt>
      <trkpt lat="47.463598" lon="12.221118">
        <ele>1308</ele>
      </trkpt>
      <trkpt lat="47.463729" lon="12.220946">
        <ele>1307.5</ele>
      </trkpt>
      <trkpt lat="47.463765" lon="12.220913">
        <ele>1307.5</ele>
      </trkpt>
      <trkpt lat="47.463787" lon="12.220894">
        <ele>1307.5</ele>
      </trkpt>
      <trkpt lat="47.463809" lon="12.220897">
        <ele>1307.5</ele>
      </trkpt>
      <trkpt lat="47.464012" lon="12.220911">
        <ele>1307.25</ele>
      </trkpt>
      <trkpt lat="47.464143" lon="12.220882">
        <ele>1308</ele>
      </trkpt>
      <trkpt lat="47.464178" lon="12.220864">
        <ele>1308.5</ele>
      </trkpt>
      <trkpt lat="47.464216" lon="12.220823">
        <ele>1309</ele>
      </trkpt>
      <trkpt lat="47.464404" lon="12.22051">
        <ele>1312</ele>
      </trkpt>
      <trkpt lat="47.464662" lon="12.220178">
        <ele>1314</ele>
      </trkpt>
      <trkpt lat="47.465395" lon="12.219604">
        <ele>1319.75</ele>
      </trkpt>
      <trkpt lat="47.465519" lon="12.219471">
        <ele>1320.75</ele>
      </trkpt>
      <trkpt lat="47.465634" lon="12.219299">
        <ele>1322.5</ele>
      </trkpt>
      <trkpt lat="47.465749" lon="12.2191">
        <ele>1324.25</ele>
      </trkpt>
      <trkpt lat="47.466055" lon="12.218782">
        <ele>1326.75</ele>
      </trkpt>
      <trkpt lat="47.466236" lon="12.218502">
        <ele>1329</ele>
      </trkpt>
      <trkpt lat="47.466315" lon="12.218362">
        <ele>1330</ele>
      </trkpt>
      <trkpt lat="47.466416" lon="12.218222">
        <ele>1330.5</ele>
      </trkpt>
      <trkpt lat="47.466588" lon="12.217952">
        <ele>1333.25</ele>
      </trkpt>
      <trkpt lat="47.466722" lon="12.217795">
        <ele>1332.75</ele>
      </trkpt>
      <trkpt lat="47.467184" lon="12.217363">
        <ele>1337.25</ele>
      </trkpt>
      <trkpt lat="47.467219" lon="12.217177">
        <ele>1338.25</ele>
      </trkpt>
      <trkpt lat="47.467221" lon="12.217">
        <ele>1339.5</ele>
      </trkpt>
      <trkpt lat="47.467248" lon="12.216866">
        <ele>1341.5</ele>
      </trkpt>
      <trkpt lat="47.467317" lon="12.216733">
        <ele>1343.75</ele>
      </trkpt>
      <trkpt lat="47.467616" lon="12.216545">
        <ele>1344.75</ele>
      </trkpt>
      <trkpt lat="47.467856" lon="12.216234">
        <ele>1347.75</ele>
      </trkpt>
      <trkpt lat="47.467898" lon="12.216192">
        <ele>1348.25</ele>
      </trkpt>
      <trkpt lat="47.468076" lon="12.216129">
        <ele>1348.5</ele>
      </trkpt>
      <trkpt lat="47.468263" lon="12.216031">
        <ele>1348.75</ele>
      </trkpt>
      <trkpt lat="47.468646" lon="12.215966">
        <ele>1346.25</ele>
      </trkpt>
      <trkpt lat="47.468883" lon="12.215902">
        <ele>1343.5</ele>
      </trkpt>
      <trkpt lat="47.46909" lon="12.215792">
        <ele>1343</ele>
      </trkpt>
      <trkpt lat="47.46948" lon="12.215718">
        <ele>1339.25</ele>
      </trkpt>
      <trkpt lat="47.469619" lon="12.215662">
        <ele>1337.5</ele>
      </trkpt>
      <trkpt lat="47.46976" lon="12.215534">
        <ele>1336</ele>
      </trkpt>
      <trkpt lat="47.469868" lon="12.215366">
        <ele>1336.75</ele>
      </trkpt>
      <trkpt lat="47.469931" lon="12.215332">
        <ele>1336.25</ele>
      </trkpt>
      <trkpt lat="47.470398" lon="12.215492">
        <ele>1328.75</ele>
      </trkpt>
      <trkpt lat="47.47087" lon="12.215524">
        <ele>1321.75</ele>
      </trkpt>
      <trkpt lat="47.470977" lon="12.215451">
        <ele>1321</ele>
      </trkpt>
      <trkpt lat="47.470975" lon="12.215432">
        <ele>1321.75</ele>
      </trkpt>
      <trkpt lat="47.470974" lon="12.215408">
        <ele>1321.75</ele>
      </trkpt>
      <trkpt lat="47.470985" lon="12.215359">
        <ele>1322.25</ele>
      </trkpt>
      <trkpt lat="47.471062" lon="12.215267">
        <ele>1322.75</ele>
      </trkpt>
      <trkpt lat="47.471121" lon="12.215209">
        <ele>1322.5</ele>
      </trkpt>
      <trkpt lat="47.471332" lon="12.214836">
        <ele>1325.5</ele>
      </trkpt>
      <trkpt lat="47.471469" lon="12.214471">
        <ele>1329.25</ele>
      </trkpt>
      <trkpt lat="47.471574" lon="12.214273">
        <ele>1331.25</ele>
      </trkpt>
      <trkpt lat="47.471731" lon="12.214098">
        <ele>1333.75</ele>
      </trkpt>
      <trkpt lat="47.472" lon="12.213969">
        <ele>1336.25</ele>
      </trkpt>
      <trkpt lat="47.472123" lon="12.213845">
        <ele>1337.75</ele>
      </trkpt>
      <trkpt lat="47.472215" lon="12.213564">
        <ele>1341.5</ele>
      </trkpt>
      <trkpt lat="47.47223" lon="12.213381">
        <ele>1343.25</ele>
      </trkpt>
      <trkpt lat="47.472292" lon="12.213177">
        <ele>1344.75</ele>
      </trkpt>
      <trkpt lat="47.472398" lon="12.212989">
        <ele>1346.75</ele>
      </trkpt>
      <trkpt lat="47.472461" lon="12.212908">
        <ele>1348</ele>
      </trkpt>
      <trkpt lat="47.472504" lon="12.212825">
        <ele>1349.5</ele>
      </trkpt>
      <trkpt lat="47.472723" lon="12.212325">
        <ele>1355.25</ele>
      </trkpt>
      <trkpt lat="47.472842" lon="12.211993">
        <ele>1357.75</ele>
      </trkpt>
      <trkpt lat="47.47288" lon="12.211842">
        <ele>1358.75</ele>
      </trkpt>
      <trkpt lat="47.473024" lon="12.211148">
        <ele>1363.75</ele>
      </trkpt>
      <trkpt lat="47.473024" lon="12.211103">
        <ele>1364.25</ele>
      </trkpt>
      <trkpt lat="47.473013" lon="12.211055">
        <ele>1364.25</ele>
      </trkpt>
      <trkpt lat="47.472978" lon="12.211005">
        <ele>1364.5</ele>
      </trkpt>
      <trkpt lat="47.472943" lon="12.211004">
        <ele>1365</ele>
      </trkpt>
      <trkpt lat="47.472905" lon="12.211034">
        <ele>1365.5</ele>
      </trkpt>
      <trkpt lat="47.472843" lon="12.211216">
        <ele>1366.5</ele>
      </trkpt>
      <trkpt lat="47.472792" lon="12.211336">
        <ele>1367.5</ele>
      </trkpt>
      <trkpt lat="47.472726" lon="12.211423">
        <ele>1368.75</ele>
      </trkpt>
      <trkpt lat="47.472661" lon="12.211481">
        <ele>1370</ele>
      </trkpt>
      <trkpt lat="47.472608" lon="12.211493">
        <ele>1371.5</ele>
      </trkpt>
      <trkpt lat="47.472567" lon="12.21147">
        <ele>1372.75</ele>
      </trkpt>
      <trkpt lat="47.472536" lon="12.211435">
        <ele>1373.75</ele>
      </trkpt>
      <trkpt lat="47.472524" lon="12.21134">
        <ele>1374.75</ele>
      </trkpt>
      <trkpt lat="47.472528" lon="12.21121">
        <ele>1376</ele>
      </trkpt>
      <trkpt lat="47.472564" lon="12.210849">
        <ele>1379.5</ele>
      </trkpt>
      <trkpt lat="47.472564" lon="12.210682">
        <ele>1380</ele>
      </trkpt>
      <trkpt lat="47.472548" lon="12.210305">
        <ele>1381.5</ele>
      </trkpt>
      <trkpt lat="47.472553" lon="12.210084">
        <ele>1383.75</ele>
      </trkpt>
      <trkpt lat="47.472601" lon="12.209789">
        <ele>1388.75</ele>
      </trkpt>
      <trkpt lat="47.4726" lon="12.209705">
        <ele>1390.5</ele>
      </trkpt>
      <trkpt lat="47.472584" lon="12.209609">
        <ele>1390.25</ele>
      </trkpt>
      <trkpt lat="47.472419" lon="12.208891">
        <ele>1395.5</ele>
      </trkpt>
      <trkpt lat="47.472367" lon="12.208775">
        <ele>1395</ele>
      </trkpt>
      <trkpt lat="47.472322" lon="12.20873">
        <ele>1396</ele>
      </trkpt>
      <trkpt lat="47.472283" lon="12.208734">
        <ele>1397.5</ele>
      </trkpt>
      <trkpt lat="47.47225" lon="12.208765">
        <ele>1399.5</ele>
      </trkpt>
      <trkpt lat="47.472229" lon="12.208811">
        <ele>1400.75</ele>
      </trkpt>
      <trkpt lat="47.472142" lon="12.209766">
        <ele>1411.75</ele>
      </trkpt>
      <trkpt lat="47.472146" lon="12.209904">
        <ele>1412</ele>
      </trkpt>
      <trkpt lat="47.472143" lon="12.210025">
        <ele>1412.25</ele>
      </trkpt>
      <trkpt lat="47.472134" lon="12.210094">
        <ele>1411.75</ele>
      </trkpt>
      <trkpt lat="47.472098" lon="12.210178">
        <ele>1412.25</ele>
      </trkpt>
      <trkpt lat="47.471977" lon="12.210333">
        <ele>1415.5</ele>
      </trkpt>
      <trkpt lat="47.471656" lon="12.21082">
        <ele>1420.5</ele>
      </trkpt>
      <trkpt lat="47.471611" lon="12.210859">
        <ele>1421.5</ele>
      </trkpt>
      <trkpt lat="47.471572" lon="12.210847">
        <ele>1423.25</ele>
      </trkpt>
      <trkpt lat="47.471559" lon="12.210813">
        <ele>1424.5</ele>
      </trkpt>
      <trkpt lat="47.471557" lon="12.210742">
        <ele>1425.5</ele>
      </trkpt>
      <trkpt lat="47.471615" lon="12.210392">
        <ele>1427.5</ele>
      </trkpt>
      <trkpt lat="47.471628" lon="12.210266">
        <ele>1428.5</ele>
      </trkpt>
      <trkpt lat="47.471624" lon="12.21">
        <ele>1430.5</ele>
      </trkpt>
      <trkpt lat="47.471603" lon="12.209889">
        <ele>1431</ele>
      </trkpt>
      <trkpt lat="47.471505" lon="12.209644">
        <ele>1434.5</ele>
      </trkpt>
      <trkpt lat="47.471465" lon="12.209499">
        <ele>1436.5</ele>
      </trkpt>
      <trkpt lat="47.471466" lon="12.209338">
        <ele>1438</ele>
      </trkpt>
      <trkpt lat="47.471507" lon="12.208957">
        <ele>1439.25</ele>
      </trkpt>
      <trkpt lat="47.471501" lon="12.208843">
        <ele>1439.5</ele>
      </trkpt>
      <trkpt lat="47.471478" lon="12.208787">
        <ele>1440</ele>
      </trkpt>
      <trkpt lat="47.471426" lon="12.208755">
        <ele>1442.5</ele>
      </trkpt>
      <trkpt lat="47.471381" lon="12.208787">
        <ele>1444.75</ele>
      </trkpt>
      <trkpt lat="47.471365" lon="12.208843">
        <ele>1445.75</ele>
      </trkpt>
      <trkpt lat="47.471328" lon="12.209111">
        <ele>1447</ele>
      </trkpt>
      <trkpt lat="47.471296" lon="12.209236">
        <ele>1447.75</ele>
      </trkpt>
      <trkpt lat="47.471235" lon="12.209425">
        <ele>1449</ele>
      </trkpt>
      <trkpt lat="47.471067" lon="12.209877">
        <ele>1455.25</ele>
      </trkpt>
      <trkpt lat="47.471023" lon="12.210022">
        <ele>1456.5</ele>
      </trkpt>
      <trkpt lat="47.470982" lon="12.210279">
        <ele>1457.25</ele>
      </trkpt>
      <trkpt lat="47.470852" lon="12.210593">
        <ele>1460.25</ele>
      </trkpt>
      <trkpt lat="47.470791" lon="12.210686">
        <ele>1459.75</ele>
      </trkpt>
      <trkpt lat="47.470741" lon="12.210731">
        <ele>1459.5</ele>
      </trkpt>
      <trkpt lat="47.470696" lon="12.210726">
        <ele>1460.5</ele>
      </trkpt>
      <trkpt lat="47.4706" lon="12.210667">
        <ele>1463.25</ele>
      </trkpt>
      <trkpt lat="47.470486" lon="12.210573">
        <ele>1465.25</ele>
      </trkpt>
      <trkpt lat="47.470382" lon="12.210448">
        <ele>1467</ele>
      </trkpt>
      <trkpt lat="47.470298" lon="12.210322">
        <ele>1469</ele>
      </trkpt>
      <trkpt lat="47.470249" lon="12.210228">
        <ele>1470.75</ele>
      </trkpt>
      <trkpt lat="47.470234" lon="12.210143">
        <ele>1472</ele>
      </trkpt>
      <trkpt lat="47.470246" lon="12.210039">
        <ele>1473.25</ele>
      </trkpt>
      <trkpt lat="47.470328" lon="12.209715">
        <ele>1478.75</ele>
      </trkpt>
      <trkpt lat="47.470343" lon="12.209591">
        <ele>1479.5</ele>
      </trkpt>
      <trkpt lat="47.470349" lon="12.20944">
        <ele>1480.75</ele>
      </trkpt>
      <trkpt lat="47.470323" lon="12.209286">
        <ele>1482.25</ele>
      </trkpt>
      <trkpt lat="47.470275" lon="12.209146">
        <ele>1484</ele>
      </trkpt>
      <trkpt lat="47.470206" lon="12.209036">
        <ele>1485.25</ele>
      </trkpt>
      <trkpt lat="47.470117" lon="12.208924">
        <ele>1486.75</ele>
      </trkpt>
      <trkpt lat="47.470008" lon="12.208827">
        <ele>1487.75</ele>
      </trkpt>
      <trkpt lat="47.469929" lon="12.2088">
        <ele>1488.75</ele>
      </trkpt>
      <trkpt lat="47.469848" lon="12.208812">
        <ele>1490.25</ele>
      </trkpt>
      <trkpt lat="47.469777" lon="12.208804">
        <ele>1491.25</ele>
      </trkpt>
      <trkpt lat="47.469739" lon="12.208758">
        <ele>1492</ele>
      </trkpt>
      <trkpt lat="47.469728" lon="12.208695">
        <ele>1492.5</ele>
      </trkpt>
      <trkpt lat="47.469729" lon="12.208636">
        <ele>1492.5</ele>
      </trkpt>
      <trkpt lat="47.469814" lon="12.2083">
        <ele>1493.25</ele>
      </trkpt>
      <trkpt lat="47.469868" lon="12.208138">
        <ele>1493.5</ele>
      </trkpt>
      <trkpt lat="47.469893" lon="12.208012">
        <ele>1494</ele>
      </trkpt>
      <trkpt lat="47.469907" lon="12.20786">
        <ele>1494.25</ele>
      </trkpt>
      <trkpt lat="47.469902" lon="12.207722">
        <ele>1494.5</ele>
      </trkpt>
      <trkpt lat="47.46988" lon="12.207548">
        <ele>1494.25</ele>
      </trkpt>
      <trkpt lat="47.469623" lon="12.206844">
        <ele>1498.5</ele>
      </trkpt>
      <trkpt lat="47.469608" lon="12.206776">
        <ele>1499.75</ele>
      </trkpt>
      <trkpt lat="47.469597" lon="12.206496">
        <ele>1501</ele>
      </trkpt>
      <trkpt lat="47.469564" lon="12.206228">
        <ele>1503.25</ele>
      </trkpt>
      <trkpt lat="47.469558" lon="12.206127">
        <ele>1502.5</ele>
      </trkpt>
      <trkpt lat="47.46957" lon="12.206054">
        <ele>1503</ele>
      </trkpt>
      <trkpt lat="47.469595" lon="12.206013">
        <ele>1502.5</ele>
      </trkpt>
      <trkpt lat="47.46963" lon="12.20593">
        <ele>1502</ele>
      </trkpt>
      <trkpt lat="47.469644" lon="12.205852">
        <ele>1502.5</ele>
      </trkpt>
      <trkpt lat="47.469643" lon="12.205721">
        <ele>1503.25</ele>
      </trkpt>
      <trkpt lat="47.469636" lon="12.205648">
        <ele>1504</ele>
      </trkpt>
      <trkpt lat="47.469639" lon="12.205544">
        <ele>1504.5</ele>
      </trkpt>
      <trkpt lat="47.469651" lon="12.205484">
        <ele>1506</ele>
      </trkpt>
      <trkpt lat="47.469812" lon="12.205238">
        <ele>1506.25</ele>
      </trkpt>
      <trkpt lat="47.46986" lon="12.205099">
        <ele>1509.25</ele>
      </trkpt>
      <trkpt lat="47.469925" lon="12.204997">
        <ele>1510</ele>
      </trkpt>
      <trkpt lat="47.470034" lon="12.204887">
        <ele>1509.75</ele>
      </trkpt>
      <trkpt lat="47.470129" lon="12.204784">
        <ele>1509.75</ele>
      </trkpt>
      <trkpt lat="47.470187" lon="12.204696">
        <ele>1510.75</ele>
      </trkpt>
      <trkpt lat="47.470247" lon="12.204595">
        <ele>1510.75</ele>
      </trkpt>
      <trkpt lat="47.470333" lon="12.204404">
        <ele>1512.25</ele>
      </trkpt>
      <trkpt lat="47.470304" lon="12.204384">
        <ele>1513.25</ele>
      </trkpt>
      <trkpt lat="47.470287" lon="12.204359">
        <ele>1514.25</ele>
      </trkpt>
      <trkpt lat="47.470291" lon="12.204309">
        <ele>1514.25</ele>
      </trkpt>
      <trkpt lat="47.470284" lon="12.204242">
        <ele>1515</ele>
      </trkpt>
      <trkpt lat="47.47026" lon="12.204158">
        <ele>1516.75</ele>
      </trkpt>
      <trkpt lat="47.470198" lon="12.204065">
        <ele>1519</ele>
      </trkpt>
      <trkpt lat="47.470106" lon="12.203943">
        <ele>1522</ele>
      </trkpt>
      <trkpt lat="47.469994" lon="12.203695">
        <ele>1526.25</ele>
      </trkpt>
      <trkpt lat="47.469923" lon="12.203376">
        <ele>1530.5</ele>
      </trkpt>
      <trkpt lat="47.469885" lon="12.203062">
        <ele>1532.75</ele>
      </trkpt>
      <trkpt lat="47.46972" lon="12.203124">
        <ele>1540.25</ele>
      </trkpt>
      <trkpt lat="47.469601" lon="12.202948">
        <ele>1544.75</ele>
      </trkpt>
      <trkpt lat="47.469476" lon="12.202672">
        <ele>1551</ele>
      </trkpt>
      <trkpt lat="47.469397" lon="12.202405">
        <ele>1555.25</ele>
      </trkpt>
      <trkpt lat="47.469002" lon="12.201894">
        <ele>1575.5</ele>
      </trkpt>
      <trkpt lat="47.468778" lon="12.201735">
        <ele>1584</ele>
      </trkpt>
      <trkpt lat="47.468562" lon="12.201655">
        <ele>1593</ele>
      </trkpt>
      <trkpt lat="47.468398" lon="12.201514">
        <ele>1597</ele>
      </trkpt>
      <trkpt lat="47.468021" lon="12.201398">
        <ele>1613</ele>
      </trkpt>
      <trkpt lat="47.467793" lon="12.201112">
        <ele>1620</ele>
      </trkpt>
      <trkpt lat="47.467599" lon="12.200388">
        <ele>1636</ele>
      </trkpt>
      <trkpt lat="47.467552" lon="12.19978">
        <ele>1648</ele>
      </trkpt>
      <trkpt lat="47.467329" lon="12.199401">
        <ele>1659.5</ele>
      </trkpt>
      <trkpt lat="47.466996" lon="12.199271">
        <ele>1666.5</ele>
      </trkpt>
      <trkpt lat="47.466601" lon="12.199245">
        <ele>1671</ele>
      </trkpt>
      <trkpt lat="47.466339" lon="12.199252">
        <ele>1673.25</ele>
      </trkpt>
      <trkpt lat="47.466288" lon="12.199254">
        <ele>1673.75</ele>
      </trkpt>
      <trkpt lat="47.466104" lon="12.199219">
        <ele>1673.75</ele>
      </trkpt>
      <trkpt lat="47.465817" lon="12.199005">
        <ele>1672.5</ele>
      </trkpt>
      <trkpt lat="47.465783" lon="12.199034">
        <ele>1674.5</ele>
      </trkpt>
      <trkpt lat="47.465739" lon="12.199034">
        <ele>1676</ele>
      </trkpt>
      <trkpt lat="47.465634" lon="12.19894">
        <ele>1678</ele>
      </trkpt>
      <trkpt lat="47.465553" lon="12.198856">
        <ele>1679.75</ele>
      </trkpt>
      <trkpt lat="47.46548" lon="12.198719">
        <ele>1681.75</ele>
      </trkpt>
      <trkpt lat="47.465441" lon="12.198632">
        <ele>1682.5</ele>
      </trkpt>
      <trkpt lat="47.465367" lon="12.198544">
        <ele>1684.75</ele>
      </trkpt>
      <trkpt lat="47.465231" lon="12.19844">
        <ele>1689.5</ele>
      </trkpt>
      <trkpt lat="47.465149" lon="12.198362">
        <ele>1691.75</ele>
      </trkpt>
      <trkpt lat="47.465062" lon="12.1983">
        <ele>1695</ele>
      </trkpt>
      <trkpt lat="47.464991" lon="12.198261">
        <ele>1697.5</ele>
      </trkpt>
      <trkpt lat="47.464925" lon="12.198242">
        <ele>1699</ele>
      </trkpt>
      <trkpt lat="47.464854" lon="12.198249">
        <ele>1700.75</ele>
      </trkpt>
      <trkpt lat="47.46477" lon="12.198272">
        <ele>1702.75</ele>
      </trkpt>
      <trkpt lat="47.464646" lon="12.198331">
        <ele>1705.5</ele>
      </trkpt>
      <trkpt lat="47.464568" lon="12.19842">
        <ele>1707.5</ele>
      </trkpt>
      <trkpt lat="47.464515" lon="12.198521">
        <ele>1709.5</ele>
      </trkpt>
      <trkpt lat="47.46445" lon="12.198613">
        <ele>1711.75</ele>
      </trkpt>
      <trkpt lat="47.464432" lon="12.198672">
        <ele>1712.75</ele>
      </trkpt>
      <trkpt lat="47.464346" lon="12.199215">
        <ele>1721.5</ele>
      </trkpt>
      <trkpt lat="47.464327" lon="12.199443">
        <ele>1725</ele>
      </trkpt>
      <trkpt lat="47.464326" lon="12.199647">
        <ele>1728.5</ele>
      </trkpt>
      <trkpt lat="47.464306" lon="12.199759">
        <ele>1730.25</ele>
      </trkpt>
      <trkpt lat="47.464301" lon="12.199852">
        <ele>1732</ele>
      </trkpt>
      <trkpt lat="47.464304" lon="12.199939">
        <ele>1734</ele>
      </trkpt>
      <trkpt lat="47.464315" lon="12.199992">
        <ele>1735.25</ele>
      </trkpt>
      <trkpt lat="47.464331" lon="12.200035">
        <ele>1736.5</ele>
      </trkpt>
      <trkpt lat="47.464402" lon="12.200174">
        <ele>1741</ele>
      </trkpt>
      <trkpt lat="47.464465" lon="12.200281">
        <ele>1743.5</ele>
      </trkpt>
      <trkpt lat="47.464509" lon="12.200376">
        <ele>1745.5</ele>
      </trkpt>
      <trkpt lat="47.464533" lon="12.200434">
        <ele>1746.5</ele>
      </trkpt>
      <trkpt lat="47.464545" lon="12.200513">
        <ele>1748.5</ele>
      </trkpt>
      <trkpt lat="47.46454" lon="12.200531">
        <ele>1749.25</ele>
      </trkpt>
      <trkpt lat="47.464517" lon="12.200549">
        <ele>1750.25</ele>
      </trkpt>
      <trkpt lat="47.464389" lon="12.200556">
        <ele>1751.75</ele>
      </trkpt>
      <trkpt lat="47.46433" lon="12.20057">
        <ele>1751.75</ele>
      </trkpt>
      <trkpt lat="47.464305" lon="12.200584">
        <ele>1752</ele>
      </trkpt>
      <trkpt lat="47.464264" lon="12.200639">
        <ele>1753</ele>
      </trkpt>
      <trkpt lat="47.464235" lon="12.200722">
        <ele>1755</ele>
      </trkpt>
      <trkpt lat="47.464219" lon="12.200816">
        <ele>1757.25</ele>
      </trkpt>
      <trkpt lat="47.464209" lon="12.201018">
        <ele>1762.5</ele>
      </trkpt>
      <trkpt lat="47.46422" lon="12.201117">
        <ele>1764.75</ele>
      </trkpt>
      <trkpt lat="47.464237" lon="12.201164">
        <ele>1766</ele>
      </trkpt>
      <trkpt lat="47.464263" lon="12.20121">
        <ele>1767.25</ele>
      </trkpt>
      <trkpt lat="47.464292" lon="12.201241">
        <ele>1768</ele>
      </trkpt>
      <trkpt lat="47.46432" lon="12.201262">
        <ele>1768.75</ele>
      </trkpt>
      <trkpt lat="47.464503" lon="12.201342">
        <ele>1771.25</ele>
      </trkpt>
      <trkpt lat="47.464681" lon="12.201433">
        <ele>1774.5</ele>
      </trkpt>
      <trkpt lat="47.464835" lon="12.201532">
        <ele>1776.25</ele>
      </trkpt>
      <trkpt lat="47.464971" lon="12.201626">
        <ele>1777.75</ele>
      </trkpt>
      <trkpt lat="47.465095" lon="12.201731">
        <ele>1779</ele>
      </trkpt>
      <trkpt lat="47.4652" lon="12.201841">
        <ele>1780.75</ele>
      </trkpt>
      <trkpt lat="47.465221" lon="12.201879">
        <ele>1781.5</ele>
      </trkpt>
      <trkpt lat="47.46522" lon="12.201909">
        <ele>1782.5</ele>
      </trkpt>
      <trkpt lat="47.465204" lon="12.201928">
        <ele>1783.5</ele>
      </trkpt>
      <trkpt lat="47.465176" lon="12.201941">
        <ele>1784.25</ele>
      </trkpt>
      <trkpt lat="47.465032" lon="12.201953">
        <ele>1786.75</ele>
      </trkpt>
      <trkpt lat="47.464837" lon="12.201984">
        <ele>1790.75</ele>
      </trkpt>
      <trkpt lat="47.464773" lon="12.202004">
        <ele>1792.5</ele>
      </trkpt>
      <trkpt lat="47.464599" lon="12.202085">
        <ele>1797.5</ele>
      </trkpt>
      <trkpt lat="47.464466" lon="12.202148">
        <ele>1801</ele>
      </trkpt>
      <trkpt lat="47.464402" lon="12.202192">
        <ele>1801.75</ele>
      </trkpt>
      <trkpt lat="47.46437" lon="12.202228">
        <ele>1802.5</ele>
      </trkpt>
      <trkpt lat="47.464354" lon="12.20226">
        <ele>1802.75</ele>
      </trkpt>
      <trkpt lat="47.464346" lon="12.202293">
        <ele>1803.25</ele>
      </trkpt>
      <trkpt lat="47.464344" lon="12.202349">
        <ele>1804.25</ele>
      </trkpt>
      <trkpt lat="47.464355" lon="12.202414">
        <ele>1805.5</ele>
      </trkpt>
      <trkpt lat="47.464434" lon="12.202632">
        <ele>1809.25</ele>
      </trkpt>
      <trkpt lat="47.464658" lon="12.203154">
        <ele>1815.75</ele>
      </trkpt>
      <trkpt lat="47.464721" lon="12.203246">
        <ele>1818.5</ele>
      </trkpt>
      <trkpt lat="47.4648" lon="12.203319">
        <ele>1819.25</ele>
      </trkpt>
      <trkpt lat="47.464825" lon="12.203378">
        <ele>1819.75</ele>
      </trkpt>
      <trkpt lat="47.4648" lon="12.203412">
        <ele>1819.75</ele>
      </trkpt>
      <trkpt lat="47.464779" lon="12.203483">
        <ele>1819.75</ele>
      </trkpt>
      <trkpt lat="47.46477" lon="12.203555">
        <ele>1819.75</ele>
      </trkpt>
      <trkpt lat="47.464782" lon="12.203611">
        <ele>1820</ele>
      </trkpt>
      <trkpt lat="47.464792" lon="12.203643">
        <ele>1820</ele>
      </trkpt>
      <trkpt lat="47.464818" lon="12.203707">
        <ele>1820.5</ele>
      </trkpt>
      <trkpt lat="47.464875" lon="12.203974">
        <ele>1822.25</ele>
      </trkpt>
      <trkpt lat="47.464901" lon="12.204031">
        <ele>1823.25</ele>
      </trkpt>
      <trkpt lat="47.46495" lon="12.204041">
        <ele>1825.5</ele>
      </trkpt>
      <trkpt lat="47.464999" lon="12.204064">
        <ele>1827.75</ele>
      </trkpt>
      <trkpt lat="47.465044" lon="12.204162">
        <ele>1827.5</ele>
      </trkpt>
      <trkpt lat="47.465046" lon="12.204184">
        <ele>1826.25</ele>
      </trkpt>
      <trkpt lat="47.465044" lon="12.204162">
        <ele>1827.5</ele>
      </trkpt>
      <trkpt lat="47.464999" lon="12.204064">
        <ele>1827.75</ele>
      </trkpt>
      <trkpt lat="47.46495" lon="12.204041">
        <ele>1825.5</ele>
      </trkpt>
      <trkpt lat="47.464901" lon="12.204031">
        <ele>1823.25</ele>
      </trkpt>
      <trkpt lat="47.464875" lon="12.203974">
        <ele>1822.25</ele>
      </trkpt>
      <trkpt lat="47.464818" lon="12.203707">
        <ele>1820.5</ele>
      </trkpt>
      <trkpt lat="47.464792" lon="12.203643">
        <ele>1820</ele>
      </trkpt>
      <trkpt lat="47.464782" lon="12.203611">
        <ele>1820</ele>
      </trkpt>
      <trkpt lat="47.46477" lon="12.203555">
        <ele>1819.75</ele>
      </trkpt>
      <trkpt lat="47.464779" lon="12.203483">
        <ele>1819.75</ele>
      </trkpt>
      <trkpt lat="47.4648" lon="12.203412">
        <ele>1819.75</ele>
      </trkpt>
      <trkpt lat="47.464825" lon="12.203378">
        <ele>1819.75</ele>
      </trkpt>
      <trkpt lat="47.4648" lon="12.203319">
        <ele>1819.25</ele>
      </trkpt>
      <trkpt lat="47.464721" lon="12.203246">
        <ele>1818.5</ele>
      </trkpt>
      <trkpt lat="47.464658" lon="12.203154">
        <ele>1815.75</ele>
      </trkpt>
      <trkpt lat="47.464434" lon="12.202632">
        <ele>1809.25</ele>
      </trkpt>
      <trkpt lat="47.464355" lon="12.202414">
        <ele>1805.5</ele>
      </trkpt>
      <trkpt lat="47.464344" lon="12.202349">
        <ele>1804.25</ele>
      </trkpt>
      <trkpt lat="47.464346" lon="12.202293">
        <ele>1803.25</ele>
      </trkpt>
      <trkpt lat="47.464354" lon="12.20226">
        <ele>1802.75</ele>
      </trkpt>
      <trkpt lat="47.46437" lon="12.202228">
        <ele>1802.5</ele>
      </trkpt>
      <trkpt lat="47.464402" lon="12.202192">
        <ele>1801.75</ele>
      </trkpt>
      <trkpt lat="47.464466" lon="12.202148">
        <ele>1801</ele>
      </trkpt>
      <trkpt lat="47.464599" lon="12.202085">
        <ele>1797.5</ele>
      </trkpt>
      <trkpt lat="47.464773" lon="12.202004">
        <ele>1792.5</ele>
      </trkpt>
      <trkpt lat="47.464837" lon="12.201984">
        <ele>1790.75</ele>
      </trkpt>
      <trkpt lat="47.465032" lon="12.201953">
        <ele>1786.75</ele>
      </trkpt>
      <trkpt lat="47.465176" lon="12.201941">
        <ele>1784.25</ele>
      </trkpt>
      <trkpt lat="47.465204" lon="12.201928">
        <ele>1783.5</ele>
      </trkpt>
      <trkpt lat="47.46522" lon="12.201909">
        <ele>1782.5</ele>
      </trkpt>
      <trkpt lat="47.465221" lon="12.201879">
        <ele>1781.5</ele>
      </trkpt>
      <trkpt lat="47.4652" lon="12.201841">
        <ele>1780.75</ele>
      </trkpt>
      <trkpt lat="47.465095" lon="12.201731">
        <ele>1779</ele>
      </trkpt>
      <trkpt lat="47.464971" lon="12.201626">
        <ele>1777.75</ele>
      </trkpt>
      <trkpt lat="47.464835" lon="12.201532">
        <ele>1776.25</ele>
      </trkpt>
      <trkpt lat="47.464681" lon="12.201433">
        <ele>1774.5</ele>
      </trkpt>
      <trkpt lat="47.464503" lon="12.201342">
        <ele>1771.25</ele>
      </trkpt>
      <trkpt lat="47.46432" lon="12.201262">
        <ele>1768.75</ele>
      </trkpt>
      <trkpt lat="47.464292" lon="12.201241">
        <ele>1768</ele>
      </trkpt>
      <trkpt lat="47.464263" lon="12.20121">
        <ele>1767.25</ele>
      </trkpt>
      <trkpt lat="47.464237" lon="12.201164">
        <ele>1766</ele>
      </trkpt>
      <trkpt lat="47.46422" lon="12.201117">
        <ele>1764.75</ele>
      </trkpt>
      <trkpt lat="47.464209" lon="12.201018">
        <ele>1762.5</ele>
      </trkpt>
      <trkpt lat="47.464219" lon="12.200816">
        <ele>1757.25</ele>
      </trkpt>
      <trkpt lat="47.464235" lon="12.200722">
        <ele>1755</ele>
      </trkpt>
      <trkpt lat="47.464264" lon="12.200639">
        <ele>1753</ele>
      </trkpt>
      <trkpt lat="47.464305" lon="12.200584">
        <ele>1752</ele>
      </trkpt>
      <trkpt lat="47.46433" lon="12.20057">
        <ele>1751.75</ele>
      </trkpt>
      <trkpt lat="47.464389" lon="12.200556">
        <ele>1751.75</ele>
      </trkpt>
      <trkpt lat="47.464517" lon="12.200549">
        <ele>1750.25</ele>
      </trkpt>
      <trkpt lat="47.46454" lon="12.200531">
        <ele>1749.25</ele>
      </trkpt>
      <trkpt lat="47.464545" lon="12.200513">
        <ele>1748.5</ele>
      </trkpt>
      <trkpt lat="47.464533" lon="12.200434">
        <ele>1746.5</ele>
      </trkpt>
      <trkpt lat="47.464509" lon="12.200376">
        <ele>1745.5</ele>
      </trkpt>
      <trkpt lat="47.464465" lon="12.200281">
        <ele>1743.5</ele>
      </trkpt>
      <trkpt lat="47.464402" lon="12.200174">
        <ele>1741</ele>
      </trkpt>
      <trkpt lat="47.464331" lon="12.200035">
        <ele>1736.5</ele>
      </trkpt>
      <trkpt lat="47.464315" lon="12.199992">
        <ele>1735.25</ele>
      </trkpt>
      <trkpt lat="47.464304" lon="12.199939">
        <ele>1734</ele>
      </trkpt>
      <trkpt lat="47.464301" lon="12.199852">
        <ele>1732</ele>
      </trkpt>
      <trkpt lat="47.464306" lon="12.199759">
        <ele>1730.25</ele>
      </trkpt>
      <trkpt lat="47.464326" lon="12.199647">
        <ele>1728.5</ele>
      </trkpt>
      <trkpt lat="47.464327" lon="12.199443">
        <ele>1725</ele>
      </trkpt>
      <trkpt lat="47.464346" lon="12.199215">
        <ele>1721.5</ele>
      </trkpt>
      <trkpt lat="47.464432" lon="12.198672">
        <ele>1712.75</ele>
      </trkpt>
      <trkpt lat="47.46445" lon="12.198613">
        <ele>1711.75</ele>
      </trkpt>
      <trkpt lat="47.464515" lon="12.198521">
        <ele>1709.5</ele>
      </trkpt>
      <trkpt lat="47.464568" lon="12.19842">
        <ele>1707.5</ele>
      </trkpt>
      <trkpt lat="47.464646" lon="12.198331">
        <ele>1705.5</ele>
      </trkpt>
      <trkpt lat="47.46477" lon="12.198272">
        <ele>1702.75</ele>
      </trkpt>
      <trkpt lat="47.464854" lon="12.198249">
        <ele>1700.75</ele>
      </trkpt>
      <trkpt lat="47.464925" lon="12.198242">
        <ele>1699</ele>
      </trkpt>
      <trkpt lat="47.464991" lon="12.198261">
        <ele>1697.5</ele>
      </trkpt>
      <trkpt lat="47.465062" lon="12.1983">
        <ele>1695</ele>
      </trkpt>
      <trkpt lat="47.465149" lon="12.198362">
        <ele>1691.75</ele>
      </trkpt>
      <trkpt lat="47.465231" lon="12.19844">
        <ele>1689.5</ele>
      </trkpt>
      <trkpt lat="47.465367" lon="12.198544">
        <ele>1684.75</ele>
      </trkpt>
      <trkpt lat="47.465441" lon="12.198632">
        <ele>1682.5</ele>
      </trkpt>
      <trkpt lat="47.46548" lon="12.198719">
        <ele>1681.75</ele>
      </trkpt>
      <trkpt lat="47.465553" lon="12.198856">
        <ele>1679.75</ele>
      </trkpt>
      <trkpt lat="47.465634" lon="12.19894">
        <ele>1678</ele>
      </trkpt>
      <trkpt lat="47.465739" lon="12.199034">
        <ele>1676</ele>
      </trkpt>
      <trkpt lat="47.465783" lon="12.199034">
        <ele>1674.5</ele>
      </trkpt>
      <trkpt lat="47.465817" lon="12.199005">
        <ele>1672.5</ele>
      </trkpt>
      <trkpt lat="47.465813" lon="12.198923">
        <ele>1670.5</ele>
      </trkpt>
      <trkpt lat="47.465792" lon="12.198852">
        <ele>1670</ele>
      </trkpt>
      <trkpt lat="47.465776" lon="12.198755">
        <ele>1669</ele>
      </trkpt>
      <trkpt lat="47.465788" lon="12.19813">
        <ele>1658.25</ele>
      </trkpt>
      <trkpt lat="47.465775" lon="12.197893">
        <ele>1655.5</ele>
      </trkpt>
      <trkpt lat="47.465794" lon="12.197617">
        <ele>1650</ele>
      </trkpt>
      <trkpt lat="47.46576" lon="12.197339">
        <ele>1645.75</ele>
      </trkpt>
      <trkpt lat="47.465714" lon="12.197047">
        <ele>1642.5</ele>
      </trkpt>
      <trkpt lat="47.465707" lon="12.196923">
        <ele>1640.5</ele>
      </trkpt>
      <trkpt lat="47.465711" lon="12.196795">
        <ele>1638.75</ele>
      </trkpt>
      <trkpt lat="47.465758" lon="12.196567">
        <ele>1634</ele>
      </trkpt>
      <trkpt lat="47.465781" lon="12.196438">
        <ele>1631.75</ele>
      </trkpt>
      <trkpt lat="47.465788" lon="12.196342">
        <ele>1630</ele>
      </trkpt>
      <trkpt lat="47.465778" lon="12.196194">
        <ele>1627.25</ele>
      </trkpt>
      <trkpt lat="47.465758" lon="12.196085">
        <ele>1625.5</ele>
      </trkpt>
      <trkpt lat="47.465685" lon="12.195935">
        <ele>1623</ele>
      </trkpt>
      <trkpt lat="47.465611" lon="12.195815">
        <ele>1620.75</ele>
      </trkpt>
      <trkpt lat="47.465425" lon="12.195569">
        <ele>1616.25</ele>
      </trkpt>
      <trkpt lat="47.465172" lon="12.195165">
        <ele>1606.25</ele>
      </trkpt>
      <trkpt lat="47.465063" lon="12.194916">
        <ele>1600</ele>
      </trkpt>
      <trkpt lat="47.464834" lon="12.194537">
        <ele>1590.75</ele>
      </trkpt>
      <trkpt lat="47.464731" lon="12.194416">
        <ele>1587.75</ele>
      </trkpt>
      <trkpt lat="47.464624" lon="12.194315">
        <ele>1585.25</ele>
      </trkpt>
      <trkpt lat="47.464491" lon="12.194225">
        <ele>1583.5</ele>
      </trkpt>
      <trkpt lat="47.464426" lon="12.19417">
        <ele>1582.5</ele>
      </trkpt>
      <trkpt lat="47.464386" lon="12.19409">
        <ele>1581.25</ele>
      </trkpt>
      <trkpt lat="47.464349" lon="12.193988">
        <ele>1579.5</ele>
      </trkpt>
      <trkpt lat="47.464255" lon="12.193693">
        <ele>1573.75</ele>
      </trkpt>
      <trkpt lat="47.464214" lon="12.19362">
        <ele>1572.5</ele>
      </trkpt>
      <trkpt lat="47.464108" lon="12.193488">
        <ele>1570.75</ele>
      </trkpt>
      <trkpt lat="47.464083" lon="12.193442">
        <ele>1570</ele>
      </trkpt>
      <trkpt lat="47.464072" lon="12.193401">
        <ele>1569</ele>
      </trkpt>
      <trkpt lat="47.464087" lon="12.193363">
        <ele>1568.25</ele>
      </trkpt>
      <trkpt lat="47.464109" lon="12.193343">
        <ele>1567.75</ele>
      </trkpt>
      <trkpt lat="47.464333" lon="12.193286">
        <ele>1563.5</ele>
      </trkpt>
      <trkpt lat="47.464425" lon="12.193287">
        <ele>1561.5</ele>
      </trkpt>
      <trkpt lat="47.46449" lon="12.19332">
        <ele>1560.75</ele>
      </trkpt>
      <trkpt lat="47.464634" lon="12.193453">
        <ele>1560</ele>
      </trkpt>
      <trkpt lat="47.464689" lon="12.193473">
        <ele>1558.75</ele>
      </trkpt>
      <trkpt lat="47.464745" lon="12.193484">
        <ele>1558</ele>
      </trkpt>
      <trkpt lat="47.464788" lon="12.193477">
        <ele>1557.5</ele>
      </trkpt>
      <trkpt lat="47.464844" lon="12.193452">
        <ele>1557</ele>
      </trkpt>
      <trkpt lat="47.464876" lon="12.193394">
        <ele>1555.75</ele>
      </trkpt>
      <trkpt lat="47.464877" lon="12.193327">
        <ele>1554.75</ele>
      </trkpt>
      <trkpt lat="47.464799" lon="12.19312">
        <ele>1551</ele>
      </trkpt>
      <trkpt lat="47.464718" lon="12.192937">
        <ele>1547</ele>
      </trkpt>
      <trkpt lat="47.464509" lon="12.192505">
        <ele>1537.25</ele>
      </trkpt>
      <trkpt lat="47.464398" lon="12.192189">
        <ele>1531.25</ele>
      </trkpt>
      <trkpt lat="47.464271" lon="12.191864">
        <ele>1528.25</ele>
      </trkpt>
      <trkpt lat="47.464177" lon="12.191806">
        <ele>1528</ele>
      </trkpt>
      <trkpt lat="47.464098" lon="12.191777">
        <ele>1528</ele>
      </trkpt>
      <trkpt lat="47.464043" lon="12.191706">
        <ele>1527.75</ele>
      </trkpt>
      <trkpt lat="47.463995" lon="12.191625">
        <ele>1526.75</ele>
      </trkpt>
      <trkpt lat="47.463956" lon="12.191523">
        <ele>1524.75</ele>
      </trkpt>
      <trkpt lat="47.463927" lon="12.191419">
        <ele>1522.5</ele>
      </trkpt>
      <trkpt lat="47.46391" lon="12.191297">
        <ele>1520.25</ele>
      </trkpt>
      <trkpt lat="47.463905" lon="12.19114">
        <ele>1517.75</ele>
      </trkpt>
      <trkpt lat="47.46389" lon="12.190539">
        <ele>1509.5</ele>
      </trkpt>
      <trkpt lat="47.463896" lon="12.19038">
        <ele>1507</ele>
      </trkpt>
      <trkpt lat="47.463956" lon="12.19018">
        <ele>1504.5</ele>
      </trkpt>
      <trkpt lat="47.464042" lon="12.189965">
        <ele>1500.5</ele>
      </trkpt>
      <trkpt lat="47.464137" lon="12.189768">
        <ele>1498.25</ele>
      </trkpt>
      <trkpt lat="47.464264" lon="12.189595">
        <ele>1495.75</ele>
      </trkpt>
      <trkpt lat="47.46447" lon="12.189478">
        <ele>1494.75</ele>
      </trkpt>
      <trkpt lat="47.464559" lon="12.189361">
        <ele>1494</ele>
      </trkpt>
      <trkpt lat="47.464601" lon="12.189247">
        <ele>1494.25</ele>
      </trkpt>
      <trkpt lat="47.464633" lon="12.189339">
        <ele>1494.25</ele>
      </trkpt>
      <trkpt lat="47.464716" lon="12.189376">
        <ele>1494</ele>
      </trkpt>
      <trkpt lat="47.464873" lon="12.189278">
        <ele>1491.25</ele>
      </trkpt>
      <trkpt lat="47.465056" lon="12.189138">
        <ele>1485.25</ele>
      </trkpt>
      <trkpt lat="47.465178" lon="12.189057">
        <ele>1481.75</ele>
      </trkpt>
      <trkpt lat="47.4653" lon="12.189007">
        <ele>1478.25</ele>
      </trkpt>
      <trkpt lat="47.465715" lon="12.189229">
        <ele>1463.5</ele>
      </trkpt>
      <trkpt lat="47.465885" lon="12.189309">
        <ele>1459</ele>
      </trkpt>
      <trkpt lat="47.465986" lon="12.189341">
        <ele>1456.5</ele>
      </trkpt>
      <trkpt lat="47.466843" lon="12.189252">
        <ele>1443.25</ele>
      </trkpt>
      <trkpt lat="47.466941" lon="12.189231">
        <ele>1442.5</ele>
      </trkpt>
      <trkpt lat="47.467007" lon="12.189234">
        <ele>1441.75</ele>
      </trkpt>
      <trkpt lat="47.467032" lon="12.189263">
        <ele>1440.75</ele>
      </trkpt>
      <trkpt lat="47.467351" lon="12.189213">
        <ele>1439.25</ele>
      </trkpt>
      <trkpt lat="47.467706" lon="12.189213">
        <ele>1436.5</ele>
      </trkpt>
      <trkpt lat="47.468087" lon="12.189318">
        <ele>1430.5</ele>
      </trkpt>
      <trkpt lat="47.468119" lon="12.189319">
        <ele>1430</ele>
      </trkpt>
      <trkpt lat="47.468222" lon="12.189309">
        <ele>1428.25</ele>
      </trkpt>
      <trkpt lat="47.4683" lon="12.189175">
        <ele>1428.5</ele>
      </trkpt>
      <trkpt lat="47.468322" lon="12.188974">
        <ele>1427</ele>
      </trkpt>
      <trkpt lat="47.468299" lon="12.188607">
        <ele>1424.75</ele>
      </trkpt>
      <trkpt lat="47.468351" lon="12.188389">
        <ele>1421.25</ele>
      </trkpt>
      <trkpt lat="47.468487" lon="12.188143">
        <ele>1420.25</ele>
      </trkpt>
      <trkpt lat="47.468568" lon="12.188064">
        <ele>1419.75</ele>
      </trkpt>
      <trkpt lat="47.468681" lon="12.188">
        <ele>1419</ele>
      </trkpt>
      <trkpt lat="47.468811" lon="12.187931">
        <ele>1417</ele>
      </trkpt>
      <trkpt lat="47.468855" lon="12.187828">
        <ele>1416.75</ele>
      </trkpt>
      <trkpt lat="47.469016" lon="12.187485">
        <ele>1411.5</ele>
      </trkpt>
      <trkpt lat="47.469326" lon="12.187122">
        <ele>1405.75</ele>
      </trkpt>
      <trkpt lat="47.46958" lon="12.186882">
        <ele>1403</ele>
      </trkpt>
      <trkpt lat="47.469713" lon="12.186823">
        <ele>1401.25</ele>
      </trkpt>
      <trkpt lat="47.469801" lon="12.186791">
        <ele>1399.5</ele>
      </trkpt>
      <trkpt lat="47.469883" lon="12.18673">
        <ele>1398.5</ele>
      </trkpt>
      <trkpt lat="47.46999" lon="12.186596">
        <ele>1397.75</ele>
      </trkpt>
      <trkpt lat="47.470061" lon="12.186544">
        <ele>1396.25</ele>
      </trkpt>
      <trkpt lat="47.470138" lon="12.186508">
        <ele>1394.5</ele>
      </trkpt>
      <trkpt lat="47.470499" lon="12.186449">
        <ele>1387</ele>
      </trkpt>
      <trkpt lat="47.470626" lon="12.1864">
        <ele>1385.25</ele>
      </trkpt>
      <trkpt lat="47.470719" lon="12.186343">
        <ele>1383.75</ele>
      </trkpt>
      <trkpt lat="47.470877" lon="12.186229">
        <ele>1380</ele>
      </trkpt>
      <trkpt lat="47.471097" lon="12.186038">
        <ele>1376.25</ele>
      </trkpt>
      <trkpt lat="47.471269" lon="12.185842">
        <ele>1372.75</ele>
      </trkpt>
      <trkpt lat="47.471388" lon="12.185636">
        <ele>1370.5</ele>
      </trkpt>
      <trkpt lat="47.471478" lon="12.185432">
        <ele>1370.5</ele>
      </trkpt>
      <trkpt lat="47.471673" lon="12.185085">
        <ele>1365</ele>
      </trkpt>
      <trkpt lat="47.471877" lon="12.184545">
        <ele>1359.75</ele>
      </trkpt>
      <trkpt lat="47.471974" lon="12.184356">
        <ele>1356.5</ele>
      </trkpt>
      <trkpt lat="47.472085" lon="12.184187">
        <ele>1354</ele>
      </trkpt>
      <trkpt lat="47.472165" lon="12.184116">
        <ele>1352.25</ele>
      </trkpt>
      <trkpt lat="47.472301" lon="12.184036">
        <ele>1350.75</ele>
      </trkpt>
      <trkpt lat="47.472456" lon="12.184012">
        <ele>1350.25</ele>
      </trkpt>
      <trkpt lat="47.472653" lon="12.183962">
        <ele>1349.25</ele>
      </trkpt>
      <trkpt lat="47.47277" lon="12.183961">
        <ele>1349</ele>
      </trkpt>
      <trkpt lat="47.472856" lon="12.183978">
        <ele>1347.5</ele>
      </trkpt>
      <trkpt lat="47.472906" lon="12.183966">
        <ele>1346.5</ele>
      </trkpt>
      <trkpt lat="47.47295" lon="12.183949">
        <ele>1345.75</ele>
      </trkpt>
      <trkpt lat="47.473048" lon="12.183793">
        <ele>1343.75</ele>
      </trkpt>
      <trkpt lat="47.473196" lon="12.183533">
        <ele>1340.5</ele>
      </trkpt>
      <trkpt lat="47.47321" lon="12.183405">
        <ele>1340</ele>
      </trkpt>
      <trkpt lat="47.473124" lon="12.182973">
        <ele>1335.75</ele>
      </trkpt>
      <trkpt lat="47.47318" lon="12.18289">
        <ele>1334</ele>
      </trkpt>
      <trkpt lat="47.473429" lon="12.182707">
        <ele>1329.75</ele>
      </trkpt>
      <trkpt lat="47.47349" lon="12.182671">
        <ele>1328</ele>
      </trkpt>
      <trkpt lat="47.473553" lon="12.182699">
        <ele>1327.5</ele>
      </trkpt>
      <trkpt lat="47.473619" lon="12.182742">
        <ele>1326.75</ele>
      </trkpt>
      <trkpt lat="47.473917" lon="12.183084">
        <ele>1320.75</ele>
      </trkpt>
      <trkpt lat="47.473995" lon="12.183224">
        <ele>1318.5</ele>
      </trkpt>
      <trkpt lat="47.474044" lon="12.183377">
        <ele>1317.75</ele>
      </trkpt>
      <trkpt lat="47.474081" lon="12.183686">
        <ele>1315.5</ele>
      </trkpt>
      <trkpt lat="47.47407" lon="12.183835">
        <ele>1314.5</ele>
      </trkpt>
      <trkpt lat="47.474041" lon="12.183984">
        <ele>1313.5</ele>
      </trkpt>
      <trkpt lat="47.473943" lon="12.184339">
        <ele>1310.5</ele>
      </trkpt>
      <trkpt lat="47.473761" lon="12.185131">
        <ele>1301.5</ele>
      </trkpt>
      <trkpt lat="47.473653" lon="12.185465">
        <ele>1299</ele>
      </trkpt>
      <trkpt lat="47.473606" lon="12.185636">
        <ele>1297.25</ele>
      </trkpt>
      <trkpt lat="47.473534" lon="12.185772">
        <ele>1297.5</ele>
      </trkpt>
      <trkpt lat="47.473476" lon="12.185909">
        <ele>1297</ele>
      </trkpt>
      <trkpt lat="47.473479" lon="12.185963">
        <ele>1295.75</ele>
      </trkpt>
      <trkpt lat="47.473509" lon="12.18598">
        <ele>1294</ele>
      </trkpt>
      <trkpt lat="47.473568" lon="12.185953">
        <ele>1292.25</ele>
      </trkpt>
      <trkpt lat="47.473699" lon="12.185735">
        <ele>1292.25</ele>
      </trkpt>
      <trkpt lat="47.473789" lon="12.185657">
        <ele>1290.75</ele>
      </trkpt>
      <trkpt lat="47.474016" lon="12.185573">
        <ele>1286.75</ele>
      </trkpt>
      <trkpt lat="47.474145" lon="12.185583">
        <ele>1284.75</ele>
      </trkpt>
      <trkpt lat="47.474238" lon="12.185577">
        <ele>1283.75</ele>
      </trkpt>
      <trkpt lat="47.474588" lon="12.185324">
        <ele>1282</ele>
      </trkpt>
      <trkpt lat="47.474735" lon="12.185245">
        <ele>1280</ele>
      </trkpt>
      <trkpt lat="47.474759" lon="12.185233">
        <ele>1279.25</ele>
      </trkpt>
      <trkpt lat="47.474807" lon="12.185243">
        <ele>1277</ele>
      </trkpt>
      <trkpt lat="47.474847" lon="12.185267">
        <ele>1275</ele>
      </trkpt>
      <trkpt lat="47.474941" lon="12.185439">
        <ele>1269.25</ele>
      </trkpt>
      <trkpt lat="47.474964" lon="12.185496">
        <ele>1267.75</ele>
      </trkpt>
      <trkpt lat="47.475195" lon="12.185663">
        <ele>1263.75</ele>
      </trkpt>
      <trkpt lat="47.475337" lon="12.185821">
        <ele>1261.25</ele>
      </trkpt>
      <trkpt lat="47.475485" lon="12.18595">
        <ele>1260</ele>
      </trkpt>
      <trkpt lat="47.475605" lon="12.185998">
        <ele>1259</ele>
      </trkpt>
      <trkpt lat="47.475828" lon="12.186065">
        <ele>1255.25</ele>
      </trkpt>
      <trkpt lat="47.475949" lon="12.18609">
        <ele>1253.75</ele>
      </trkpt>
      <trkpt lat="47.476395" lon="12.186138">
        <ele>1249.25</ele>
      </trkpt>
      <trkpt lat="47.47673" lon="12.186267">
        <ele>1246.75</ele>
      </trkpt>
      <trkpt lat="47.47698" lon="12.186313">
        <ele>1243.25</ele>
      </trkpt>
      <trkpt lat="47.477111" lon="12.186364">
        <ele>1241.25</ele>
      </trkpt>
      <trkpt lat="47.477511" lon="12.186578">
        <ele>1234.75</ele>
      </trkpt>
      <trkpt lat="47.477835" lon="12.186676">
        <ele>1230</ele>
      </trkpt>
      <trkpt lat="47.47799" lon="12.186678">
        <ele>1228.25</ele>
      </trkpt>
      <trkpt lat="47.478076" lon="12.186668">
        <ele>1227.25</ele>
      </trkpt>
      <trkpt lat="47.478148" lon="12.186645">
        <ele>1226</ele>
      </trkpt>
      <trkpt lat="47.478221" lon="12.1866">
        <ele>1225</ele>
      </trkpt>
      <trkpt lat="47.478395" lon="12.186431">
        <ele>1223.5</ele>
      </trkpt>
      <trkpt lat="47.47845" lon="12.186405">
        <ele>1222.75</ele>
      </trkpt>
      <trkpt lat="47.478499" lon="12.186398">
        <ele>1221.5</ele>
      </trkpt>
      <trkpt lat="47.478628" lon="12.186295">
        <ele>1218.75</ele>
      </trkpt>
      <trkpt lat="47.478664" lon="12.186234">
        <ele>1218</ele>
      </trkpt>
      <trkpt lat="47.47873" lon="12.186081">
        <ele>1216.5</ele>
      </trkpt>
      <trkpt lat="47.478837" lon="12.18587">
        <ele>1215.25</ele>
      </trkpt>
      <trkpt lat="47.479007" lon="12.185492">
        <ele>1212.5</ele>
      </trkpt>
      <trkpt lat="47.479071" lon="12.185296">
        <ele>1211.25</ele>
      </trkpt>
      <trkpt lat="47.479095" lon="12.185029">
        <ele>1209.25</ele>
      </trkpt>
      <trkpt lat="47.479145" lon="12.184763">
        <ele>1207</ele>
      </trkpt>
      <trkpt lat="47.479199" lon="12.184785">
        <ele>1206.5</ele>
      </trkpt>
      <trkpt lat="47.479149" lon="12.185269">
        <ele>1207.75</ele>
      </trkpt>
      <trkpt lat="47.479103" lon="12.185538">
        <ele>1209</ele>
      </trkpt>
      <trkpt lat="47.47903" lon="12.185853">
        <ele>1210.75</ele>
      </trkpt>
      <trkpt lat="47.479034" lon="12.186372">
        <ele>1210.25</ele>
      </trkpt>
      <trkpt lat="47.479022" lon="12.186497">
        <ele>1209.75</ele>
      </trkpt>
      <trkpt lat="47.479113" lon="12.186549">
        <ele>1208.75</ele>
      </trkpt>
      <trkpt lat="47.479217" lon="12.18666">
        <ele>1208.25</ele>
      </trkpt>
      <trkpt lat="47.480066" lon="12.186837">
        <ele>1204</ele>
      </trkpt>
      <trkpt lat="47.480353" lon="12.186934">
        <ele>1200.75</ele>
      </trkpt>
      <trkpt lat="47.480589" lon="12.186976">
        <ele>1198.75</ele>
      </trkpt>
      <trkpt lat="47.480866" lon="12.186931">
        <ele>1196.75</ele>
      </trkpt>
      <trkpt lat="47.480916" lon="12.186897">
        <ele>1196.75</ele>
      </trkpt>
      <trkpt lat="47.480974" lon="12.186837">
        <ele>1197</ele>
      </trkpt>
      <trkpt lat="47.481024" lon="12.186804">
        <ele>1196.75</ele>
      </trkpt>
      <trkpt lat="47.481036" lon="12.186813">
        <ele>1196.5</ele>
      </trkpt>
      <trkpt lat="47.481045" lon="12.186848">
        <ele>1195.75</ele>
      </trkpt>
      <trkpt lat="47.481044" lon="12.186902">
        <ele>1194.75</ele>
      </trkpt>
      <trkpt lat="47.481032" lon="12.186949">
        <ele>1194</ele>
      </trkpt>
      <trkpt lat="47.480943" lon="12.187043">
        <ele>1192.5</ele>
      </trkpt>
      <trkpt lat="47.48082" lon="12.18718">
        <ele>1191</ele>
      </trkpt>
      <trkpt lat="47.48064" lon="12.187359">
        <ele>1188.75</ele>
      </trkpt>
      <trkpt lat="47.480218" lon="12.187711">
        <ele>1181.75</ele>
      </trkpt>
      <trkpt lat="47.479654" lon="12.188267">
        <ele>1171.5</ele>
      </trkpt>
      <trkpt lat="47.479212" lon="12.188761">
        <ele>1162.75</ele>
      </trkpt>
      <trkpt lat="47.478882" lon="12.189181">
        <ele>1156.75</ele>
      </trkpt>
      <trkpt lat="47.478669" lon="12.189676">
        <ele>1149.25</ele>
      </trkpt>
      <trkpt lat="47.478422" lon="12.190213">
        <ele>1142</ele>
      </trkpt>
      <trkpt lat="47.478226" lon="12.190622">
        <ele>1137</ele>
      </trkpt>
      <trkpt lat="47.4782" lon="12.190671">
        <ele>1136.25</ele>
      </trkpt>
      <trkpt lat="47.477913" lon="12.191029">
        <ele>1131.25</ele>
      </trkpt>
      <trkpt lat="47.477835" lon="12.191104">
        <ele>1130.25</ele>
      </trkpt>
      <trkpt lat="47.477816" lon="12.191254">
        <ele>1128.25</ele>
      </trkpt>
      <trkpt lat="47.477862" lon="12.191355">
        <ele>1126.25</ele>
      </trkpt>
      <trkpt lat="47.477992" lon="12.191452">
        <ele>1125.25</ele>
      </trkpt>
      <trkpt lat="47.478246" lon="12.191535">
        <ele>1121.75</ele>
      </trkpt>
      <trkpt lat="47.478773" lon="12.191858">
        <ele>1115.25</ele>
      </trkpt>
      <trkpt lat="47.47904" lon="12.191894">
        <ele>1110.5</ele>
      </trkpt>
      <trkpt lat="47.479261" lon="12.19208">
        <ele>1107.75</ele>
      </trkpt>
      <trkpt lat="47.479407" lon="12.192127">
        <ele>1105.75</ele>
      </trkpt>
      <trkpt lat="47.479717" lon="12.192082">
        <ele>1101.5</ele>
      </trkpt>
      <trkpt lat="47.479912" lon="12.192067">
        <ele>1100</ele>
      </trkpt>
      <trkpt lat="47.480183" lon="12.192141">
        <ele>1098.25</ele>
      </trkpt>
      <trkpt lat="47.480361" lon="12.192222">
        <ele>1097.25</ele>
      </trkpt>
      <trkpt lat="47.480437" lon="12.192291">
        <ele>1097</ele>
      </trkpt>
      <trkpt lat="47.480474" lon="12.192383">
        <ele>1097.5</ele>
      </trkpt>
      <trkpt lat="47.48054" lon="12.192432">
        <ele>1097.5</ele>
      </trkpt>
      <trkpt lat="47.480653" lon="12.192373">
        <ele>1098.75</ele>
      </trkpt>
      <trkpt lat="47.480695" lon="12.192339">
        <ele>1099.25</ele>
      </trkpt>
      <trkpt lat="47.480723" lon="12.192335">
        <ele>1099.5</ele>
      </trkpt>
      <trkpt lat="47.480729" lon="12.19236">
        <ele>1100</ele>
      </trkpt>
      <trkpt lat="47.480843" lon="12.192257">
        <ele>1100.5</ele>
      </trkpt>
      <trkpt lat="47.481114" lon="12.192069">
        <ele>1100.5</ele>
      </trkpt>
      <trkpt lat="47.481184" lon="12.191982">
        <ele>1100.5</ele>
      </trkpt>
      <trkpt lat="47.481275" lon="12.19181">
        <ele>1100.25</ele>
      </trkpt>
      <trkpt lat="47.481384" lon="12.191535">
        <ele>1098.75</ele>
      </trkpt>
      <trkpt lat="47.481451" lon="12.191398">
        <ele>1097.25</ele>
      </trkpt>
      <trkpt lat="47.48166" lon="12.191225">
        <ele>1097.75</ele>
      </trkpt>
      <trkpt lat="47.481722" lon="12.19109">
        <ele>1098.25</ele>
      </trkpt>
      <trkpt lat="47.481796" lon="12.190853">
        <ele>1097</ele>
      </trkpt>
      <trkpt lat="47.481855" lon="12.190726">
        <ele>1095</ele>
      </trkpt>
      <trkpt lat="47.481973" lon="12.190567">
        <ele>1095</ele>
      </trkpt>
      <trkpt lat="47.482473" lon="12.190089">
        <ele>1090.75</ele>
      </trkpt>
      <trkpt lat="47.482782" lon="12.18978">
        <ele>1088.5</ele>
      </trkpt>
      <trkpt lat="47.482895" lon="12.189643">
        <ele>1085.75</ele>
      </trkpt>
      <trkpt lat="47.483201" lon="12.189419">
        <ele>1083.75</ele>
      </trkpt>
      <trkpt lat="47.483353" lon="12.189293">
        <ele>1081.25</ele>
      </trkpt>
      <trkpt lat="47.483546" lon="12.189215">
        <ele>1080.75</ele>
      </trkpt>
      <trkpt lat="47.483771" lon="12.189157">
        <ele>1079</ele>
      </trkpt>
      <trkpt lat="47.484051" lon="12.189155">
        <ele>1079.75</ele>
      </trkpt>
      <trkpt lat="47.484701" lon="12.189309">
        <ele>1083.75</ele>
      </trkpt>
      <trkpt lat="47.484807" lon="12.189316">
        <ele>1084.75</ele>
      </trkpt>
      <trkpt lat="47.48514" lon="12.189257">
        <ele>1085.25</ele>
      </trkpt>
      <trkpt lat="47.485276" lon="12.189255">
        <ele>1086</ele>
      </trkpt>
      <trkpt lat="47.485434" lon="12.189298">
        <ele>1085.25</ele>
      </trkpt>
      <trkpt lat="47.485784" lon="12.1895">
        <ele>1088.25</ele>
      </trkpt>
      <trkpt lat="47.48589" lon="12.189596">
        <ele>1087.75</ele>
      </trkpt>
      <trkpt lat="47.486055" lon="12.189857">
        <ele>1086.25</ele>
      </trkpt>
      <trkpt lat="47.486164" lon="12.19">
        <ele>1085.25</ele>
      </trkpt>
      <trkpt lat="47.486238" lon="12.19005">
        <ele>1086</ele>
      </trkpt>
      <trkpt lat="47.486369" lon="12.190085">
        <ele>1084.75</ele>
      </trkpt>
      <trkpt lat="47.486591" lon="12.190009">
        <ele>1084.5</ele>
      </trkpt>
      <trkpt lat="47.486829" lon="12.189967">
        <ele>1085</ele>
      </trkpt>
      <trkpt lat="47.486993" lon="12.189989">
        <ele>1085.25</ele>
      </trkpt>
      <trkpt lat="47.487158" lon="12.190079">
        <ele>1085</ele>
      </trkpt>
      <trkpt lat="47.487281" lon="12.190101">
        <ele>1085</ele>
      </trkpt>
      <trkpt lat="47.487606" lon="12.190112">
        <ele>1087.25</ele>
      </trkpt>
      <trkpt lat="47.487969" lon="12.190168">
        <ele>1089</ele>
      </trkpt>
      <trkpt lat="47.488148" lon="12.190208">
        <ele>1089.75</ele>
      </trkpt>
      <trkpt lat="47.488259" lon="12.190163">
        <ele>1089.75</ele>
      </trkpt>
      <trkpt lat="47.488394" lon="12.190092">
        <ele>1089</ele>
      </trkpt>
      <trkpt lat="47.488471" lon="12.190119">
        <ele>1088.75</ele>
      </trkpt>
      <trkpt lat="47.488535" lon="12.190193">
        <ele>1088.75</ele>
      </trkpt>
      <trkpt lat="47.488581" lon="12.190234">
        <ele>1088.25</ele>
      </trkpt>
      <trkpt lat="47.488581" lon="12.190598">
        <ele>1086</ele>
      </trkpt>
      <trkpt lat="47.488569" lon="12.190735">
        <ele>1084.75</ele>
      </trkpt>
      <trkpt lat="47.48852" lon="12.190836">
        <ele>1084.25</ele>
      </trkpt>
      <trkpt lat="47.488362" lon="12.191106">
        <ele>1080.5</ele>
      </trkpt>
      <trkpt lat="47.488271" lon="12.191343">
        <ele>1078.75</ele>
      </trkpt>
      <trkpt lat="47.488217" lon="12.191658">
        <ele>1075.25</ele>
      </trkpt>
      <trkpt lat="47.48812" lon="12.191946">
        <ele>1072</ele>
      </trkpt>
      <trkpt lat="47.488112" lon="12.192277">
        <ele>1069.5</ele>
      </trkpt>
      <trkpt lat="47.488129" lon="12.192504">
        <ele>1067.75</ele>
      </trkpt>
      <trkpt lat="47.488165" lon="12.192586">
        <ele>1066</ele>
      </trkpt>
      <trkpt lat="47.488199" lon="12.192607">
        <ele>1064.75</ele>
      </trkpt>
      <trkpt lat="47.488255" lon="12.192863">
        <ele>1061</ele>
      </trkpt>
      <trkpt lat="47.488247" lon="12.193125">
        <ele>1062</ele>
      </trkpt>
      <trkpt lat="47.488302" lon="12.19334">
        <ele>1059.5</ele>
      </trkpt>
      <trkpt lat="47.488353" lon="12.193498">
        <ele>1058.75</ele>
      </trkpt>
      <trkpt lat="47.488481" lon="12.193732">
        <ele>1054.25</ele>
      </trkpt>
      <trkpt lat="47.488486" lon="12.193813">
        <ele>1053.25</ele>
      </trkpt>
      <trkpt lat="47.488463" lon="12.193886">
        <ele>1053.25</ele>
      </trkpt>
      <trkpt lat="47.488409" lon="12.193969">
        <ele>1051.5</ele>
      </trkpt>
      <trkpt lat="47.488263" lon="12.194129">
        <ele>1047.5</ele>
      </trkpt>
      <trkpt lat="47.488044" lon="12.194265">
        <ele>1046</ele>
      </trkpt>
      <trkpt lat="47.487987" lon="12.19434">
        <ele>1045</ele>
      </trkpt>
      <trkpt lat="47.487961" lon="12.194456">
        <ele>1042.5</ele>
      </trkpt>
      <trkpt lat="47.487934" lon="12.194722">
        <ele>1041</ele>
      </trkpt>
      <trkpt lat="47.487905" lon="12.194831">
        <ele>1038.5</ele>
      </trkpt>
      <trkpt lat="47.487852" lon="12.194917">
        <ele>1037.25</ele>
      </trkpt>
      <trkpt lat="47.4877" lon="12.195054">
        <ele>1036</ele>
      </trkpt>
      <trkpt lat="47.487645" lon="12.195213">
        <ele>1033.25</ele>
      </trkpt>
      <trkpt lat="47.487588" lon="12.195491">
        <ele>1031.75</ele>
      </trkpt>
      <trkpt lat="47.487622" lon="12.195747">
        <ele>1027.5</ele>
      </trkpt>
      <trkpt lat="47.487635" lon="12.195803">
        <ele>1026.25</ele>
      </trkpt>
      <trkpt lat="47.487639" lon="12.195914">
        <ele>1024.25</ele>
      </trkpt>
      <trkpt lat="47.487569" lon="12.19609">
        <ele>1023.75</ele>
      </trkpt>
      <trkpt lat="47.487284" lon="12.196513">
        <ele>1021.5</ele>
      </trkpt>
      <trkpt lat="47.487234" lon="12.196646">
        <ele>1019.25</ele>
      </trkpt>
      <trkpt lat="47.487245" lon="12.196746">
        <ele>1018.25</ele>
      </trkpt>
      <trkpt lat="47.487263" lon="12.196779">
        <ele>1017.5</ele>
      </trkpt>
      <trkpt lat="47.487334" lon="12.196761">
        <ele>1015.5</ele>
      </trkpt>
      <trkpt lat="47.487415" lon="12.196641">
        <ele>1014</ele>
      </trkpt>
      <trkpt lat="47.487567" lon="12.196472">
        <ele>1012.5</ele>
      </trkpt>
      <trkpt lat="47.487756" lon="12.196304">
        <ele>1008.25</ele>
      </trkpt>
      <trkpt lat="47.488013" lon="12.196001">
        <ele>1003</ele>
      </trkpt>
      <trkpt lat="47.488203" lon="12.195744">
        <ele>999.5</ele>
      </trkpt>
      <trkpt lat="47.488433" lon="12.19556">
        <ele>995</ele>
      </trkpt>
      <trkpt lat="47.488563" lon="12.195401">
        <ele>993.5</ele>
      </trkpt>
      <trkpt lat="47.488641" lon="12.195359">
        <ele>992.5</ele>
      </trkpt>
      <trkpt lat="47.488718" lon="12.195355">
        <ele>992.25</ele>
      </trkpt>
      <trkpt lat="47.48887" lon="12.195401">
        <ele>989.75</ele>
      </trkpt>
      <trkpt lat="47.488995" lon="12.195377">
        <ele>987.25</ele>
      </trkpt>
      <trkpt lat="47.489106" lon="12.195292">
        <ele>986.5</ele>
      </trkpt>
      <trkpt lat="47.489139" lon="12.195164">
        <ele>985.25</ele>
      </trkpt>
      <trkpt lat="47.489141" lon="12.194976">
        <ele>984</ele>
      </trkpt>
      <trkpt lat="47.48916" lon="12.194768">
        <ele>982.5</ele>
      </trkpt>
      <trkpt lat="47.489234" lon="12.194535">
        <ele>980</ele>
      </trkpt>
      <trkpt lat="47.489367" lon="12.194225">
        <ele>977.25</ele>
      </trkpt>
      <trkpt lat="47.489448" lon="12.194068">
        <ele>974.25</ele>
      </trkpt>
      <trkpt lat="47.489472" lon="12.193879">
        <ele>974</ele>
      </trkpt>
      <trkpt lat="47.489509" lon="12.193715">
        <ele>973.5</ele>
      </trkpt>
      <trkpt lat="47.489607" lon="12.193469">
        <ele>971.75</ele>
      </trkpt>
      <trkpt lat="47.489712" lon="12.193329">
        <ele>969.5</ele>
      </trkpt>
      <trkpt lat="47.489799" lon="12.193234">
        <ele>966.75</ele>
      </trkpt>
      <trkpt lat="47.489918" lon="12.192975">
        <ele>965.75</ele>
      </trkpt>
      <trkpt lat="47.489988" lon="12.192906">
        <ele>963.25</ele>
      </trkpt>
      <trkpt lat="47.490057" lon="12.192869">
        <ele>962.25</ele>
      </trkpt>
      <trkpt lat="47.490173" lon="12.192827">
        <ele>961.5</ele>
      </trkpt>
      <trkpt lat="47.49027" lon="12.19274">
        <ele>961.75</ele>
      </trkpt>
      <trkpt lat="47.490369" lon="12.192636">
        <ele>962.25</ele>
      </trkpt>
      <trkpt lat="47.490406" lon="12.192615">
        <ele>962</ele>
      </trkpt>
      <trkpt lat="47.490435" lon="12.192622">
        <ele>961.25</ele>
      </trkpt>
      <trkpt lat="47.490466" lon="12.192645">
        <ele>960.5</ele>
      </trkpt>
      <trkpt lat="47.490482" lon="12.192691">
        <ele>959.25</ele>
      </trkpt>
      <trkpt lat="47.49048" lon="12.192745">
        <ele>958.5</ele>
      </trkpt>
      <trkpt lat="47.490458" lon="12.192794">
        <ele>958</ele>
      </trkpt>
      <trkpt lat="47.490245" lon="12.193049">
        <ele>955.5</ele>
      </trkpt>
      <trkpt lat="47.490179" lon="12.193174">
        <ele>954</ele>
      </trkpt>
      <trkpt lat="47.490091" lon="12.193313">
        <ele>952.75</ele>
      </trkpt>
      <trkpt lat="47.490005" lon="12.193544">
        <ele>950</ele>
      </trkpt>
      <trkpt lat="47.489947" lon="12.193906">
        <ele>945</ele>
      </trkpt>
      <trkpt lat="47.489917" lon="12.19419">
        <ele>942.5</ele>
      </trkpt>
      <trkpt lat="47.489902" lon="12.194413">
        <ele>939.75</ele>
      </trkpt>
      <trkpt lat="47.489808" lon="12.195058">
        <ele>936.25</ele>
      </trkpt>
      <trkpt lat="47.489799" lon="12.195315">
        <ele>934.5</ele>
      </trkpt>
      <trkpt lat="47.489811" lon="12.195549">
        <ele>933</ele>
      </trkpt>
      <trkpt lat="47.489836" lon="12.195708">
        <ele>934.25</ele>
      </trkpt>
      <trkpt lat="47.489884" lon="12.195799">
        <ele>933</ele>
      </trkpt>
      <trkpt lat="47.489936" lon="12.19581">
        <ele>930.25</ele>
      </trkpt>
      <trkpt lat="47.489963" lon="12.195776">
        <ele>928.5</ele>
      </trkpt>
      <trkpt lat="47.490039" lon="12.195322">
        <ele>923.5</ele>
      </trkpt>
      <trkpt lat="47.490093" lon="12.195082">
        <ele>921</ele>
      </trkpt>
      <trkpt lat="47.490158" lon="12.194911">
        <ele>919.25</ele>
      </trkpt>
      <trkpt lat="47.4902" lon="12.194839">
        <ele>918.5</ele>
      </trkpt>
      <trkpt lat="47.490291" lon="12.194771">
        <ele>916.5</ele>
      </trkpt>
      <trkpt lat="47.490638" lon="12.1946">
        <ele>912.25</ele>
      </trkpt>
      <trkpt lat="47.490808" lon="12.194568">
        <ele>909.25</ele>
      </trkpt>
      <trkpt lat="47.490904" lon="12.194558">
        <ele>907.75</ele>
      </trkpt>
      <trkpt lat="47.490986" lon="12.194563">
        <ele>906.5</ele>
      </trkpt>
      <trkpt lat="47.491048" lon="12.194567">
        <ele>905.5</ele>
      </trkpt>
      <trkpt lat="47.491206" lon="12.194624">
        <ele>902.75</ele>
      </trkpt>
      <trkpt lat="47.491461" lon="12.194664">
        <ele>899</ele>
      </trkpt>
      <trkpt lat="47.491555" lon="12.194621">
        <ele>898</ele>
      </trkpt>
      <trkpt lat="47.491655" lon="12.194492">
        <ele>896.25</ele>
      </trkpt>
      <trkpt lat="47.491735" lon="12.194368">
        <ele>894.5</ele>
      </trkpt>
      <trkpt lat="47.49181" lon="12.194221">
        <ele>894.5</ele>
      </trkpt>
      <trkpt lat="47.491864" lon="12.194179">
        <ele>893.75</ele>
      </trkpt>
      <trkpt lat="47.491933" lon="12.194186">
        <ele>891.75</ele>
      </trkpt>
      <trkpt lat="47.492009" lon="12.19425">
        <ele>891.75</ele>
      </trkpt>
      <trkpt lat="47.49237" lon="12.194641">
        <ele>887.5</ele>
      </trkpt>
      <trkpt lat="47.492466" lon="12.194794">
        <ele>886</ele>
      </trkpt>
      <trkpt lat="47.492525" lon="12.194939">
        <ele>883</ele>
      </trkpt>
      <trkpt lat="47.492602" lon="12.194972">
        <ele>881.5</ele>
      </trkpt>
      <trkpt lat="47.492684" lon="12.194927">
        <ele>881.5</ele>
      </trkpt>
      <trkpt lat="47.492773" lon="12.194904">
        <ele>881</ele>
      </trkpt>
      <trkpt lat="47.492817" lon="12.194939">
        <ele>880.25</ele>
      </trkpt>
      <trkpt lat="47.492828" lon="12.19503">
        <ele>878.25</ele>
      </trkpt>
      <trkpt lat="47.492814" lon="12.19508">
        <ele>877</ele>
      </trkpt>
      <trkpt lat="47.492749" lon="12.195125">
        <ele>875.75</ele>
      </trkpt>
      <trkpt lat="47.492673" lon="12.19514">
        <ele>875.5</ele>
      </trkpt>
      <trkpt lat="47.492523" lon="12.195152">
        <ele>875.25</ele>
      </trkpt>
      <trkpt lat="47.492346" lon="12.195206">
        <ele>873</ele>
      </trkpt>
      <trkpt lat="47.492153" lon="12.19531">
        <ele>870.75</ele>
      </trkpt>
      <trkpt lat="47.492081" lon="12.195415">
        <ele>869</ele>
      </trkpt>
      <trkpt lat="47.491972" lon="12.195627">
        <ele>865.75</ele>
      </trkpt>
      <trkpt lat="47.491852" lon="12.195836">
        <ele>863</ele>
      </trkpt>
      <trkpt lat="47.491737" lon="12.195981">
        <ele>861</ele>
      </trkpt>
      <trkpt lat="47.491544" lon="12.196088">
        <ele>861</ele>
      </trkpt>
      <trkpt lat="47.491418" lon="12.196198">
        <ele>859.5</ele>
      </trkpt>
      <trkpt lat="47.491336" lon="12.196337">
        <ele>858.5</ele>
      </trkpt>
      <trkpt lat="47.491308" lon="12.196465">
        <ele>858</ele>
      </trkpt>
      <trkpt lat="47.491315" lon="12.196512">
        <ele>857.5</ele>
      </trkpt>
      <trkpt lat="47.491351" lon="12.196538">
        <ele>856.5</ele>
      </trkpt>
      <trkpt lat="47.49141" lon="12.196506">
        <ele>854.75</ele>
      </trkpt>
      <trkpt lat="47.491484" lon="12.196411">
        <ele>853.25</ele>
      </trkpt>
      <trkpt lat="47.491578" lon="12.196335">
        <ele>852.75</ele>
      </trkpt>
      <trkpt lat="47.491809" lon="12.196312">
        <ele>848</ele>
      </trkpt>
      <trkpt lat="47.491911" lon="12.196227">
        <ele>847.25</ele>
      </trkpt>
      <trkpt lat="47.49199" lon="12.19615">
        <ele>846.75</ele>
      </trkpt>
      <trkpt lat="47.492086" lon="12.196111">
        <ele>844.75</ele>
      </trkpt>
      <trkpt lat="47.492185" lon="12.196103">
        <ele>842.25</ele>
      </trkpt>
      <trkpt lat="47.492364" lon="12.196144">
        <ele>840</ele>
      </trkpt>
      <trkpt lat="47.49255" lon="12.196256">
        <ele>837</ele>
      </trkpt>
      <trkpt lat="47.492641" lon="12.196295">
        <ele>836</ele>
      </trkpt>
      <trkpt lat="47.492773" lon="12.196328">
        <ele>834.75</ele>
      </trkpt>
      <trkpt lat="47.493017" lon="12.196446">
        <ele>829.25</ele>
      </trkpt>
      <trkpt lat="47.493132" lon="12.196484">
        <ele>827</ele>
      </trkpt>
      <trkpt lat="47.493307" lon="12.196473">
        <ele>826.25</ele>
      </trkpt>
      <trkpt lat="47.493453" lon="12.196481">
        <ele>824.75</ele>
      </trkpt>
      <trkpt lat="47.493591" lon="12.19652">
        <ele>822.25</ele>
      </trkpt>
      <trkpt lat="47.493727" lon="12.196584">
        <ele>819.25</ele>
      </trkpt>
      <trkpt lat="47.493787" lon="12.196599">
        <ele>819</ele>
      </trkpt>
      <trkpt lat="47.493833" lon="12.19659">
        <ele>819.25</ele>
      </trkpt>
      <trkpt lat="47.493881" lon="12.196549">
        <ele>819.25</ele>
      </trkpt>
      <trkpt lat="47.49393" lon="12.196455">
        <ele>817.5</ele>
      </trkpt>
      <trkpt lat="47.494023" lon="12.196078">
        <ele>814</ele>
      </trkpt>
      <trkpt lat="47.494068" lon="12.196032">
        <ele>814.5</ele>
      </trkpt>
      <trkpt lat="47.494111" lon="12.196019">
        <ele>813.75</ele>
      </trkpt>
      <trkpt lat="47.494377" lon="12.196023">
        <ele>806.25</ele>
      </trkpt>
      <trkpt lat="47.494438" lon="12.195991">
        <ele>805.5</ele>
      </trkpt>
      <trkpt lat="47.494481" lon="12.195934">
        <ele>805</ele>
      </trkpt>
      <trkpt lat="47.494524" lon="12.195829">
        <ele>805</ele>
      </trkpt>
      <trkpt lat="47.49456" lon="12.195451">
        <ele>803.75</ele>
      </trkpt>
      <trkpt lat="47.494593" lon="12.195378">
        <ele>803.25</ele>
      </trkpt>
      <trkpt lat="47.494645" lon="12.19533">
        <ele>801.75</ele>
      </trkpt>
      <trkpt lat="47.494762" lon="12.195274">
        <ele>798.25</ele>
      </trkpt>
      <trkpt lat="47.494854" lon="12.195202">
        <ele>796.75</ele>
      </trkpt>
      <trkpt lat="47.494937" lon="12.195105">
        <ele>796.75</ele>
      </trkpt>
      <trkpt lat="47.495006" lon="12.195073">
        <ele>795</ele>
      </trkpt>
      <trkpt lat="47.495086" lon="12.195065">
        <ele>793.5</ele>
      </trkpt>
      <trkpt lat="47.495263" lon="12.195067">
        <ele>789.5</ele>
      </trkpt>
      <trkpt lat="47.495369" lon="12.195088">
        <ele>787</ele>
      </trkpt>
      <trkpt lat="47.495417" lon="12.195088">
        <ele>786.25</ele>
      </trkpt>
      <trkpt lat="47.495448" lon="12.195066">
        <ele>786.5</ele>
      </trkpt>
      <trkpt lat="47.495469" lon="12.195041">
        <ele>786.75</ele>
      </trkpt>
      <trkpt lat="47.495479" lon="12.194996">
        <ele>787.5</ele>
      </trkpt>
      <trkpt lat="47.495486" lon="12.194908">
        <ele>786.5</ele>
      </trkpt>
      <trkpt lat="47.495478" lon="12.194792">
        <ele>785.5</ele>
      </trkpt>
      <trkpt lat="47.495456" lon="12.194743">
        <ele>785.5</ele>
      </trkpt>
      <trkpt lat="47.495449" lon="12.194686">
        <ele>784.5</ele>
      </trkpt>
      <trkpt lat="47.495464" lon="12.194632">
        <ele>782.75</ele>
      </trkpt>
      <trkpt lat="47.495499" lon="12.194615">
        <ele>781.5</ele>
      </trkpt>
      <trkpt lat="47.495538" lon="12.194631">
        <ele>781</ele>
      </trkpt>
      <trkpt lat="47.495633" lon="12.194699">
        <ele>779</ele>
      </trkpt>
      <trkpt lat="47.495714" lon="12.194829">
        <ele>777.5</ele>
      </trkpt>
      <trkpt lat="47.495774" lon="12.195004">
        <ele>777.25</ele>
      </trkpt>
      <trkpt lat="47.495792" lon="12.195214">
        <ele>774.75</ele>
      </trkpt>
      <trkpt lat="47.495782" lon="12.195313">
        <ele>773</ele>
      </trkpt>
      <trkpt lat="47.495759" lon="12.195374">
        <ele>771.25</ele>
      </trkpt>
      <trkpt lat="47.495429" lon="12.19555">
        <ele>770</ele>
      </trkpt>
      <trkpt lat="47.495369" lon="12.195626">
        <ele>768.75</ele>
      </trkpt>
      <trkpt lat="47.495316" lon="12.19576">
        <ele>767.25</ele>
      </trkpt>
      <trkpt lat="47.495296" lon="12.195903">
        <ele>766.25</ele>
      </trkpt>
      <trkpt lat="47.495304" lon="12.196007">
        <ele>766</ele>
      </trkpt>
      <trkpt lat="47.495418" lon="12.19643">
        <ele>762.5</ele>
      </trkpt>
      <trkpt lat="47.495435" lon="12.196548">
        <ele>760.25</ele>
      </trkpt>
      <trkpt lat="47.495419" lon="12.196858">
        <ele>757.5</ele>
      </trkpt>
      <trkpt lat="47.495432" lon="12.197339">
        <ele>751</ele>
      </trkpt>
      <trkpt lat="47.495411" lon="12.197457">
        <ele>750.5</ele>
      </trkpt>
      <trkpt lat="47.495366" lon="12.197538">
        <ele>750.75</ele>
      </trkpt>
      <trkpt lat="47.495277" lon="12.197643">
        <ele>749.75</ele>
      </trkpt>
      <trkpt lat="47.495155" lon="12.197786">
        <ele>747.75</ele>
      </trkpt>
      <trkpt lat="47.495002" lon="12.198044">
        <ele>746.25</ele>
      </trkpt>
      <trkpt lat="47.494953" lon="12.198242">
        <ele>745</ele>
      </trkpt>
      <trkpt lat="47.494932" lon="12.19842">
        <ele>743.25</ele>
      </trkpt>
      <trkpt lat="47.494926" lon="12.198486">
        <ele>742.5</ele>
      </trkpt>
      <trkpt lat="47.494875" lon="12.198567">
        <ele>742</ele>
      </trkpt>
      <trkpt lat="47.494815" lon="12.198664">
        <ele>742</ele>
      </trkpt>
      <trkpt lat="47.494743" lon="12.198804">
        <ele>744</ele>
      </trkpt>
      <trkpt lat="47.494815" lon="12.198664">
        <ele>742</ele>
      </trkpt>
      <trkpt lat="47.494875" lon="12.198567">
        <ele>742</ele>
      </trkpt>
      <trkpt lat="47.494926" lon="12.198486">
        <ele>742.5</ele>
      </trkpt>
      <trkpt lat="47.494932" lon="12.19842">
        <ele>743.25</ele>
      </trkpt>
      <trkpt lat="47.495051" lon="12.198437">
        <ele>741.5</ele>
      </trkpt>
      <trkpt lat="47.495187" lon="12.19842">
        <ele>740.5</ele>
      </trkpt>
      <trkpt lat="47.495446" lon="12.19848">
        <ele>738.25</ele>
      </trkpt>
      <trkpt lat="47.495875" lon="12.198625">
        <ele>736.5</ele>
      </trkpt>
      <trkpt lat="47.49595" lon="12.198638">
        <ele>735.75</ele>
      </trkpt>
      <trkpt lat="47.496209" lon="12.198685">
        <ele>733</ele>
      </trkpt>
      <trkpt lat="47.496539" lon="12.198674">
        <ele>730.5</ele>
      </trkpt>
      <trkpt lat="47.497264" lon="12.198537">
        <ele>725.5</ele>
      </trkpt>
      <trkpt lat="47.497261" lon="12.198663">
        <ele>725.25</ele>
      </trkpt>
      <trkpt lat="47.497274" lon="12.198767">
        <ele>725.25</ele>
      </trkpt>
      <trkpt lat="47.497274" lon="12.19885">
        <ele>725.5</ele>
      </trkpt>
      <trkpt lat="47.497286" lon="12.198975">
        <ele>725.5</ele>
      </trkpt>
      <trkpt lat="47.497258" lon="12.199068">
        <ele>725.5</ele>
      </trkpt>
      <trkpt lat="47.497264" lon="12.199192">
        <ele>725.75</ele>
      </trkpt>
      <trkpt lat="47.497276" lon="12.199378">
        <ele>726.25</ele>
      </trkpt>
      <trkpt lat="47.497294" lon="12.19959">
        <ele>727.75</ele>
      </trkpt>
      <trkpt lat="47.497307" lon="12.19974">
        <ele>729</ele>
      </trkpt>
      <trkpt lat="47.497343" lon="12.199937">
        <ele>730.75</ele>
      </trkpt>
      <trkpt lat="47.497418" lon="12.200165">
        <ele>730.5</ele>
      </trkpt>
      <trkpt lat="47.497481" lon="12.200256">
        <ele>729.25</ele>
      </trkpt>
      <trkpt lat="47.497722" lon="12.200473">
        <ele>727</ele>
      </trkpt>
      <trkpt lat="47.497757" lon="12.200494">
        <ele>726.25</ele>
      </trkpt>
      <trkpt lat="47.497896" lon="12.200506">
        <ele>724.75</ele>
      </trkpt>
      <trkpt lat="47.498024" lon="12.20059">
        <ele>724.5</ele>
      </trkpt>
      <trkpt lat="47.498088" lon="12.200667">
        <ele>724.75</ele>
      </trkpt>
      <trkpt lat="47.498319" lon="12.200764">
        <ele>723.5</ele>
      </trkpt>
      <trkpt lat="47.498535" lon="12.200819">
        <ele>722.25</ele>
      </trkpt>
      <trkpt lat="47.498748" lon="12.200851">
        <ele>720</ele>
      </trkpt>
      <trkpt lat="47.498893" lon="12.201387">
        <ele>721.75</ele>
      </trkpt>
      <trkpt lat="47.498968" lon="12.201339">
        <ele>720.5</ele>
      </trkpt>
      <trkpt lat="47.499217" lon="12.20132">
        <ele>716.75</ele>
      </trkpt>
      <trkpt lat="47.499607" lon="12.201262">
        <ele>712</ele>
      </trkpt>
      <trkpt lat="47.499739" lon="12.201272">
        <ele>710.75</ele>
      </trkpt>
      <trkpt lat="47.499945" lon="12.201307">
        <ele>708.5</ele>
      </trkpt>
      <trkpt lat="47.500143" lon="12.201384">
        <ele>706.25</ele>
      </trkpt>
      <trkpt lat="47.500275" lon="12.201461">
        <ele>705.25</ele>
      </trkpt>
      <trkpt lat="47.500414" lon="12.201567">
        <ele>704.75</ele>
      </trkpt>
      <trkpt lat="47.50054" lon="12.201683">
        <ele>704</ele>
      </trkpt>
      <trkpt lat="47.50126" lon="12.202505">
        <ele>699.25</ele>
      </trkpt>
      <trkpt lat="47.501345" lon="12.202543">
        <ele>698.5</ele>
      </trkpt>
      <trkpt lat="47.501421" lon="12.202516">
        <ele>697.75</ele>
      </trkpt>
      <trkpt lat="47.501637" lon="12.202334">
        <ele>697</ele>
      </trkpt>
      <trkpt lat="47.501734" lon="12.202295">
        <ele>696.75</ele>
      </trkpt>
      <trkpt lat="47.501823" lon="12.202288">
        <ele>696.25</ele>
      </trkpt>
      <trkpt lat="47.501915" lon="12.202304">
        <ele>696</ele>
      </trkpt>
      <trkpt lat="47.502013" lon="12.202373">
        <ele>695.75</ele>
      </trkpt>
      <trkpt lat="47.502062" lon="12.202418">
        <ele>695.75</ele>
      </trkpt>
      <trkpt lat="47.502117" lon="12.202469">
        <ele>695.75</ele>
      </trkpt>
      <trkpt lat="47.502199" lon="12.202562">
        <ele>695.75</ele>
      </trkpt>
      <trkpt lat="47.502251" lon="12.202668">
        <ele>695.25</ele>
      </trkpt>
      <trkpt lat="47.502287" lon="12.202791">
        <ele>694.5</ele>
      </trkpt>
      <trkpt lat="47.502561" lon="12.202842">
        <ele>693.25</ele>
      </trkpt>
      <trkpt lat="47.502764" lon="12.20287">
        <ele>692.5</ele>
      </trkpt>
      <trkpt lat="47.502849" lon="12.202864">
        <ele>692.25</ele>
      </trkpt>
      <trkpt lat="47.502918" lon="12.202835">
        <ele>691.75</ele>
      </trkpt>
      <trkpt lat="47.502979" lon="12.202777">
        <ele>691.5</ele>
      </trkpt>
      <trkpt lat="47.503057" lon="12.202678">
        <ele>690.5</ele>
      </trkpt>
      <trkpt lat="47.503164" lon="12.202473">
        <ele>689.25</ele>
      </trkpt>
      <trkpt lat="47.503312" lon="12.202217">
        <ele>689</ele>
      </trkpt>
      <trkpt lat="47.503903" lon="12.201451">
        <ele>685.5</ele>
      </trkpt>
      <trkpt lat="47.504106" lon="12.201152">
        <ele>684</ele>
      </trkpt>
      <trkpt lat="47.504174" lon="12.201079">
        <ele>683.75</ele>
      </trkpt>
      <trkpt lat="47.504274" lon="12.201013">
        <ele>683</ele>
      </trkpt>
      <trkpt lat="47.504376" lon="12.200971">
        <ele>682.25</ele>
      </trkpt>
      <trkpt lat="47.504434" lon="12.200975">
        <ele>682</ele>
      </trkpt>
      <trkpt lat="47.505241" lon="12.201229">
        <ele>678.75</ele>
      </trkpt>
      <trkpt lat="47.505469" lon="12.202174">
        <ele>674.5</ele>
      </trkpt>
      <trkpt lat="47.505696" lon="12.20291">
        <ele>672</ele>
      </trkpt>
      <trkpt lat="47.505884" lon="12.203443">
        <ele>671.25</ele>
      </trkpt>
      <trkpt lat="47.506059" lon="12.20381">
        <ele>671.75</ele>
      </trkpt>
      <trkpt lat="47.5061" lon="12.203897">
        <ele>672</ele>
      </trkpt>
      <trkpt lat="47.50625" lon="12.204145">
        <ele>671.25</ele>
      </trkpt>
      <trkpt lat="47.506396" lon="12.204362">
        <ele>671.75</ele>
      </trkpt>
      <trkpt lat="47.50643" lon="12.204426">
        <ele>672.75</ele>
      </trkpt>
      <trkpt lat="47.506458" lon="12.20448">
        <ele>673.75</ele>
      </trkpt>
      <trkpt lat="47.506562" lon="12.204846">
        <ele>679.25</ele>
      </trkpt>
      <trkpt lat="47.506594" lon="12.205016">
        <ele>680.5</ele>
      </trkpt>
      <trkpt lat="47.506606" lon="12.205172">
        <ele>680.75</ele>
      </trkpt>
      <trkpt lat="47.506603" lon="12.205437">
        <ele>680.75</ele>
      </trkpt>
      <trkpt lat="47.506618" lon="12.205692">
        <ele>681.25</ele>
      </trkpt>
      <trkpt lat="47.506688" lon="12.206222">
        <ele>683.25</ele>
      </trkpt>
      <trkpt lat="47.506751" lon="12.206502">
        <ele>683.75</ele>
      </trkpt>
      <trkpt lat="47.506891" lon="12.206979">
        <ele>686.25</ele>
      </trkpt>
      <trkpt lat="47.506946" lon="12.207114">
        <ele>687</ele>
      </trkpt>
      <trkpt lat="47.507042" lon="12.20732">
        <ele>688.25</ele>
      </trkpt>
      <trkpt lat="47.507252" lon="12.207698">
        <ele>690.5</ele>
      </trkpt>
      <trkpt lat="47.507292" lon="12.207792">
        <ele>690.5</ele>
      </trkpt>
      <trkpt lat="47.507267" lon="12.207861">
        <ele>690.5</ele>
      </trkpt>
      <trkpt lat="47.507439" lon="12.208988">
        <ele>694.5</ele>
      </trkpt>
      <trkpt lat="47.507466" lon="12.209455">
        <ele>694.75</ele>
      </trkpt>
      <trkpt lat="47.507477" lon="12.209792">
        <ele>696</ele>
      </trkpt>
      <trkpt lat="47.507501" lon="12.2101">
        <ele>697</ele>
      </trkpt>
      <trkpt lat="47.507552" lon="12.21057">
        <ele>699.5</ele>
      </trkpt>
      <trkpt lat="47.507599" lon="12.210878">
        <ele>701</ele>
      </trkpt>
      <trkpt lat="47.507672" lon="12.211255">
        <ele>701.5</ele>
      </trkpt>
      <trkpt lat="47.507735" lon="12.21163">
        <ele>701</ele>
      </trkpt>
      <trkpt lat="47.507762" lon="12.211743">
        <ele>701</ele>
      </trkpt>
      <trkpt lat="47.507837" lon="12.212038">
        <ele>701.5</ele>
      </trkpt>
      <trkpt lat="47.507909" lon="12.212315">
        <ele>702.25</ele>
      </trkpt>
      <trkpt lat="47.507945" lon="12.212406">
        <ele>702.5</ele>
      </trkpt>
      <trkpt lat="47.508056" lon="12.212652">
        <ele>703.5</ele>
      </trkpt>
      <trkpt lat="47.508312" lon="12.213256">
        <ele>706</ele>
      </trkpt>
      <trkpt lat="47.508644" lon="12.21438">
        <ele>706.25</ele>
      </trkpt>
      <trkpt lat="47.508866" lon="12.214905">
        <ele>706.25</ele>
      </trkpt>
      <trkpt lat="47.509207" lon="12.215646">
        <ele>704.5</ele>
      </trkpt>
      <trkpt lat="47.509422" lon="12.216038">
        <ele>702.75</ele>
      </trkpt>
      <trkpt lat="47.50989" lon="12.216627">
        <ele>699.75</ele>
      </trkpt>
      <trkpt lat="47.51005" lon="12.216813">
        <ele>698.75</ele>
      </trkpt>
      <trkpt lat="47.510142" lon="12.216876">
        <ele>698</ele>
      </trkpt>
      <trkpt lat="47.510346" lon="12.216975">
        <ele>696.75</ele>
      </trkpt>
      <trkpt lat="47.510431" lon="12.217021">
        <ele>696.5</ele>
      </trkpt>
      <trkpt lat="47.510515" lon="12.217082">
        <ele>696</ele>
      </trkpt>
      <trkpt lat="47.510577" lon="12.21715">
        <ele>695.75</ele>
      </trkpt>
      <trkpt lat="47.510685" lon="12.217296">
        <ele>695.25</ele>
      </trkpt>
      <trkpt lat="47.510751" lon="12.217409">
        <ele>695.25</ele>
      </trkpt>
      <trkpt lat="47.510871" lon="12.21765">
        <ele>695</ele>
      </trkpt>
      <trkpt lat="47.510946" lon="12.217756">
        <ele>694.5</ele>
      </trkpt>
      <trkpt lat="47.511031" lon="12.217824">
        <ele>694</ele>
      </trkpt>
      <trkpt lat="47.511139" lon="12.217929">
        <ele>693.25</ele>
      </trkpt>
      <trkpt lat="47.511541" lon="12.218207">
        <ele>690.75</ele>
      </trkpt>
      <trkpt lat="47.511857" lon="12.218355">
        <ele>688.5</ele>
      </trkpt>
      <trkpt lat="47.512113" lon="12.218494">
        <ele>687</ele>
      </trkpt>
      <trkpt lat="47.512287" lon="12.218641">
        <ele>685.25</ele>
      </trkpt>
      <trkpt lat="47.51246" lon="12.218748">
        <ele>684.25</ele>
      </trkpt>
      <trkpt lat="47.512562" lon="12.21877">
        <ele>683.75</ele>
      </trkpt>
      <trkpt lat="47.512724" lon="12.21879">
        <ele>683.25</ele>
      </trkpt>
      <trkpt lat="47.512884" lon="12.218884">
        <ele>683.5</ele>
      </trkpt>
      <trkpt lat="47.513072" lon="12.219025">
        <ele>683.25</ele>
      </trkpt>
      <trkpt lat="47.513203" lon="12.21915">
        <ele>682.25</ele>
      </trkpt>
      <trkpt lat="47.513491" lon="12.219431">
        <ele>679.25</ele>
      </trkpt>
      <trkpt lat="47.513689" lon="12.219689">
        <ele>675.5</ele>
      </trkpt>
      <trkpt lat="47.5138" lon="12.219874">
        <ele>673.75</ele>
      </trkpt>
      <trkpt lat="47.513958" lon="12.220082">
        <ele>671</ele>
      </trkpt>
      <trkpt lat="47.5141" lon="12.220254">
        <ele>669.5</ele>
      </trkpt>
      <trkpt lat="47.514146" lon="12.220344">
        <ele>668.75</ele>
      </trkpt>
      <trkpt lat="47.514169" lon="12.220454">
        <ele>668.25</ele>
      </trkpt>
      <trkpt lat="47.514259" lon="12.221669">
        <ele>667.5</ele>
      </trkpt>
      <trkpt lat="47.514298" lon="12.222103">
        <ele>669</ele>
      </trkpt>
      <trkpt lat="47.514321" lon="12.222199">
        <ele>669</ele>
      </trkpt>
      <trkpt lat="47.514364" lon="12.222254">
        <ele>668</ele>
      </trkpt>
      <trkpt lat="47.514407" lon="12.222277">
        <ele>667</ele>
      </trkpt>
      <trkpt lat="47.51446" lon="12.222265">
        <ele>665.5</ele>
      </trkpt>
      <trkpt lat="47.514551" lon="12.222184">
        <ele>664</ele>
      </trkpt>
      <trkpt lat="47.514661" lon="12.221947">
        <ele>662</ele>
      </trkpt>
      <trkpt lat="47.514759" lon="12.221684">
        <ele>661.5</ele>
      </trkpt>
      <trkpt lat="47.514894" lon="12.221275">
        <ele>659.75</ele>
      </trkpt>
      <trkpt lat="47.514935" lon="12.221213">
        <ele>659.5</ele>
      </trkpt>
      <trkpt lat="47.514973" lon="12.221179">
        <ele>659.25</ele>
      </trkpt>
      <trkpt lat="47.515011" lon="12.221167">
        <ele>658.75</ele>
      </trkpt>
      <trkpt lat="47.515049" lon="12.221169">
        <ele>658.5</ele>
      </trkpt>
      <trkpt lat="47.515083" lon="12.221191">
        <ele>658</ele>
      </trkpt>
      <trkpt lat="47.515249" lon="12.221368">
        <ele>655.5</ele>
      </trkpt>
      <trkpt lat="47.515291" lon="12.221581">
        <ele>654</ele>
      </trkpt>
      <trkpt lat="47.515317" lon="12.221795">
        <ele>652.75</ele>
      </trkpt>
      <trkpt lat="47.515382" lon="12.22216">
        <ele>653</ele>
      </trkpt>
      <trkpt lat="47.51542" lon="12.222363">
        <ele>654.5</ele>
      </trkpt>
      <trkpt lat="47.515464" lon="12.222519">
        <ele>655.75</ele>
      </trkpt>
      <trkpt lat="47.515549" lon="12.22273">
        <ele>656</ele>
      </trkpt>
      <trkpt lat="47.515712" lon="12.223095">
        <ele>660</ele>
      </trkpt>
      <trkpt lat="47.515992" lon="12.223816">
        <ele>662</ele>
      </trkpt>
      <trkpt lat="47.516107" lon="12.224028">
        <ele>663</ele>
      </trkpt>
      <trkpt lat="47.516349" lon="12.224392">
        <ele>663.75</ele>
      </trkpt>
      <trkpt lat="47.516457" lon="12.224544">
        <ele>663.75</ele>
      </trkpt>
      <trkpt lat="47.516603" lon="12.224632">
        <ele>663.5</ele>
      </trkpt>
      <trkpt lat="47.516668" lon="12.224707">
        <ele>663.75</ele>
      </trkpt>
      <trkpt lat="47.516766" lon="12.224823">
        <ele>665.25</ele>
      </trkpt>
      <trkpt lat="47.516888" lon="12.224902">
        <ele>665.25</ele>
      </trkpt>
      <trkpt lat="47.517006" lon="12.225146">
        <ele>665.25</ele>
      </trkpt>
      <trkpt lat="47.517145" lon="12.225436">
        <ele>665.25</ele>
      </trkpt>
      <trkpt lat="47.517221" lon="12.225583">
        <ele>665</ele>
      </trkpt>
      <trkpt lat="47.51724" lon="12.225621">
        <ele>665</ele>
      </trkpt>
      <trkpt lat="47.517292" lon="12.225675">
        <ele>664.5</ele>
      </trkpt>
      <trkpt lat="47.51737" lon="12.225723">
        <ele>663.5</ele>
      </trkpt>
      <trkpt lat="47.517483" lon="12.225734">
        <ele>661.75</ele>
      </trkpt>
      <trkpt lat="47.517605" lon="12.225796">
        <ele>657</ele>
      </trkpt>
      <trkpt lat="47.517835" lon="12.226083">
        <ele>653.5</ele>
      </trkpt>
      <trkpt lat="47.518251" lon="12.226635">
        <ele>647.5</ele>
      </trkpt>
      <trkpt lat="47.518332" lon="12.226771">
        <ele>646.25</ele>
      </trkpt>
      <trkpt lat="47.518481" lon="12.226856">
        <ele>645.5</ele>
      </trkpt>
      <trkpt lat="47.518634" lon="12.227138">
        <ele>644.5</ele>
      </trkpt>
      <trkpt lat="47.518797" lon="12.227509">
        <ele>644.25</ele>
      </trkpt>
      <trkpt lat="47.519249" lon="12.228874">
        <ele>645.5</ele>
      </trkpt>
      <trkpt lat="47.519329" lon="12.229134">
        <ele>645.25</ele>
      </trkpt>
      <trkpt lat="47.519446" lon="12.22959">
        <ele>646.5</ele>
      </trkpt>
      <trkpt lat="47.519607" lon="12.230004">
        <ele>646.75</ele>
      </trkpt>
      <trkpt lat="47.519748" lon="12.230312">
        <ele>648</ele>
      </trkpt>
      <trkpt lat="47.520172" lon="12.231547">
        <ele>650.25</ele>
      </trkpt>
      <trkpt lat="47.520219" lon="12.231706">
        <ele>650.75</ele>
      </trkpt>
      <trkpt lat="47.520264" lon="12.231923">
        <ele>651.75</ele>
      </trkpt>
      <trkpt lat="47.520355" lon="12.232711">
        <ele>652.75</ele>
      </trkpt>
      <trkpt lat="47.520384" lon="12.232887">
        <ele>653</ele>
      </trkpt>
      <trkpt lat="47.520429" lon="12.233058">
        <ele>653</ele>
      </trkpt>
      <trkpt lat="47.520553" lon="12.233454">
        <ele>654.25</ele>
      </trkpt>
      <trkpt lat="47.52087" lon="12.234286">
        <ele>656.75</ele>
      </trkpt>
      <trkpt lat="47.521111" lon="12.234959">
        <ele>658</ele>
      </trkpt>
      <trkpt lat="47.521135" lon="12.235047">
        <ele>657.75</ele>
      </trkpt>
      <trkpt lat="47.521173" lon="12.235375">
        <ele>658</ele>
      </trkpt>
      <trkpt lat="47.5213" lon="12.237136">
        <ele>661</ele>
      </trkpt>
      <trkpt lat="47.52134" lon="12.237541">
        <ele>662</ele>
      </trkpt>
      <trkpt lat="47.521355" lon="12.237921">
        <ele>662</ele>
      </trkpt>
      <trkpt lat="47.521382" lon="12.238273">
        <ele>662.75</ele>
      </trkpt>
      <trkpt lat="47.521426" lon="12.238736">
        <ele>664</ele>
      </trkpt>
      <trkpt lat="47.521432" lon="12.239066">
        <ele>665</ele>
      </trkpt>
      <trkpt lat="47.52142" lon="12.239291">
        <ele>665.5</ele>
      </trkpt>
      <trkpt lat="47.521387" lon="12.239526">
        <ele>666</ele>
      </trkpt>
      <trkpt lat="47.521327" lon="12.23979">
        <ele>666.75</ele>
      </trkpt>
      <trkpt lat="47.521154" lon="12.240449">
        <ele>668.5</ele>
      </trkpt>
      <trkpt lat="47.521118" lon="12.240549">
        <ele>668.75</ele>
      </trkpt>
      <trkpt lat="47.520946" lon="12.240921">
        <ele>669.5</ele>
      </trkpt>
      <trkpt lat="47.520877" lon="12.240975">
        <ele>670.25</ele>
      </trkpt>
      <trkpt lat="47.520876" lon="12.241078">
        <ele>669.5</ele>
      </trkpt>
      <trkpt lat="47.520863" lon="12.241401">
        <ele>669.5</ele>
      </trkpt>
      <trkpt lat="47.520817" lon="12.241807">
        <ele>669</ele>
      </trkpt>
      <trkpt lat="47.520764" lon="12.242185">
        <ele>668.5</ele>
      </trkpt>
      <trkpt lat="47.520696" lon="12.2426">
        <ele>670</ele>
      </trkpt>
      <trkpt lat="47.520658" lon="12.24285">
        <ele>670.5</ele>
      </trkpt>
      <trkpt lat="47.520642" lon="12.243002">
        <ele>670.5</ele>
      </trkpt>
      <trkpt lat="47.520642" lon="12.243147">
        <ele>670.75</ele>
      </trkpt>
      <trkpt lat="47.520669" lon="12.243595">
        <ele>671</ele>
      </trkpt>
      <trkpt lat="47.520708" lon="12.243878">
        <ele>671.75</ele>
      </trkpt>
      <trkpt lat="47.520751" lon="12.244065">
        <ele>671.5</ele>
      </trkpt>
      <trkpt lat="47.520798" lon="12.244191">
        <ele>671.25</ele>
      </trkpt>
      <trkpt lat="47.520866" lon="12.244371">
        <ele>672.5</ele>
      </trkpt>
      <trkpt lat="47.520894" lon="12.24447">
        <ele>673</ele>
      </trkpt>
      <trkpt lat="47.520907" lon="12.244589">
        <ele>673.25</ele>
      </trkpt>
      <trkpt lat="47.520905" lon="12.244738">
        <ele>673.75</ele>
      </trkpt>
      <trkpt lat="47.52088" lon="12.24493">
        <ele>674</ele>
      </trkpt>
      <trkpt lat="47.520875" lon="12.244952">
        <ele>674</ele>
      </trkpt>
      <trkpt lat="47.520774" lon="12.245407">
        <ele>676</ele>
      </trkpt>
      <trkpt lat="47.520742" lon="12.245628">
        <ele>677.5</ele>
      </trkpt>
      <trkpt lat="47.520585" lon="12.245592">
        <ele>677.25</ele>
      </trkpt>
      <trkpt lat="47.520397" lon="12.245529">
        <ele>676.75</ele>
      </trkpt>
      <trkpt lat="47.520145" lon="12.245519">
        <ele>676.75</ele>
      </trkpt>
      <trkpt lat="47.520111" lon="12.245532">
        <ele>676.75</ele>
      </trkpt>
      <trkpt lat="47.52002" lon="12.245655">
        <ele>678</ele>
      </trkpt>
      <trkpt lat="47.519913" lon="12.245871">
        <ele>677.25</ele>
      </trkpt>
      <trkpt lat="47.519878" lon="12.245945">
        <ele>676.75</ele>
      </trkpt>
      <trkpt lat="47.519881" lon="12.245992">
        <ele>677</ele>
      </trkpt>
      <trkpt lat="47.520009" lon="12.246352">
        <ele>677.5</ele>
      </trkpt>
      <trkpt lat="47.520051" lon="12.24645">
        <ele>677.75</ele>
      </trkpt>
      <trkpt lat="47.520052" lon="12.246509">
        <ele>677.75</ele>
      </trkpt>
      <trkpt lat="47.520038" lon="12.246557">
        <ele>677.5</ele>
      </trkpt>
      <trkpt lat="47.519973" lon="12.246708">
        <ele>677.25</ele>
      </trkpt>
      <trkpt lat="47.519902" lon="12.246765">
        <ele>677.5</ele>
      </trkpt>
      <trkpt lat="47.519903" lon="12.247015">
        <ele>679</ele>
      </trkpt>
      <trkpt lat="47.519922" lon="12.247282">
        <ele>679</ele>
      </trkpt>
      <trkpt lat="47.520198" lon="12.248674">
        <ele>681</ele>
      </trkpt>
      <trkpt lat="47.520474" lon="12.250352">
        <ele>684</ele>
      </trkpt>
      <trkpt lat="47.520521" lon="12.250414">
        <ele>684.25</ele>
      </trkpt>
      <trkpt lat="47.520572" lon="12.250441">
        <ele>684.5</ele>
      </trkpt>
      <trkpt lat="47.520516" lon="12.251388">
        <ele>689.25</ele>
      </trkpt>
      <trkpt lat="47.520492" lon="12.251807">
        <ele>690</ele>
      </trkpt>
      <trkpt lat="47.520555" lon="12.252291">
        <ele>692.25</ele>
      </trkpt>
      <trkpt lat="47.520595" lon="12.252465">
        <ele>691.75</ele>
      </trkpt>
      <trkpt lat="47.52059" lon="12.252559">
        <ele>691.5</ele>
      </trkpt>
      <trkpt lat="47.520569" lon="12.252606">
        <ele>691.75</ele>
      </trkpt>
      <trkpt lat="47.520526" lon="12.252671">
        <ele>692</ele>
      </trkpt>
      <trkpt lat="47.520432" lon="12.252777">
        <ele>693</ele>
      </trkpt>
      <trkpt lat="47.520352" lon="12.252856">
        <ele>694.25</ele>
      </trkpt>
      <trkpt lat="47.520207" lon="12.252975">
        <ele>696</ele>
      </trkpt>
      <trkpt lat="47.520097" lon="12.253272">
        <ele>696.5</ele>
      </trkpt>
      <trkpt lat="47.520079" lon="12.253369">
        <ele>696.25</ele>
      </trkpt>
      <trkpt lat="47.520142" lon="12.25337">
        <ele>695.25</ele>
      </trkpt>
      <trkpt lat="47.520249" lon="12.253383">
        <ele>693.75</ele>
      </trkpt>
      <trkpt lat="47.520313" lon="12.25338">
        <ele>693</ele>
      </trkpt>
      <trkpt lat="47.520367" lon="12.253359">
        <ele>692.75</ele>
      </trkpt>
      <trkpt lat="47.520355" lon="12.253528">
        <ele>693.75</ele>
      </trkpt>
      <trkpt lat="47.520369" lon="12.253681">
        <ele>694.75</ele>
      </trkpt>
      <trkpt lat="47.520386" lon="12.253759">
        <ele>695.5</ele>
      </trkpt>
      <trkpt lat="47.520433" lon="12.253876">
        <ele>696.75</ele>
      </trkpt>
      <trkpt lat="47.520536" lon="12.254174">
        <ele>698.25</ele>
      </trkpt>
      <trkpt lat="47.520595" lon="12.254293">
        <ele>698.25</ele>
      </trkpt>
      <trkpt lat="47.520651" lon="12.254313">
        <ele>697.5</ele>
      </trkpt>
      <trkpt lat="47.520864" lon="12.254296">
        <ele>694</ele>
      </trkpt>
      <trkpt lat="47.520898" lon="12.254275">
        <ele>693.5</ele>
      </trkpt>
      <trkpt lat="47.520947" lon="12.254228">
        <ele>692.75</ele>
      </trkpt>
      <trkpt lat="47.521016" lon="12.254203">
        <ele>692.25</ele>
      </trkpt>
      <trkpt lat="47.521094" lon="12.254199">
        <ele>692</ele>
      </trkpt>
      <trkpt lat="47.521523" lon="12.254192">
        <ele>690</ele>
      </trkpt>
      <trkpt lat="47.521565" lon="12.25421">
        <ele>690</ele>
      </trkpt>
      <trkpt lat="47.521631" lon="12.254305">
        <ele>690</ele>
      </trkpt>
      <trkpt lat="47.521702" lon="12.254876">
        <ele>690.75</ele>
      </trkpt>
      <trkpt lat="47.52181" lon="12.254929">
        <ele>690.75</ele>
      </trkpt>
      <trkpt lat="47.521841" lon="12.254964">
        <ele>690.75</ele>
      </trkpt>
      <trkpt lat="47.52186" lon="12.255111">
        <ele>691</ele>
      </trkpt>
      <trkpt lat="47.521855" lon="12.255185">
        <ele>691.25</ele>
      </trkpt>
      <trkpt lat="47.521784" lon="12.255525">
        <ele>692.75</ele>
      </trkpt>
      <trkpt lat="47.521872" lon="12.255683">
        <ele>693</ele>
      </trkpt>
      <trkpt lat="47.52172" lon="12.255938">
        <ele>693</ele>
      </trkpt>
      <trkpt lat="47.521644" lon="12.256868">
        <ele>694.75</ele>
      </trkpt>
      <trkpt lat="47.521605" lon="12.257268">
        <ele>696.25</ele>
      </trkpt>
      <trkpt lat="47.521557" lon="12.257643">
        <ele>697</ele>
      </trkpt>
      <trkpt lat="47.521511" lon="12.257935">
        <ele>697.75</ele>
      </trkpt>
      <trkpt lat="47.521466" lon="12.258286">
        <ele>698</ele>
      </trkpt>
      <trkpt lat="47.52144" lon="12.25873">
        <ele>698.75</ele>
      </trkpt>
      <trkpt lat="47.521444" lon="12.258949">
        <ele>699</ele>
      </trkpt>
      <trkpt lat="47.521452" lon="12.259821">
        <ele>701.25</ele>
      </trkpt>
      <trkpt lat="47.521452" lon="12.26006">
        <ele>702</ele>
      </trkpt>
      <trkpt lat="47.521439" lon="12.260537">
        <ele>702</ele>
      </trkpt>
      <trkpt lat="47.521419" lon="12.26083">
        <ele>702.75</ele>
      </trkpt>
      <trkpt lat="47.521404" lon="12.260916">
        <ele>702.75</ele>
      </trkpt>
      <trkpt lat="47.521282" lon="12.261418">
        <ele>704.25</ele>
      </trkpt>
      <trkpt lat="47.521126" lon="12.261967">
        <ele>705</ele>
      </trkpt>
      <trkpt lat="47.521015" lon="12.262354">
        <ele>707</ele>
      </trkpt>
      <trkpt lat="47.520982" lon="12.262535">
        <ele>707.25</ele>
      </trkpt>
      <trkpt lat="47.520945" lon="12.262743">
        <ele>707</ele>
      </trkpt>
      <trkpt lat="47.520929" lon="12.262946">
        <ele>707.75</ele>
      </trkpt>
      <trkpt lat="47.520926" lon="12.263295">
        <ele>708.25</ele>
      </trkpt>
      <trkpt lat="47.520915" lon="12.265256">
        <ele>711</ele>
      </trkpt>
      <trkpt lat="47.520943" lon="12.265364">
        <ele>710.5</ele>
      </trkpt>
      <trkpt lat="47.52104" lon="12.265612">
        <ele>711</ele>
      </trkpt>
      <trkpt lat="47.521089" lon="12.265816">
        <ele>711</ele>
      </trkpt>
      <trkpt lat="47.521137" lon="12.266079">
        <ele>712</ele>
      </trkpt>
      <trkpt lat="47.52117" lon="12.26617">
        <ele>712.5</ele>
      </trkpt>
      <trkpt lat="47.521128" lon="12.266544">
        <ele>713</ele>
      </trkpt>
      <trkpt lat="47.521068" lon="12.26779">
        <ele>714.5</ele>
      </trkpt>
      <trkpt lat="47.521052" lon="12.267992">
        <ele>714.75</ele>
      </trkpt>
      <trkpt lat="47.520994" lon="12.268254">
        <ele>714.5</ele>
      </trkpt>
      <trkpt lat="47.520877" lon="12.268646">
        <ele>715.5</ele>
      </trkpt>
      <trkpt lat="47.520768" lon="12.268869">
        <ele>716.75</ele>
      </trkpt>
      <trkpt lat="47.520666" lon="12.269137">
        <ele>715.5</ele>
      </trkpt>
      <trkpt lat="47.52065" lon="12.269309">
        <ele>715.25</ele>
      </trkpt>
      <trkpt lat="47.520667" lon="12.269448">
        <ele>715.5</ele>
      </trkpt>
      <trkpt lat="47.520785" lon="12.269835">
        <ele>717.5</ele>
      </trkpt>
      <trkpt lat="47.520886" lon="12.270081">
        <ele>717.25</ele>
      </trkpt>
      <trkpt lat="47.520957" lon="12.270217">
        <ele>718</ele>
      </trkpt>
      <trkpt lat="47.520966" lon="12.270452">
        <ele>718.75</ele>
      </trkpt>
      <trkpt lat="47.520948" lon="12.270477">
        <ele>718.5</ele>
      </trkpt>
      <trkpt lat="47.52085" lon="12.270489">
        <ele>717.75</ele>
      </trkpt>
      <trkpt lat="47.520815" lon="12.270493">
        <ele>717.75</ele>
      </trkpt>
      <trkpt lat="47.520825" lon="12.27089">
        <ele>720</ele>
      </trkpt>
      <trkpt lat="47.520792" lon="12.271616">
        <ele>720.5</ele>
      </trkpt>
      <trkpt lat="47.52082" lon="12.271988">
        <ele>722.25</ele>
      </trkpt>
      <trkpt lat="47.520857" lon="12.272167">
        <ele>722.75</ele>
      </trkpt>
      <trkpt lat="47.520845" lon="12.272286">
        <ele>723.25</ele>
      </trkpt>
      <trkpt lat="47.520855" lon="12.27238">
        <ele>724</ele>
      </trkpt>
      <trkpt lat="47.520936" lon="12.272691">
        <ele>724.25</ele>
      </trkpt>
      <trkpt lat="47.520999" lon="12.273035">
        <ele>723.25</ele>
      </trkpt>
      <trkpt lat="47.521016" lon="12.273208">
        <ele>723.75</ele>
      </trkpt>
      <trkpt lat="47.521003" lon="12.273385">
        <ele>724.25</ele>
      </trkpt>
      <trkpt lat="47.521011" lon="12.273453">
        <ele>724.25</ele>
      </trkpt>
      <trkpt lat="47.52101" lon="12.27359">
        <ele>724.25</ele>
      </trkpt>
      <trkpt lat="47.520995" lon="12.273725">
        <ele>724.75</ele>
      </trkpt>
      <trkpt lat="47.520926" lon="12.274019">
        <ele>725.5</ele>
      </trkpt>
      <trkpt lat="47.52089" lon="12.274242">
        <ele>725.75</ele>
      </trkpt>
      <trkpt lat="47.520865" lon="12.274348">
        <ele>726</ele>
      </trkpt>
      <trkpt lat="47.520727" lon="12.27479">
        <ele>726.75</ele>
      </trkpt>
      <trkpt lat="47.520655" lon="12.275236">
        <ele>728.25</ele>
      </trkpt>
      <trkpt lat="47.520647" lon="12.275531">
        <ele>729.75</ele>
      </trkpt>
      <trkpt lat="47.520675" lon="12.275819">
        <ele>730.75</ele>
      </trkpt>
      <trkpt lat="47.520666" lon="12.276006">
        <ele>731</ele>
      </trkpt>
      <trkpt lat="47.520648" lon="12.276066">
        <ele>731.25</ele>
      </trkpt>
      <trkpt lat="47.520659" lon="12.276572">
        <ele>732.25</ele>
      </trkpt>
      <trkpt lat="47.520646" lon="12.277268">
        <ele>736.75</ele>
      </trkpt>
      <trkpt lat="47.520651" lon="12.277473">
        <ele>736.75</ele>
      </trkpt>
      <trkpt lat="47.520667" lon="12.277665">
        <ele>737.5</ele>
      </trkpt>
      <trkpt lat="47.520785" lon="12.278532">
        <ele>740</ele>
      </trkpt>
      <trkpt lat="47.520783" lon="12.278619">
        <ele>740.25</ele>
      </trkpt>
      <trkpt lat="47.52076" lon="12.278677">
        <ele>740.5</ele>
      </trkpt>
      <trkpt lat="47.520711" lon="12.278733">
        <ele>741</ele>
      </trkpt>
      <trkpt lat="47.520835" lon="12.279001">
        <ele>740.25</ele>
      </trkpt>
      <trkpt lat="47.520884" lon="12.279171">
        <ele>740.25</ele>
      </trkpt>
      <trkpt lat="47.520906" lon="12.279326">
        <ele>740.25</ele>
      </trkpt>
      <trkpt lat="47.520901" lon="12.279712">
        <ele>742</ele>
      </trkpt>
      <trkpt lat="47.520954" lon="12.280259">
        <ele>744.5</ele>
      </trkpt>
      <trkpt lat="47.52095" lon="12.280412">
        <ele>744.5</ele>
      </trkpt>
      <trkpt lat="47.520839" lon="12.281266">
        <ele>744.75</ele>
      </trkpt>
      <trkpt lat="47.520821" lon="12.281523">
        <ele>745.5</ele>
      </trkpt>
      <trkpt lat="47.520852" lon="12.281727">
        <ele>745.5</ele>
      </trkpt>
      <trkpt lat="47.520913" lon="12.281928">
        <ele>745</ele>
      </trkpt>
      <trkpt lat="47.520935" lon="12.281995">
        <ele>745</ele>
      </trkpt>
      <trkpt lat="47.52104" lon="12.282279">
        <ele>746</ele>
      </trkpt>
      <trkpt lat="47.52109" lon="12.282354">
        <ele>746.25</ele>
      </trkpt>
      <trkpt lat="47.521218" lon="12.282481">
        <ele>746.5</ele>
      </trkpt>
      <trkpt lat="47.521269" lon="12.282552">
        <ele>746.5</ele>
      </trkpt>
      <trkpt lat="47.521302" lon="12.282631">
        <ele>746.5</ele>
      </trkpt>
      <trkpt lat="47.521321" lon="12.282713">
        <ele>746.75</ele>
      </trkpt>
      <trkpt lat="47.521339" lon="12.283106">
        <ele>747.25</ele>
      </trkpt>
      <trkpt lat="47.521352" lon="12.28318">
        <ele>747.5</ele>
      </trkpt>
      <trkpt lat="47.521377" lon="12.283249">
        <ele>747.5</ele>
      </trkpt>
      <trkpt lat="47.521518" lon="12.283506">
        <ele>747.75</ele>
      </trkpt>
      <trkpt lat="47.521452" lon="12.283605">
        <ele>748</ele>
      </trkpt>
      <trkpt lat="47.521403" lon="12.283749">
        <ele>748.5</ele>
      </trkpt>
      <trkpt lat="47.521443" lon="12.283848">
        <ele>749</ele>
      </trkpt>
      <trkpt lat="47.521298" lon="12.284221">
        <ele>751.5</ele>
      </trkpt>
      <trkpt lat="47.521198" lon="12.284425">
        <ele>753.25</ele>
      </trkpt>
      <trkpt lat="47.520759" lon="12.285138">
        <ele>755.25</ele>
      </trkpt>
      <trkpt lat="47.520517" lon="12.285575">
        <ele>757</ele>
      </trkpt>
      <trkpt lat="47.520425" lon="12.285593">
        <ele>757</ele>
      </trkpt>
      <trkpt lat="47.520324" lon="12.285803">
        <ele>758</ele>
      </trkpt>
      <trkpt lat="47.520249" lon="12.286013">
        <ele>757.75</ele>
      </trkpt>
      <trkpt lat="47.520177" lon="12.286266">
        <ele>758</ele>
      </trkpt>
      <trkpt lat="47.52014" lon="12.28656">
        <ele>759.25</ele>
      </trkpt>
      <trkpt lat="47.520063" lon="12.286847">
        <ele>760.25</ele>
      </trkpt>
      <trkpt lat="47.519854" lon="12.287532">
        <ele>762</ele>
      </trkpt>
      <trkpt lat="47.519637" lon="12.288247">
        <ele>763.75</ele>
      </trkpt>
      <trkpt lat="47.519502" lon="12.288647">
        <ele>764.25</ele>
      </trkpt>
      <trkpt lat="47.519484" lon="12.288643">
        <ele>764</ele>
      </trkpt>
      <trkpt lat="47.519407" lon="12.288667">
        <ele>764</ele>
      </trkpt>
      <trkpt lat="47.518942" lon="12.289545">
        <ele>767.25</ele>
      </trkpt>
      <trkpt lat="47.518785" lon="12.28986">
        <ele>768.25</ele>
      </trkpt>
      <trkpt lat="47.518664" lon="12.29015">
        <ele>769.5</ele>
      </trkpt>
      <trkpt lat="47.518636" lon="12.29035">
        <ele>770.25</ele>
      </trkpt>
      <trkpt lat="47.518601" lon="12.290627">
        <ele>771</ele>
      </trkpt>
      <trkpt lat="47.518545" lon="12.290951">
        <ele>771.5</ele>
      </trkpt>
      <trkpt lat="47.517714" lon="12.292858">
        <ele>778.25</ele>
      </trkpt>
      <trkpt lat="47.517633" lon="12.292816">
        <ele>778.5</ele>
      </trkpt>
      <trkpt lat="47.5174" lon="12.292631">
        <ele>779</ele>
      </trkpt>
      <trkpt lat="47.517279" lon="12.292553">
        <ele>779</ele>
      </trkpt>
      <trkpt lat="47.517195" lon="12.292518">
        <ele>779</ele>
      </trkpt>
      <trkpt lat="47.51709" lon="12.292497">
        <ele>779.25</ele>
      </trkpt>
      <trkpt lat="47.516964" lon="12.292497">
        <ele>779.75</ele>
      </trkpt>
      <trkpt lat="47.516835" lon="12.292524">
        <ele>780</ele>
      </trkpt>
      <trkpt lat="47.516511" lon="12.292642">
        <ele>780.75</ele>
      </trkpt>
      <trkpt lat="47.515988" lon="12.292897">
        <ele>782.5</ele>
      </trkpt>
      <trkpt lat="47.51596" lon="12.292918">
        <ele>782.75</ele>
      </trkpt>
      <trkpt lat="47.515847" lon="12.292968">
        <ele>783.25</ele>
      </trkpt>
      <trkpt lat="47.515771" lon="12.293029">
        <ele>783.5</ele>
      </trkpt>
      <trkpt lat="47.515731" lon="12.293079">
        <ele>783.5</ele>
      </trkpt>
      <trkpt lat="47.515661" lon="12.293213">
        <ele>784.25</ele>
      </trkpt>
      <trkpt lat="47.515565" lon="12.293318">
        <ele>785.75</ele>
      </trkpt>
      <trkpt lat="47.515396" lon="12.293453">
        <ele>785.75</ele>
      </trkpt>
      <trkpt lat="47.515191" lon="12.293619">
        <ele>787.25</ele>
      </trkpt>
      <trkpt lat="47.514979" lon="12.293811">
        <ele>788</ele>
      </trkpt>
      <trkpt lat="47.514745" lon="12.294041">
        <ele>789.25</ele>
      </trkpt>
      <trkpt lat="47.514384" lon="12.294391">
        <ele>791</ele>
      </trkpt>
      <trkpt lat="47.514215" lon="12.294513">
        <ele>792</ele>
      </trkpt>
      <trkpt lat="47.514075" lon="12.294591">
        <ele>792.75</ele>
      </trkpt>
      <trkpt lat="47.51393" lon="12.29463">
        <ele>793.5</ele>
      </trkpt>
      <trkpt lat="47.513787" lon="12.294647">
        <ele>794</ele>
      </trkpt>
      <trkpt lat="47.513537" lon="12.294625">
        <ele>795</ele>
      </trkpt>
      <trkpt lat="47.513283" lon="12.294577">
        <ele>796</ele>
      </trkpt>
      <trkpt lat="47.512841" lon="12.294645">
        <ele>797.25</ele>
      </trkpt>
      <trkpt lat="47.512637" lon="12.294668">
        <ele>797.5</ele>
      </trkpt>
      <trkpt lat="47.512365" lon="12.294756">
        <ele>798</ele>
      </trkpt>
      <trkpt lat="47.5121" lon="12.294865">
        <ele>800</ele>
      </trkpt>
      <trkpt lat="47.511711" lon="12.295043">
        <ele>803.5</ele>
      </trkpt>
      <trkpt lat="47.511528" lon="12.295139">
        <ele>804.25</ele>
      </trkpt>
      <trkpt lat="47.511466" lon="12.295201">
        <ele>805</ele>
      </trkpt>
      <trkpt lat="47.511387" lon="12.295283">
        <ele>806</ele>
      </trkpt>
      <trkpt lat="47.511329" lon="12.2954">
        <ele>806.75</ele>
      </trkpt>
      <trkpt lat="47.511193" lon="12.295282">
        <ele>806.75</ele>
      </trkpt>
      <trkpt lat="47.511093" lon="12.295237">
        <ele>806.75</ele>
      </trkpt>
      <trkpt lat="47.510773" lon="12.295037">
        <ele>807.25</ele>
      </trkpt>
      <trkpt lat="47.510641" lon="12.294973">
        <ele>807.25</ele>
      </trkpt>
      <trkpt lat="47.51044" lon="12.294909">
        <ele>807.75</ele>
      </trkpt>
      <trkpt lat="47.510289" lon="12.294879">
        <ele>808</ele>
      </trkpt>
      <trkpt lat="47.50978" lon="12.29482">
        <ele>809.5</ele>
      </trkpt>
      <trkpt lat="47.509519" lon="12.294772">
        <ele>811</ele>
      </trkpt>
      <trkpt lat="47.509258" lon="12.294772">
        <ele>811.5</ele>
      </trkpt>
      <trkpt lat="47.508684" lon="12.294836">
        <ele>815.5</ele>
      </trkpt>
      <trkpt lat="47.508553" lon="12.294811">
        <ele>815.5</ele>
      </trkpt>
      <trkpt lat="47.508398" lon="12.294757">
        <ele>815.25</ele>
      </trkpt>
      <trkpt lat="47.508285" lon="12.29463">
        <ele>814.75</ele>
      </trkpt>
      <trkpt lat="47.50821" lon="12.29453">
        <ele>813.75</ele>
      </trkpt>
      <trkpt lat="47.50814" lon="12.294434">
        <ele>812.5</ele>
      </trkpt>
      <trkpt lat="47.507994" lon="12.294248">
        <ele>812.75</ele>
      </trkpt>
      <trkpt lat="47.50793" lon="12.294202">
        <ele>813</ele>
      </trkpt>
      <trkpt lat="47.507769" lon="12.293588">
        <ele>814.75</ele>
      </trkpt>
      <trkpt lat="47.50792" lon="12.293509">
        <ele>813.75</ele>
      </trkpt>
      <trkpt lat="47.508063" lon="12.293433">
        <ele>813.5</ele>
      </trkpt>
      <trkpt lat="47.508202" lon="12.29336">
        <ele>812.75</ele>
      </trkpt>
      <trkpt lat="47.508236" lon="12.293341">
        <ele>811.75</ele>
      </trkpt>
    </trkseg>
  </trk>
</gpx>
