<?xml version="1.0" encoding="UTF-8"?>
<gpx schemaLocation="http://www.topografix.com/GPX/1/1 http://www.topografix.com/GPX/1/1/gpx.xsd" version="1.1" creator="bikerouter.de 2025.49" xmlns="http://www.topografix.com/GPX/1/1" xmlns:xsi="http://www.w3.org/2001/XMLSchema-instance" xsi:schemaLocation="http://www.topografix.com/GPX/1/1 http://www.topografix.com/GPX/1/1/gpx.xsd http://www.garmin.com/xmlschemas/GpxExtensions/v3 http://www.garmin.com/xmlschemas/GpxExtensionsv3.xsd http://www.garmin.com/xmlschemas/TrackPointExtension/v1 http://www.garmin.com/xmlschemas/TrackPointExtensionv1.xsd http://www.garmin.com/xmlschemas/PowerExtension/v1 http://www.garmin.com/xmlschemas/PowerExtensionv1.xsd http://www.topografix.com/GPX/gpx_style/0/2 http://www.topografix.com/GPX/gpx_style/0/2/gpx_style.xsd" xmlns:gpxtpx="http://www.garmin.com/xmlschemas/TrackPointExtension/v1" xmlns:gpxx="http://www.garmin.com/xmlschemas/GpxExtensions/v3" xmlns:gpxpx="http://www.garmin.com/xmlschemas/PowerExtension/v1" xmlns:gpx_style="http://www.topografix.com/GPX/gpx_style/0/2">
  <metadata>
    <name>MTB_Kirchbichl_Pendlinghaus_Kirchbichl</name>
    <author>
      <name>gpx.studio</name>
      <link href="https://gpx.studio"/>
    </author>
  </metadata>
  <wpt lat="47.52556800525039" lon="12.10598603081445">
    <ele>523.5545004108615</ele>
    <name>Kirchbichl</name>
    <type>from</type>
  </wpt>
  <wpt lat="47.532829" lon="12.018826">
    <ele>1333.4131978491637</ele>
    <name>Almgasthof Buchacker</name>
    <type>via</type>
  </wpt>
  <wpt lat="47.573316" lon="12.112113">
    <ele>1512.8297287052046</ele>
    <name>Pendlinghaus</name>
    <type>via</type>
  </wpt>
  <wpt lat="47.52556800525039" lon="12.10598391451822">
    <ele>523.27000661904</ele>
    <name>Kirchbichl</name>
    <type>to</type>
  </wpt>
  <trk>
    <name>MTB_Kirchbichl_Pendlinghaus_Kirchbichl</name>
    <link href="https://bikerouter.de/?turnInstructionMode=1&amp;turnInstructionCatchingRange=0&amp;turnInstructionRoundabouts=on&amp;processUnusedTags=on#map=13/47.5320/12.0986/osm-mapnik-german_style&amp;lonlats=12.106022,47.52556;12.105925,47.526568;12.097406,47.524564;12.026768,47.52254;12.029482,47.526297;12.02908,47.526521;12.023522,47.525229;12.023914,47.526475;12.025767,47.527717;12.024896,47.528128;12.018826,47.532829;12.112113,47.573316;12.093522,47.564164;12.099037,47.524593;12.106107,47.526764;12.106059,47.525584&amp;profile=Trekking-tracks&amp;alternativeidx=1">
      <text>bikerouter.de</text>
    </link>
    <trkseg>
      <trkpt lat="47.525578" lon="12.105987">
        <ele>519.5</ele>
      </trkpt>
      <trkpt lat="47.525633" lon="12.105998">
        <ele>518.25</ele>
      </trkpt>
      <trkpt lat="47.525754" lon="12.106138">
        <ele>516.25</ele>
      </trkpt>
      <trkpt lat="47.525857" lon="12.106224">
        <ele>515.5</ele>
      </trkpt>
      <trkpt lat="47.526052" lon="12.106468">
        <ele>514.75</ele>
      </trkpt>
      <trkpt lat="47.52618" lon="12.106681">
        <ele>513.5</ele>
      </trkpt>
      <trkpt lat="47.526183" lon="12.106676">
        <ele>513.5</ele>
      </trkpt>
      <trkpt lat="47.526368" lon="12.107029">
        <ele>512.75</ele>
      </trkpt>
      <trkpt lat="47.526468" lon="12.107321">
        <ele>513.5</ele>
      </trkpt>
      <trkpt lat="47.52658" lon="12.107663">
        <ele>513.5</ele>
      </trkpt>
      <trkpt lat="47.526627" lon="12.107757">
        <ele>512.25</ele>
      </trkpt>
      <trkpt lat="47.526672" lon="12.107802">
        <ele>511</ele>
      </trkpt>
      <trkpt lat="47.526717" lon="12.107814">
        <ele>510.25</ele>
      </trkpt>
      <trkpt lat="47.526859" lon="12.107809">
        <ele>507.5</ele>
      </trkpt>
      <trkpt lat="47.526866" lon="12.107608">
        <ele>507.75</ele>
      </trkpt>
      <trkpt lat="47.526886" lon="12.107419">
        <ele>507.75</ele>
      </trkpt>
      <trkpt lat="47.526906" lon="12.107361">
        <ele>507.5</ele>
      </trkpt>
      <trkpt lat="47.526945" lon="12.107296">
        <ele>506.75</ele>
      </trkpt>
      <trkpt lat="47.526759" lon="12.106838">
        <ele>509</ele>
      </trkpt>
      <trkpt lat="47.526819" lon="12.106682">
        <ele>507.75</ele>
      </trkpt>
      <trkpt lat="47.52683" lon="12.106623">
        <ele>507.25</ele>
      </trkpt>
      <trkpt lat="47.526824" lon="12.106573">
        <ele>507</ele>
      </trkpt>
      <trkpt lat="47.526796" lon="12.106522">
        <ele>507</ele>
      </trkpt>
      <trkpt lat="47.526663" lon="12.106288">
        <ele>508.25</ele>
      </trkpt>
      <trkpt lat="47.526658" lon="12.106238">
        <ele>508</ele>
      </trkpt>
      <trkpt lat="47.526367" lon="12.105769">
        <ele>508.5</ele>
      </trkpt>
      <trkpt lat="47.526419" lon="12.105793">
        <ele>507.75</ele>
      </trkpt>
      <trkpt lat="47.526561" lon="12.105937">
        <ele>501.5</ele>
      </trkpt>
      <trkpt lat="47.526887" lon="12.106265">
        <ele>501.5</ele>
      </trkpt>
      <trkpt lat="47.526956" lon="12.106369">
        <ele>502</ele>
      </trkpt>
      <trkpt lat="47.527173" lon="12.106831">
        <ele>498.75</ele>
      </trkpt>
      <trkpt lat="47.527275" lon="12.106914">
        <ele>496.5</ele>
      </trkpt>
      <trkpt lat="47.527377" lon="12.10694">
        <ele>495.75</ele>
      </trkpt>
      <trkpt lat="47.527375" lon="12.106876">
        <ele>495.75</ele>
      </trkpt>
      <trkpt lat="47.527361" lon="12.106702">
        <ele>495.5</ele>
      </trkpt>
      <trkpt lat="47.527336" lon="12.106553">
        <ele>494.75</ele>
      </trkpt>
      <trkpt lat="47.527297" lon="12.106415">
        <ele>494.25</ele>
      </trkpt>
      <trkpt lat="47.527235" lon="12.106276">
        <ele>494</ele>
      </trkpt>
      <trkpt lat="47.527144" lon="12.106144">
        <ele>494</ele>
      </trkpt>
      <trkpt lat="47.527046" lon="12.106024">
        <ele>493.5</ele>
      </trkpt>
      <trkpt lat="47.526865" lon="12.105854">
        <ele>493.5</ele>
      </trkpt>
      <trkpt lat="47.526637" lon="12.105574">
        <ele>492.75</ele>
      </trkpt>
      <trkpt lat="47.526574" lon="12.105481">
        <ele>493.75</ele>
      </trkpt>
      <trkpt lat="47.526511" lon="12.105387">
        <ele>494</ele>
      </trkpt>
      <trkpt lat="47.526217" lon="12.104819">
        <ele>492.75</ele>
      </trkpt>
      <trkpt lat="47.525988" lon="12.104316">
        <ele>491.5</ele>
      </trkpt>
      <trkpt lat="47.525907" lon="12.104098">
        <ele>489.5</ele>
      </trkpt>
      <trkpt lat="47.525857" lon="12.103937">
        <ele>489.75</ele>
      </trkpt>
      <trkpt lat="47.525783" lon="12.103672">
        <ele>490</ele>
      </trkpt>
      <trkpt lat="47.525761" lon="12.103583">
        <ele>489.75</ele>
      </trkpt>
      <trkpt lat="47.525659" lon="12.103178">
        <ele>489.75</ele>
      </trkpt>
      <trkpt lat="47.525578" lon="12.102872">
        <ele>489.75</ele>
      </trkpt>
      <trkpt lat="47.525497" lon="12.102619">
        <ele>490.25</ele>
      </trkpt>
      <trkpt lat="47.52541" lon="12.102353">
        <ele>491</ele>
      </trkpt>
      <trkpt lat="47.52525" lon="12.101863">
        <ele>490.75</ele>
      </trkpt>
      <trkpt lat="47.52515" lon="12.101557">
        <ele>490.75</ele>
      </trkpt>
      <trkpt lat="47.525101" lon="12.101408">
        <ele>491.25</ele>
      </trkpt>
      <trkpt lat="47.525046" lon="12.101239">
        <ele>491</ele>
      </trkpt>
      <trkpt lat="47.524962" lon="12.101007">
        <ele>490.75</ele>
      </trkpt>
      <trkpt lat="47.524858" lon="12.100666">
        <ele>490.75</ele>
      </trkpt>
      <trkpt lat="47.524744" lon="12.100116">
        <ele>490.25</ele>
      </trkpt>
      <trkpt lat="47.524621" lon="12.099554">
        <ele>493.25</ele>
      </trkpt>
      <trkpt lat="47.524618" lon="12.099495">
        <ele>493.75</ele>
      </trkpt>
      <trkpt lat="47.524632" lon="12.099061">
        <ele>493.5</ele>
      </trkpt>
      <trkpt lat="47.524629" lon="12.09894">
        <ele>492.5</ele>
      </trkpt>
      <trkpt lat="47.524607" lon="12.098839">
        <ele>492.25</ele>
      </trkpt>
      <trkpt lat="47.524602" lon="12.098754">
        <ele>492</ele>
      </trkpt>
      <trkpt lat="47.524598" lon="12.098653">
        <ele>491.5</ele>
      </trkpt>
      <trkpt lat="47.524578" lon="12.098117">
        <ele>491</ele>
      </trkpt>
      <trkpt lat="47.524563" lon="12.097822">
        <ele>490.5</ele>
      </trkpt>
      <trkpt lat="47.524555" lon="12.097469">
        <ele>491</ele>
      </trkpt>
      <trkpt lat="47.524558" lon="12.097405">
        <ele>491</ele>
      </trkpt>
      <trkpt lat="47.524571" lon="12.097213">
        <ele>491</ele>
      </trkpt>
      <trkpt lat="47.524575" lon="12.097174">
        <ele>491</ele>
      </trkpt>
      <trkpt lat="47.52462" lon="12.096704">
        <ele>490.25</ele>
      </trkpt>
      <trkpt lat="47.524602" lon="12.096465">
        <ele>490.75</ele>
      </trkpt>
      <trkpt lat="47.524546" lon="12.096082">
        <ele>491</ele>
      </trkpt>
      <trkpt lat="47.524532" lon="12.095985">
        <ele>491.25</ele>
      </trkpt>
      <trkpt lat="47.524511" lon="12.095751">
        <ele>491.25</ele>
      </trkpt>
      <trkpt lat="47.524518" lon="12.095581">
        <ele>490.75</ele>
      </trkpt>
      <trkpt lat="47.524545" lon="12.095452">
        <ele>490.5</ele>
      </trkpt>
      <trkpt lat="47.524586" lon="12.095233">
        <ele>490.5</ele>
      </trkpt>
      <trkpt lat="47.524602" lon="12.095105">
        <ele>490.75</ele>
      </trkpt>
      <trkpt lat="47.524587" lon="12.094985">
        <ele>491</ele>
      </trkpt>
      <trkpt lat="47.524512" lon="12.094702">
        <ele>491</ele>
      </trkpt>
      <trkpt lat="47.524436" lon="12.094476">
        <ele>491</ele>
      </trkpt>
      <trkpt lat="47.524346" lon="12.094206">
        <ele>491.25</ele>
      </trkpt>
      <trkpt lat="47.524291" lon="12.094066">
        <ele>491.25</ele>
      </trkpt>
      <trkpt lat="47.524187" lon="12.093845">
        <ele>491</ele>
      </trkpt>
      <trkpt lat="47.524105" lon="12.093712">
        <ele>491</ele>
      </trkpt>
      <trkpt lat="47.52401" lon="12.093586">
        <ele>491.25</ele>
      </trkpt>
      <trkpt lat="47.523914" lon="12.093502">
        <ele>491.5</ele>
      </trkpt>
      <trkpt lat="47.523772" lon="12.093438">
        <ele>491.25</ele>
      </trkpt>
      <trkpt lat="47.523602" lon="12.093379">
        <ele>491</ele>
      </trkpt>
      <trkpt lat="47.523331" lon="12.093316">
        <ele>490.75</ele>
      </trkpt>
      <trkpt lat="47.523191" lon="12.093301">
        <ele>490.5</ele>
      </trkpt>
      <trkpt lat="47.523021" lon="12.093309">
        <ele>490.5</ele>
      </trkpt>
      <trkpt lat="47.522885" lon="12.093331">
        <ele>490.75</ele>
      </trkpt>
      <trkpt lat="47.52279" lon="12.093346">
        <ele>491</ele>
      </trkpt>
      <trkpt lat="47.522672" lon="12.093395">
        <ele>491.25</ele>
      </trkpt>
      <trkpt lat="47.522252" lon="12.093559">
        <ele>491.75</ele>
      </trkpt>
      <trkpt lat="47.522148" lon="12.093582">
        <ele>491.75</ele>
      </trkpt>
      <trkpt lat="47.521738" lon="12.093569">
        <ele>491.5</ele>
      </trkpt>
      <trkpt lat="47.521168" lon="12.093445">
        <ele>491.25</ele>
      </trkpt>
      <trkpt lat="47.520946" lon="12.093448">
        <ele>492</ele>
      </trkpt>
      <trkpt lat="47.520889" lon="12.093464">
        <ele>492.25</ele>
      </trkpt>
      <trkpt lat="47.52076" lon="12.093521">
        <ele>492.5</ele>
      </trkpt>
      <trkpt lat="47.520713" lon="12.093524">
        <ele>492.5</ele>
      </trkpt>
      <trkpt lat="47.520663" lon="12.093505">
        <ele>492.25</ele>
      </trkpt>
      <trkpt lat="47.520674" lon="12.093468">
        <ele>492.5</ele>
      </trkpt>
      <trkpt lat="47.520685" lon="12.093431">
        <ele>492.5</ele>
      </trkpt>
      <trkpt lat="47.520694" lon="12.093395">
        <ele>492.5</ele>
      </trkpt>
      <trkpt lat="47.520706" lon="12.093351">
        <ele>492.25</ele>
      </trkpt>
      <trkpt lat="47.520987" lon="12.091958">
        <ele>491.25</ele>
      </trkpt>
      <trkpt lat="47.521049" lon="12.091738">
        <ele>491.75</ele>
      </trkpt>
      <trkpt lat="47.521066" lon="12.091694">
        <ele>491.75</ele>
      </trkpt>
      <trkpt lat="47.521111" lon="12.091607">
        <ele>491.75</ele>
      </trkpt>
      <trkpt lat="47.521194" lon="12.091478">
        <ele>491.75</ele>
      </trkpt>
      <trkpt lat="47.521264" lon="12.091403">
        <ele>491.75</ele>
      </trkpt>
      <trkpt lat="47.521354" lon="12.091334">
        <ele>491.75</ele>
      </trkpt>
      <trkpt lat="47.521409" lon="12.0913">
        <ele>491.5</ele>
      </trkpt>
      <trkpt lat="47.521508" lon="12.091255">
        <ele>491.25</ele>
      </trkpt>
      <trkpt lat="47.521635" lon="12.091241">
        <ele>491</ele>
      </trkpt>
      <trkpt lat="47.521709" lon="12.091253">
        <ele>491</ele>
      </trkpt>
      <trkpt lat="47.521758" lon="12.09121">
        <ele>491</ele>
      </trkpt>
      <trkpt lat="47.521833" lon="12.091226">
        <ele>491</ele>
      </trkpt>
      <trkpt lat="47.52196" lon="12.091287">
        <ele>491.5</ele>
      </trkpt>
      <trkpt lat="47.522263" lon="12.091417">
        <ele>491</ele>
      </trkpt>
      <trkpt lat="47.522392" lon="12.091455">
        <ele>491</ele>
      </trkpt>
      <trkpt lat="47.52254" lon="12.091485">
        <ele>491</ele>
      </trkpt>
      <trkpt lat="47.522686" lon="12.091494">
        <ele>491.25</ele>
      </trkpt>
      <trkpt lat="47.522822" lon="12.091482">
        <ele>491.25</ele>
      </trkpt>
      <trkpt lat="47.522925" lon="12.091467">
        <ele>491</ele>
      </trkpt>
      <trkpt lat="47.52312" lon="12.091402">
        <ele>491</ele>
      </trkpt>
      <trkpt lat="47.523873" lon="12.09102">
        <ele>491.5</ele>
      </trkpt>
      <trkpt lat="47.523875" lon="12.090904">
        <ele>491</ele>
      </trkpt>
      <trkpt lat="47.524068" lon="12.090211">
        <ele>491</ele>
      </trkpt>
      <trkpt lat="47.52428" lon="12.089482">
        <ele>491</ele>
      </trkpt>
      <trkpt lat="47.524302" lon="12.089232">
        <ele>491</ele>
      </trkpt>
      <trkpt lat="47.524293" lon="12.089045">
        <ele>491</ele>
      </trkpt>
      <trkpt lat="47.524274" lon="12.088887">
        <ele>491</ele>
      </trkpt>
      <trkpt lat="47.524237" lon="12.088678">
        <ele>491</ele>
      </trkpt>
      <trkpt lat="47.52419" lon="12.088474">
        <ele>491</ele>
      </trkpt>
      <trkpt lat="47.524087" lon="12.0881">
        <ele>491</ele>
      </trkpt>
      <trkpt lat="47.524078" lon="12.088031">
        <ele>491</ele>
      </trkpt>
      <trkpt lat="47.524079" lon="12.087968">
        <ele>491</ele>
      </trkpt>
      <trkpt lat="47.52411" lon="12.087863">
        <ele>491</ele>
      </trkpt>
      <trkpt lat="47.524149" lon="12.087768">
        <ele>491</ele>
      </trkpt>
      <trkpt lat="47.524186" lon="12.087698">
        <ele>491.25</ele>
      </trkpt>
      <trkpt lat="47.524216" lon="12.087649">
        <ele>491.5</ele>
      </trkpt>
      <trkpt lat="47.524368" lon="12.087491">
        <ele>491.75</ele>
      </trkpt>
      <trkpt lat="47.52442" lon="12.087443">
        <ele>491.75</ele>
      </trkpt>
      <trkpt lat="47.524536" lon="12.087342">
        <ele>491.25</ele>
      </trkpt>
      <trkpt lat="47.52471" lon="12.087124">
        <ele>491.75</ele>
      </trkpt>
      <trkpt lat="47.524694" lon="12.086942">
        <ele>491.75</ele>
      </trkpt>
      <trkpt lat="47.52453" lon="12.086603">
        <ele>492</ele>
      </trkpt>
      <trkpt lat="47.524491" lon="12.086508">
        <ele>492</ele>
      </trkpt>
      <trkpt lat="47.52434" lon="12.08604">
        <ele>492</ele>
      </trkpt>
      <trkpt lat="47.524326" lon="12.085981">
        <ele>492</ele>
      </trkpt>
      <trkpt lat="47.524282" lon="12.085796">
        <ele>492</ele>
      </trkpt>
      <trkpt lat="47.524127" lon="12.085332">
        <ele>492.75</ele>
      </trkpt>
      <trkpt lat="47.523901" lon="12.084342">
        <ele>493</ele>
      </trkpt>
      <trkpt lat="47.52389" lon="12.084295">
        <ele>493</ele>
      </trkpt>
      <trkpt lat="47.523786" lon="12.083895">
        <ele>492.5</ele>
      </trkpt>
      <trkpt lat="47.523659" lon="12.083564">
        <ele>493</ele>
      </trkpt>
      <trkpt lat="47.523631" lon="12.083421">
        <ele>493</ele>
      </trkpt>
      <trkpt lat="47.523627" lon="12.08336">
        <ele>493</ele>
      </trkpt>
      <trkpt lat="47.523634" lon="12.083299">
        <ele>492.5</ele>
      </trkpt>
      <trkpt lat="47.523666" lon="12.083208">
        <ele>491.5</ele>
      </trkpt>
      <trkpt lat="47.523687" lon="12.083174">
        <ele>491.25</ele>
      </trkpt>
      <trkpt lat="47.523846" lon="12.082999">
        <ele>492</ele>
      </trkpt>
      <trkpt lat="47.52474" lon="12.082061">
        <ele>492</ele>
      </trkpt>
      <trkpt lat="47.52537" lon="12.081275">
        <ele>493</ele>
      </trkpt>
      <trkpt lat="47.525479" lon="12.081109">
        <ele>493.5</ele>
      </trkpt>
      <trkpt lat="47.525538" lon="12.080965">
        <ele>494.5</ele>
      </trkpt>
      <trkpt lat="47.52558" lon="12.080771">
        <ele>495</ele>
      </trkpt>
      <trkpt lat="47.525613" lon="12.080699">
        <ele>495</ele>
      </trkpt>
      <trkpt lat="47.525636" lon="12.080653">
        <ele>495</ele>
      </trkpt>
      <trkpt lat="47.525621" lon="12.080581">
        <ele>495</ele>
      </trkpt>
      <trkpt lat="47.52562" lon="12.080494">
        <ele>494.5</ele>
      </trkpt>
      <trkpt lat="47.525774" lon="12.079641">
        <ele>494</ele>
      </trkpt>
      <trkpt lat="47.525838" lon="12.079228">
        <ele>495</ele>
      </trkpt>
      <trkpt lat="47.525866" lon="12.078978">
        <ele>495</ele>
      </trkpt>
      <trkpt lat="47.525875" lon="12.078678">
        <ele>495</ele>
      </trkpt>
      <trkpt lat="47.525882" lon="12.078425">
        <ele>494.5</ele>
      </trkpt>
      <trkpt lat="47.525944" lon="12.078223">
        <ele>494.75</ele>
      </trkpt>
      <trkpt lat="47.52601" lon="12.077706">
        <ele>495.25</ele>
      </trkpt>
      <trkpt lat="47.526009" lon="12.077426">
        <ele>495.25</ele>
      </trkpt>
      <trkpt lat="47.52596" lon="12.076644">
        <ele>494.75</ele>
      </trkpt>
      <trkpt lat="47.525856" lon="12.075644">
        <ele>498.25</ele>
      </trkpt>
      <trkpt lat="47.525842" lon="12.075415">
        <ele>499.75</ele>
      </trkpt>
      <trkpt lat="47.525894" lon="12.074912">
        <ele>501</ele>
      </trkpt>
      <trkpt lat="47.526041" lon="12.074281">
        <ele>502.75</ele>
      </trkpt>
      <trkpt lat="47.526061" lon="12.074127">
        <ele>503.25</ele>
      </trkpt>
      <trkpt lat="47.52607" lon="12.074015">
        <ele>503.25</ele>
      </trkpt>
      <trkpt lat="47.526054" lon="12.073689">
        <ele>506.25</ele>
      </trkpt>
      <trkpt lat="47.526027" lon="12.073562">
        <ele>507.5</ele>
      </trkpt>
      <trkpt lat="47.526105" lon="12.073561">
        <ele>508.5</ele>
      </trkpt>
      <trkpt lat="47.526999" lon="12.074562">
        <ele>515.5</ele>
      </trkpt>
      <trkpt lat="47.52721" lon="12.0749">
        <ele>515.75</ele>
      </trkpt>
      <trkpt lat="47.527688" lon="12.075833">
        <ele>520.5</ele>
      </trkpt>
      <trkpt lat="47.527714" lon="12.075723">
        <ele>522.5</ele>
      </trkpt>
      <trkpt lat="47.527709" lon="12.075658">
        <ele>523.25</ele>
      </trkpt>
      <trkpt lat="47.527662" lon="12.075362">
        <ele>524</ele>
      </trkpt>
      <trkpt lat="47.52767" lon="12.075059">
        <ele>525.25</ele>
      </trkpt>
      <trkpt lat="47.527646" lon="12.074864">
        <ele>526.25</ele>
      </trkpt>
      <trkpt lat="47.527579" lon="12.074622">
        <ele>528.25</ele>
      </trkpt>
      <trkpt lat="47.5275" lon="12.074449">
        <ele>529.75</ele>
      </trkpt>
      <trkpt lat="47.527408" lon="12.074166">
        <ele>532</ele>
      </trkpt>
      <trkpt lat="47.52705" lon="12.073439">
        <ele>538.75</ele>
      </trkpt>
      <trkpt lat="47.527018" lon="12.07332">
        <ele>540.75</ele>
      </trkpt>
      <trkpt lat="47.526872" lon="12.073041">
        <ele>540.5</ele>
      </trkpt>
      <trkpt lat="47.526843" lon="12.072906">
        <ele>541.5</ele>
      </trkpt>
      <trkpt lat="47.526842" lon="12.072581">
        <ele>546.25</ele>
      </trkpt>
      <trkpt lat="47.526802" lon="12.07249">
        <ele>546.5</ele>
      </trkpt>
      <trkpt lat="47.526724" lon="12.072376">
        <ele>547</ele>
      </trkpt>
      <trkpt lat="47.526686" lon="12.072277">
        <ele>548.25</ele>
      </trkpt>
      <trkpt lat="47.526681" lon="12.072198">
        <ele>549</ele>
      </trkpt>
      <trkpt lat="47.526745" lon="12.072019">
        <ele>550.5</ele>
      </trkpt>
      <trkpt lat="47.526748" lon="12.071926">
        <ele>550.75</ele>
      </trkpt>
      <trkpt lat="47.526647" lon="12.071638">
        <ele>553</ele>
      </trkpt>
      <trkpt lat="47.526631" lon="12.071541">
        <ele>552.75</ele>
      </trkpt>
      <trkpt lat="47.526647" lon="12.071451">
        <ele>553.75</ele>
      </trkpt>
      <trkpt lat="47.526789" lon="12.071093">
        <ele>557.5</ele>
      </trkpt>
      <trkpt lat="47.526799" lon="12.070893">
        <ele>559.25</ele>
      </trkpt>
      <trkpt lat="47.526784" lon="12.070806">
        <ele>559.5</ele>
      </trkpt>
      <trkpt lat="47.526698" lon="12.070686">
        <ele>558.75</ele>
      </trkpt>
      <trkpt lat="47.526637" lon="12.070514">
        <ele>559.25</ele>
      </trkpt>
      <trkpt lat="47.526653" lon="12.070328">
        <ele>560.5</ele>
      </trkpt>
      <trkpt lat="47.526628" lon="12.070217">
        <ele>561.25</ele>
      </trkpt>
      <trkpt lat="47.526569" lon="12.070134">
        <ele>561.75</ele>
      </trkpt>
      <trkpt lat="47.526382" lon="12.070027">
        <ele>562</ele>
      </trkpt>
      <trkpt lat="47.526294" lon="12.069914">
        <ele>562</ele>
      </trkpt>
      <trkpt lat="47.526251" lon="12.069803">
        <ele>562.75</ele>
      </trkpt>
      <trkpt lat="47.526221" lon="12.069484">
        <ele>566.25</ele>
      </trkpt>
      <trkpt lat="47.526201" lon="12.069404">
        <ele>567</ele>
      </trkpt>
      <trkpt lat="47.526167" lon="12.06934">
        <ele>567.75</ele>
      </trkpt>
      <trkpt lat="47.526112" lon="12.06931">
        <ele>567.25</ele>
      </trkpt>
      <trkpt lat="47.525944" lon="12.069324">
        <ele>567.25</ele>
      </trkpt>
      <trkpt lat="47.525882" lon="12.069306">
        <ele>567.75</ele>
      </trkpt>
      <trkpt lat="47.525805" lon="12.069249">
        <ele>568.5</ele>
      </trkpt>
      <trkpt lat="47.525552" lon="12.06886">
        <ele>571.25</ele>
      </trkpt>
      <trkpt lat="47.525444" lon="12.068612">
        <ele>573.5</ele>
      </trkpt>
      <trkpt lat="47.525152" lon="12.067944">
        <ele>578.25</ele>
      </trkpt>
      <trkpt lat="47.524993" lon="12.067607">
        <ele>579</ele>
      </trkpt>
      <trkpt lat="47.524909" lon="12.067356">
        <ele>580.5</ele>
      </trkpt>
      <trkpt lat="47.524739" lon="12.066754">
        <ele>583</ele>
      </trkpt>
      <trkpt lat="47.524653" lon="12.066564">
        <ele>583</ele>
      </trkpt>
      <trkpt lat="47.52445" lon="12.06627">
        <ele>582</ele>
      </trkpt>
      <trkpt lat="47.524395" lon="12.066187">
        <ele>581.5</ele>
      </trkpt>
      <trkpt lat="47.524423" lon="12.065958">
        <ele>582.25</ele>
      </trkpt>
      <trkpt lat="47.524432" lon="12.065836">
        <ele>582.75</ele>
      </trkpt>
      <trkpt lat="47.524446" lon="12.065563">
        <ele>584</ele>
      </trkpt>
      <trkpt lat="47.524465" lon="12.065434">
        <ele>584.75</ele>
      </trkpt>
      <trkpt lat="47.524543" lon="12.065196">
        <ele>587.5</ele>
      </trkpt>
      <trkpt lat="47.524609" lon="12.064869">
        <ele>589.25</ele>
      </trkpt>
      <trkpt lat="47.524624" lon="12.064733">
        <ele>589.5</ele>
      </trkpt>
      <trkpt lat="47.524599" lon="12.064353">
        <ele>589.5</ele>
      </trkpt>
      <trkpt lat="47.524555" lon="12.064168">
        <ele>589.75</ele>
      </trkpt>
      <trkpt lat="47.524523" lon="12.063777">
        <ele>592</ele>
      </trkpt>
      <trkpt lat="47.524381" lon="12.062713">
        <ele>600</ele>
      </trkpt>
      <trkpt lat="47.524352" lon="12.062347">
        <ele>604.25</ele>
      </trkpt>
      <trkpt lat="47.524405" lon="12.061957">
        <ele>608.25</ele>
      </trkpt>
      <trkpt lat="47.524412" lon="12.061479">
        <ele>612.75</ele>
      </trkpt>
      <trkpt lat="47.524435" lon="12.061294">
        <ele>614.5</ele>
      </trkpt>
      <trkpt lat="47.524463" lon="12.061198">
        <ele>615.5</ele>
      </trkpt>
      <trkpt lat="47.52457" lon="12.060908">
        <ele>620.25</ele>
      </trkpt>
      <trkpt lat="47.524741" lon="12.060586">
        <ele>625</ele>
      </trkpt>
      <trkpt lat="47.524795" lon="12.060349">
        <ele>626.25</ele>
      </trkpt>
      <trkpt lat="47.524861" lon="12.060202">
        <ele>626.75</ele>
      </trkpt>
      <trkpt lat="47.525093" lon="12.059848">
        <ele>627</ele>
      </trkpt>
      <trkpt lat="47.525228" lon="12.059541">
        <ele>629.5</ele>
      </trkpt>
      <trkpt lat="47.525253" lon="12.059371">
        <ele>630.75</ele>
      </trkpt>
      <trkpt lat="47.525185" lon="12.058524">
        <ele>633</ele>
      </trkpt>
      <trkpt lat="47.525162" lon="12.058272">
        <ele>633.25</ele>
      </trkpt>
      <trkpt lat="47.525156" lon="12.058138">
        <ele>633.75</ele>
      </trkpt>
      <trkpt lat="47.525158" lon="12.058006">
        <ele>633.75</ele>
      </trkpt>
      <trkpt lat="47.525168" lon="12.057898">
        <ele>633.5</ele>
      </trkpt>
      <trkpt lat="47.525209" lon="12.057646">
        <ele>633</ele>
      </trkpt>
      <trkpt lat="47.525091" lon="12.057449">
        <ele>631.25</ele>
      </trkpt>
      <trkpt lat="47.52484" lon="12.057128">
        <ele>629.5</ele>
      </trkpt>
      <trkpt lat="47.524561" lon="12.056632">
        <ele>628.75</ele>
      </trkpt>
      <trkpt lat="47.524466" lon="12.056464">
        <ele>628.25</ele>
      </trkpt>
      <trkpt lat="47.524177" lon="12.056065">
        <ele>626.5</ele>
      </trkpt>
      <trkpt lat="47.524128" lon="12.055965">
        <ele>626</ele>
      </trkpt>
      <trkpt lat="47.524078" lon="12.055838">
        <ele>625.25</ele>
      </trkpt>
      <trkpt lat="47.524025" lon="12.055623">
        <ele>624.25</ele>
      </trkpt>
      <trkpt lat="47.523934" lon="12.055063">
        <ele>620.25</ele>
      </trkpt>
      <trkpt lat="47.523819" lon="12.054536">
        <ele>615.25</ele>
      </trkpt>
      <trkpt lat="47.523826" lon="12.05438">
        <ele>613.75</ele>
      </trkpt>
      <trkpt lat="47.523913" lon="12.054387">
        <ele>613</ele>
      </trkpt>
      <trkpt lat="47.52399" lon="12.054383">
        <ele>612.5</ele>
      </trkpt>
      <trkpt lat="47.524084" lon="12.054351">
        <ele>611.75</ele>
      </trkpt>
      <trkpt lat="47.524145" lon="12.054311">
        <ele>611</ele>
      </trkpt>
      <trkpt lat="47.524298" lon="12.054147">
        <ele>609</ele>
      </trkpt>
      <trkpt lat="47.52432" lon="12.054122">
        <ele>608.75</ele>
      </trkpt>
      <trkpt lat="47.524339" lon="12.054102">
        <ele>608.5</ele>
      </trkpt>
      <trkpt lat="47.524369" lon="12.054069">
        <ele>608.25</ele>
      </trkpt>
      <trkpt lat="47.524509" lon="12.053925">
        <ele>607.5</ele>
      </trkpt>
      <trkpt lat="47.524575" lon="12.053874">
        <ele>607</ele>
      </trkpt>
      <trkpt lat="47.524648" lon="12.053828">
        <ele>606</ele>
      </trkpt>
      <trkpt lat="47.524754" lon="12.053787">
        <ele>604.75</ele>
      </trkpt>
      <trkpt lat="47.524858" lon="12.053773">
        <ele>603</ele>
      </trkpt>
      <trkpt lat="47.524918" lon="12.053776">
        <ele>602.25</ele>
      </trkpt>
      <trkpt lat="47.52497" lon="12.053787">
        <ele>601.5</ele>
      </trkpt>
      <trkpt lat="47.525052" lon="12.05382">
        <ele>600.5</ele>
      </trkpt>
      <trkpt lat="47.525209" lon="12.053883">
        <ele>598</ele>
      </trkpt>
      <trkpt lat="47.52528" lon="12.05389">
        <ele>596.75</ele>
      </trkpt>
      <trkpt lat="47.525344" lon="12.053865">
        <ele>596.25</ele>
      </trkpt>
      <trkpt lat="47.525372" lon="12.053838">
        <ele>596</ele>
      </trkpt>
      <trkpt lat="47.525404" lon="12.053791">
        <ele>595.75</ele>
      </trkpt>
      <trkpt lat="47.52542" lon="12.053741">
        <ele>595.25</ele>
      </trkpt>
      <trkpt lat="47.525426" lon="12.053681">
        <ele>595</ele>
      </trkpt>
      <trkpt lat="47.525422" lon="12.053624">
        <ele>594.75</ele>
      </trkpt>
      <trkpt lat="47.525359" lon="12.053255">
        <ele>592.25</ele>
      </trkpt>
      <trkpt lat="47.525235" lon="12.052516">
        <ele>587.25</ele>
      </trkpt>
      <trkpt lat="47.525175" lon="12.052217">
        <ele>585.75</ele>
      </trkpt>
      <trkpt lat="47.525115" lon="12.051992">
        <ele>583.75</ele>
      </trkpt>
      <trkpt lat="47.525045" lon="12.051777">
        <ele>581.25</ele>
      </trkpt>
      <trkpt lat="47.524847" lon="12.051272">
        <ele>580</ele>
      </trkpt>
      <trkpt lat="47.524832" lon="12.051208">
        <ele>579.75</ele>
      </trkpt>
      <trkpt lat="47.524835" lon="12.051131">
        <ele>578.75</ele>
      </trkpt>
      <trkpt lat="47.524852" lon="12.051088">
        <ele>578</ele>
      </trkpt>
      <trkpt lat="47.524878" lon="12.05106">
        <ele>577</ele>
      </trkpt>
      <trkpt lat="47.524911" lon="12.051045">
        <ele>576</ele>
      </trkpt>
      <trkpt lat="47.524935" lon="12.051047">
        <ele>575.25</ele>
      </trkpt>
      <trkpt lat="47.524966" lon="12.051062">
        <ele>574.5</ele>
      </trkpt>
      <trkpt lat="47.525024" lon="12.051112">
        <ele>573.25</ele>
      </trkpt>
      <trkpt lat="47.525259" lon="12.05135">
        <ele>570.5</ele>
      </trkpt>
      <trkpt lat="47.525398" lon="12.051479">
        <ele>568.75</ele>
      </trkpt>
      <trkpt lat="47.525836" lon="12.051916">
        <ele>563.5</ele>
      </trkpt>
      <trkpt lat="47.526018" lon="12.052162">
        <ele>562</ele>
      </trkpt>
      <trkpt lat="47.52612" lon="12.052374">
        <ele>561.5</ele>
      </trkpt>
      <trkpt lat="47.526138" lon="12.052397">
        <ele>561.5</ele>
      </trkpt>
      <trkpt lat="47.526176" lon="12.05242">
        <ele>561</ele>
      </trkpt>
      <trkpt lat="47.526221" lon="12.05242">
        <ele>560</ele>
      </trkpt>
      <trkpt lat="47.526244" lon="12.05241">
        <ele>559.5</ele>
      </trkpt>
      <trkpt lat="47.526288" lon="12.052362">
        <ele>558.25</ele>
      </trkpt>
      <trkpt lat="47.526319" lon="12.052329">
        <ele>557.5</ele>
      </trkpt>
      <trkpt lat="47.526384" lon="12.052259">
        <ele>556</ele>
      </trkpt>
      <trkpt lat="47.526472" lon="12.052277">
        <ele>555.75</ele>
      </trkpt>
      <trkpt lat="47.526551" lon="12.052163">
        <ele>555.25</ele>
      </trkpt>
      <trkpt lat="47.526578" lon="12.052032">
        <ele>555.25</ele>
      </trkpt>
      <trkpt lat="47.52659" lon="12.051885">
        <ele>555.25</ele>
      </trkpt>
      <trkpt lat="47.526725" lon="12.051719">
        <ele>555.5</ele>
      </trkpt>
      <trkpt lat="47.526989" lon="12.051447">
        <ele>555.5</ele>
      </trkpt>
      <trkpt lat="47.527006" lon="12.051416">
        <ele>555.5</ele>
      </trkpt>
      <trkpt lat="47.527046" lon="12.051201">
        <ele>555.5</ele>
      </trkpt>
      <trkpt lat="47.527076" lon="12.051128">
        <ele>555.75</ele>
      </trkpt>
      <trkpt lat="47.527102" lon="12.050997">
        <ele>557</ele>
      </trkpt>
      <trkpt lat="47.527119" lon="12.050971">
        <ele>557.5</ele>
      </trkpt>
      <trkpt lat="47.527198" lon="12.050945">
        <ele>559</ele>
      </trkpt>
      <trkpt lat="47.527286" lon="12.051067">
        <ele>559.25</ele>
      </trkpt>
      <trkpt lat="47.527549" lon="12.051331">
        <ele>561.5</ele>
      </trkpt>
      <trkpt lat="47.52738" lon="12.050945">
        <ele>564.5</ele>
      </trkpt>
      <trkpt lat="47.52727" lon="12.050559">
        <ele>569.5</ele>
      </trkpt>
      <trkpt lat="47.527222" lon="12.05044">
        <ele>571.25</ele>
      </trkpt>
      <trkpt lat="47.527025" lon="12.050104">
        <ele>574.5</ele>
      </trkpt>
      <trkpt lat="47.526689" lon="12.04941">
        <ele>582.25</ele>
      </trkpt>
      <trkpt lat="47.526547" lon="12.049049">
        <ele>584.75</ele>
      </trkpt>
      <trkpt lat="47.526349" lon="12.048391">
        <ele>589</ele>
      </trkpt>
      <trkpt lat="47.52604" lon="12.047202">
        <ele>596.25</ele>
      </trkpt>
      <trkpt lat="47.526052" lon="12.047052">
        <ele>596.25</ele>
      </trkpt>
      <trkpt lat="47.526103" lon="12.046876">
        <ele>598.75</ele>
      </trkpt>
      <trkpt lat="47.526145" lon="12.046585">
        <ele>601.75</ele>
      </trkpt>
      <trkpt lat="47.52619" lon="12.045935">
        <ele>610.25</ele>
      </trkpt>
      <trkpt lat="47.526231" lon="12.04561">
        <ele>614</ele>
      </trkpt>
      <trkpt lat="47.526285" lon="12.045276">
        <ele>615.5</ele>
      </trkpt>
      <trkpt lat="47.526294" lon="12.045123">
        <ele>616.75</ele>
      </trkpt>
      <trkpt lat="47.526257" lon="12.044949">
        <ele>617.75</ele>
      </trkpt>
      <trkpt lat="47.526102" lon="12.044578">
        <ele>619.25</ele>
      </trkpt>
      <trkpt lat="47.525925" lon="12.044279">
        <ele>619.25</ele>
      </trkpt>
      <trkpt lat="47.525835" lon="12.044082">
        <ele>620.5</ele>
      </trkpt>
      <trkpt lat="47.525791" lon="12.043957">
        <ele>620.25</ele>
      </trkpt>
      <trkpt lat="47.525763" lon="12.04382">
        <ele>620</ele>
      </trkpt>
      <trkpt lat="47.525758" lon="12.043743">
        <ele>620</ele>
      </trkpt>
      <trkpt lat="47.525765" lon="12.043586">
        <ele>620.25</ele>
      </trkpt>
      <trkpt lat="47.525792" lon="12.043331">
        <ele>620.75</ele>
      </trkpt>
      <trkpt lat="47.525795" lon="12.043178">
        <ele>620.25</ele>
      </trkpt>
      <trkpt lat="47.525785" lon="12.042951">
        <ele>619.75</ele>
      </trkpt>
      <trkpt lat="47.525747" lon="12.042621">
        <ele>618.5</ele>
      </trkpt>
      <trkpt lat="47.525749" lon="12.042519">
        <ele>618.5</ele>
      </trkpt>
      <trkpt lat="47.525775" lon="12.042421">
        <ele>618.25</ele>
      </trkpt>
      <trkpt lat="47.525861" lon="12.042232">
        <ele>618.25</ele>
      </trkpt>
      <trkpt lat="47.525897" lon="12.042125">
        <ele>618.25</ele>
      </trkpt>
      <trkpt lat="47.525908" lon="12.042049">
        <ele>618.25</ele>
      </trkpt>
      <trkpt lat="47.525906" lon="12.041975">
        <ele>618</ele>
      </trkpt>
      <trkpt lat="47.525892" lon="12.041852">
        <ele>618.5</ele>
      </trkpt>
      <trkpt lat="47.525854" lon="12.04172">
        <ele>618.75</ele>
      </trkpt>
      <trkpt lat="47.525794" lon="12.041562">
        <ele>619.75</ele>
      </trkpt>
      <trkpt lat="47.525266" lon="12.040398">
        <ele>625.25</ele>
      </trkpt>
      <trkpt lat="47.525146" lon="12.040153">
        <ele>625</ele>
      </trkpt>
      <trkpt lat="47.525006" lon="12.039962">
        <ele>625</ele>
      </trkpt>
      <trkpt lat="47.524939" lon="12.039822">
        <ele>624.5</ele>
      </trkpt>
      <trkpt lat="47.524907" lon="12.039679">
        <ele>624.75</ele>
      </trkpt>
      <trkpt lat="47.524903" lon="12.039469">
        <ele>625.75</ele>
      </trkpt>
      <trkpt lat="47.524912" lon="12.039056">
        <ele>623.75</ele>
      </trkpt>
      <trkpt lat="47.524888" lon="12.038799">
        <ele>620.75</ele>
      </trkpt>
      <trkpt lat="47.524853" lon="12.038618">
        <ele>619.25</ele>
      </trkpt>
      <trkpt lat="47.524795" lon="12.038436">
        <ele>619</ele>
      </trkpt>
      <trkpt lat="47.524677" lon="12.038144">
        <ele>617</ele>
      </trkpt>
      <trkpt lat="47.524608" lon="12.037868">
        <ele>614.5</ele>
      </trkpt>
      <trkpt lat="47.524591" lon="12.037712">
        <ele>613.5</ele>
      </trkpt>
      <trkpt lat="47.524604" lon="12.037549">
        <ele>612.5</ele>
      </trkpt>
      <trkpt lat="47.524662" lon="12.037319">
        <ele>611.75</ele>
      </trkpt>
      <trkpt lat="47.524672" lon="12.037257">
        <ele>611.75</ele>
      </trkpt>
      <trkpt lat="47.524719" lon="12.036907">
        <ele>612.75</ele>
      </trkpt>
      <trkpt lat="47.524726" lon="12.036861">
        <ele>613</ele>
      </trkpt>
      <trkpt lat="47.524734" lon="12.036748">
        <ele>613</ele>
      </trkpt>
      <trkpt lat="47.524746" lon="12.036592">
        <ele>613.25</ele>
      </trkpt>
      <trkpt lat="47.524732" lon="12.036293">
        <ele>613.5</ele>
      </trkpt>
      <trkpt lat="47.524679" lon="12.035928">
        <ele>613.75</ele>
      </trkpt>
      <trkpt lat="47.524642" lon="12.035705">
        <ele>613</ele>
      </trkpt>
      <trkpt lat="47.524595" lon="12.035417">
        <ele>613.25</ele>
      </trkpt>
      <trkpt lat="47.524537" lon="12.035128">
        <ele>614.25</ele>
      </trkpt>
      <trkpt lat="47.524472" lon="12.034918">
        <ele>614.25</ele>
      </trkpt>
      <trkpt lat="47.524429" lon="12.034827">
        <ele>614.5</ele>
      </trkpt>
      <trkpt lat="47.524216" lon="12.034588">
        <ele>613.25</ele>
      </trkpt>
      <trkpt lat="47.524054" lon="12.034332">
        <ele>613.75</ele>
      </trkpt>
      <trkpt lat="47.524021" lon="12.034283">
        <ele>614</ele>
      </trkpt>
      <trkpt lat="47.523825" lon="12.033958">
        <ele>617.5</ele>
      </trkpt>
      <trkpt lat="47.523765" lon="12.033894">
        <ele>618</ele>
      </trkpt>
      <trkpt lat="47.523664" lon="12.033597">
        <ele>617.75</ele>
      </trkpt>
      <trkpt lat="47.52364" lon="12.033489">
        <ele>617.25</ele>
      </trkpt>
      <trkpt lat="47.523526" lon="12.032803">
        <ele>618.75</ele>
      </trkpt>
      <trkpt lat="47.523477" lon="12.032259">
        <ele>621.25</ele>
      </trkpt>
      <trkpt lat="47.523464" lon="12.03205">
        <ele>622.25</ele>
      </trkpt>
      <trkpt lat="47.523466" lon="12.031923">
        <ele>622.75</ele>
      </trkpt>
      <trkpt lat="47.52348" lon="12.031799">
        <ele>623.5</ele>
      </trkpt>
      <trkpt lat="47.523543" lon="12.031419">
        <ele>625</ele>
      </trkpt>
      <trkpt lat="47.523554" lon="12.031319">
        <ele>625.5</ele>
      </trkpt>
      <trkpt lat="47.523561" lon="12.031066">
        <ele>626.5</ele>
      </trkpt>
      <trkpt lat="47.52356" lon="12.03099">
        <ele>626.75</ele>
      </trkpt>
      <trkpt lat="47.523528" lon="12.030733">
        <ele>626.75</ele>
      </trkpt>
      <trkpt lat="47.52345" lon="12.03029">
        <ele>626.25</ele>
      </trkpt>
      <trkpt lat="47.523399" lon="12.030082">
        <ele>625.5</ele>
      </trkpt>
      <trkpt lat="47.523312" lon="12.029891">
        <ele>624.75</ele>
      </trkpt>
      <trkpt lat="47.523104" lon="12.029553">
        <ele>623</ele>
      </trkpt>
      <trkpt lat="47.52286" lon="12.029249">
        <ele>621.25</ele>
      </trkpt>
      <trkpt lat="47.522816" lon="12.029173">
        <ele>620.5</ele>
      </trkpt>
      <trkpt lat="47.522774" lon="12.029069">
        <ele>619.75</ele>
      </trkpt>
      <trkpt lat="47.522716" lon="12.028882">
        <ele>619</ele>
      </trkpt>
      <trkpt lat="47.522618" lon="12.028579">
        <ele>617.5</ele>
      </trkpt>
      <trkpt lat="47.52258" lon="12.02848">
        <ele>617.25</ele>
      </trkpt>
      <trkpt lat="47.522382" lon="12.028028">
        <ele>615.25</ele>
      </trkpt>
      <trkpt lat="47.522231" lon="12.027556">
        <ele>613</ele>
      </trkpt>
      <trkpt lat="47.522183" lon="12.027416">
        <ele>612.5</ele>
      </trkpt>
      <trkpt lat="47.522357" lon="12.027064">
        <ele>615.5</ele>
      </trkpt>
      <trkpt lat="47.522534" lon="12.026744">
        <ele>620.25</ele>
      </trkpt>
      <trkpt lat="47.522542" lon="12.026765">
        <ele>627.25</ele>
      </trkpt>
      <trkpt lat="47.522809" lon="12.027475">
        <ele>627.25</ele>
      </trkpt>
      <trkpt lat="47.522868" lon="12.02763">
        <ele>628.5</ele>
      </trkpt>
      <trkpt lat="47.523193" lon="12.028074">
        <ele>635.75</ele>
      </trkpt>
      <trkpt lat="47.523406" lon="12.0284">
        <ele>640.75</ele>
      </trkpt>
      <trkpt lat="47.523795" lon="12.028759">
        <ele>649</ele>
      </trkpt>
      <trkpt lat="47.523952" lon="12.028839">
        <ele>652.25</ele>
      </trkpt>
      <trkpt lat="47.524041" lon="12.028849">
        <ele>653.75</ele>
      </trkpt>
      <trkpt lat="47.524346" lon="12.028818">
        <ele>660.25</ele>
      </trkpt>
      <trkpt lat="47.524436" lon="12.028807">
        <ele>662</ele>
      </trkpt>
      <trkpt lat="47.525413" lon="12.030085">
        <ele>688</ele>
      </trkpt>
      <trkpt lat="47.525536" lon="12.030331">
        <ele>690.75</ele>
      </trkpt>
      <trkpt lat="47.525775" lon="12.030664">
        <ele>696.5</ele>
      </trkpt>
      <trkpt lat="47.52613" lon="12.030889">
        <ele>703.5</ele>
      </trkpt>
      <trkpt lat="47.526231" lon="12.031004">
        <ele>704</ele>
      </trkpt>
      <trkpt lat="47.526304" lon="12.031045">
        <ele>705</ele>
      </trkpt>
      <trkpt lat="47.526356" lon="12.031054">
        <ele>706.25</ele>
      </trkpt>
      <trkpt lat="47.52637" lon="12.030989">
        <ele>708</ele>
      </trkpt>
      <trkpt lat="47.526362" lon="12.030896">
        <ele>709.75</ele>
      </trkpt>
      <trkpt lat="47.526231" lon="12.030322">
        <ele>716.75</ele>
      </trkpt>
      <trkpt lat="47.526204" lon="12.030194">
        <ele>718</ele>
      </trkpt>
      <trkpt lat="47.526193" lon="12.029843">
        <ele>723.25</ele>
      </trkpt>
      <trkpt lat="47.526104" lon="12.029629">
        <ele>725.25</ele>
      </trkpt>
      <trkpt lat="47.526072" lon="12.029473">
        <ele>727.75</ele>
      </trkpt>
      <trkpt lat="47.526181" lon="12.029409">
        <ele>731</ele>
      </trkpt>
      <trkpt lat="47.526294" lon="12.029486">
        <ele>732.75</ele>
      </trkpt>
      <trkpt lat="47.526355" lon="12.029527">
        <ele>732.75</ele>
      </trkpt>
      <trkpt lat="47.526507" lon="12.029688">
        <ele>736</ele>
      </trkpt>
      <trkpt lat="47.526593" lon="12.029823">
        <ele>737.75</ele>
      </trkpt>
      <trkpt lat="47.526637" lon="12.029892">
        <ele>738.75</ele>
      </trkpt>
      <trkpt lat="47.526706" lon="12.02987">
        <ele>741.25</ele>
      </trkpt>
      <trkpt lat="47.526741" lon="12.029784">
        <ele>743.5</ele>
      </trkpt>
      <trkpt lat="47.52671" lon="12.029377">
        <ele>749.25</ele>
      </trkpt>
      <trkpt lat="47.526636" lon="12.029227">
        <ele>750.5</ele>
      </trkpt>
      <trkpt lat="47.526517" lon="12.029084">
        <ele>755</ele>
      </trkpt>
      <trkpt lat="47.526492" lon="12.029055">
        <ele>755</ele>
      </trkpt>
      <trkpt lat="47.526217" lon="12.028872">
        <ele>756.5</ele>
      </trkpt>
      <trkpt lat="47.526068" lon="12.028716">
        <ele>757</ele>
      </trkpt>
      <trkpt lat="47.526065" lon="12.028623">
        <ele>761</ele>
      </trkpt>
      <trkpt lat="47.526099" lon="12.0286">
        <ele>763.75</ele>
      </trkpt>
      <trkpt lat="47.526213" lon="12.028692">
        <ele>764.75</ele>
      </trkpt>
      <trkpt lat="47.526347" lon="12.028766">
        <ele>766.75</ele>
      </trkpt>
      <trkpt lat="47.526697" lon="12.028769">
        <ele>774.75</ele>
      </trkpt>
      <trkpt lat="47.527019" lon="12.028823">
        <ele>782</ele>
      </trkpt>
      <trkpt lat="47.527245" lon="12.028915">
        <ele>785.5</ele>
      </trkpt>
      <trkpt lat="47.527306" lon="12.028972">
        <ele>784.75</ele>
      </trkpt>
      <trkpt lat="47.527354" lon="12.028938">
        <ele>787.5</ele>
      </trkpt>
      <trkpt lat="47.527344" lon="12.028872">
        <ele>790.25</ele>
      </trkpt>
      <trkpt lat="47.527197" lon="12.028697">
        <ele>794</ele>
      </trkpt>
      <trkpt lat="47.526364" lon="12.028003">
        <ele>809</ele>
      </trkpt>
      <trkpt lat="47.525983" lon="12.027602">
        <ele>816.5</ele>
      </trkpt>
      <trkpt lat="47.525842" lon="12.027364">
        <ele>820.75</ele>
      </trkpt>
      <trkpt lat="47.525809" lon="12.027219">
        <ele>823.25</ele>
      </trkpt>
      <trkpt lat="47.525723" lon="12.026999">
        <ele>826.75</ele>
      </trkpt>
      <trkpt lat="47.525643" lon="12.026731">
        <ele>831</ele>
      </trkpt>
      <trkpt lat="47.525633" lon="12.026532">
        <ele>840</ele>
      </trkpt>
      <trkpt lat="47.525599" lon="12.026484">
        <ele>839.25</ele>
      </trkpt>
      <trkpt lat="47.525493" lon="12.026383">
        <ele>836.5</ele>
      </trkpt>
      <trkpt lat="47.525438" lon="12.026227">
        <ele>842.25</ele>
      </trkpt>
      <trkpt lat="47.525348" lon="12.02614">
        <ele>842.5</ele>
      </trkpt>
      <trkpt lat="47.525265" lon="12.026032">
        <ele>842.25</ele>
      </trkpt>
      <trkpt lat="47.525225" lon="12.025896">
        <ele>843.25</ele>
      </trkpt>
      <trkpt lat="47.525116" lon="12.025708">
        <ele>844.5</ele>
      </trkpt>
      <trkpt lat="47.525079" lon="12.025495">
        <ele>853.75</ele>
      </trkpt>
      <trkpt lat="47.52492" lon="12.025293">
        <ele>852.5</ele>
      </trkpt>
      <trkpt lat="47.524875" lon="12.02513">
        <ele>854.5</ele>
      </trkpt>
      <trkpt lat="47.524704" lon="12.023781">
        <ele>868.5</ele>
      </trkpt>
      <trkpt lat="47.524717" lon="12.02374">
        <ele>869.75</ele>
      </trkpt>
      <trkpt lat="47.524736" lon="12.023677">
        <ele>870.75</ele>
      </trkpt>
      <trkpt lat="47.524813" lon="12.023582">
        <ele>872.5</ele>
      </trkpt>
      <trkpt lat="47.524911" lon="12.023546">
        <ele>874.75</ele>
      </trkpt>
      <trkpt lat="47.525208" lon="12.023549">
        <ele>885.5</ele>
      </trkpt>
      <trkpt lat="47.525228" lon="12.02352">
        <ele>886.75</ele>
      </trkpt>
      <trkpt lat="47.525252" lon="12.023487">
        <ele>886.75</ele>
      </trkpt>
      <trkpt lat="47.525255" lon="12.0234">
        <ele>886.5</ele>
      </trkpt>
      <trkpt lat="47.525225" lon="12.023224">
        <ele>885.25</ele>
      </trkpt>
      <trkpt lat="47.525235" lon="12.023043">
        <ele>887.25</ele>
      </trkpt>
      <trkpt lat="47.525275" lon="12.022922">
        <ele>888.25</ele>
      </trkpt>
      <trkpt lat="47.52533" lon="12.022897">
        <ele>887.75</ele>
      </trkpt>
      <trkpt lat="47.52538" lon="12.02296">
        <ele>889.25</ele>
      </trkpt>
      <trkpt lat="47.525369" lon="12.023151">
        <ele>892.75</ele>
      </trkpt>
      <trkpt lat="47.525494" lon="12.023539">
        <ele>902.5</ele>
      </trkpt>
      <trkpt lat="47.525523" lon="12.023652">
        <ele>904.5</ele>
      </trkpt>
      <trkpt lat="47.525514" lon="12.02379">
        <ele>906.25</ele>
      </trkpt>
      <trkpt lat="47.525492" lon="12.02394">
        <ele>908.5</ele>
      </trkpt>
      <trkpt lat="47.525453" lon="12.023978">
        <ele>908.75</ele>
      </trkpt>
      <trkpt lat="47.525333" lon="12.024009">
        <ele>906.75</ele>
      </trkpt>
      <trkpt lat="47.525299" lon="12.024076">
        <ele>907.75</ele>
      </trkpt>
      <trkpt lat="47.525335" lon="12.024147">
        <ele>910.5</ele>
      </trkpt>
      <trkpt lat="47.525619" lon="12.024092">
        <ele>917</ele>
      </trkpt>
      <trkpt lat="47.525685" lon="12.024042">
        <ele>919.25</ele>
      </trkpt>
      <trkpt lat="47.525708" lon="12.023962">
        <ele>919.25</ele>
      </trkpt>
      <trkpt lat="47.525708" lon="12.023866">
        <ele>918</ele>
      </trkpt>
      <trkpt lat="47.525728" lon="12.023768">
        <ele>918.5</ele>
      </trkpt>
      <trkpt lat="47.525777" lon="12.023712">
        <ele>921</ele>
      </trkpt>
      <trkpt lat="47.525831" lon="12.023577">
        <ele>923.5</ele>
      </trkpt>
      <trkpt lat="47.52585" lon="12.023461">
        <ele>924.5</ele>
      </trkpt>
      <trkpt lat="47.525927" lon="12.023295">
        <ele>929.25</ele>
      </trkpt>
      <trkpt lat="47.525974" lon="12.023145">
        <ele>931</ele>
      </trkpt>
      <trkpt lat="47.525974" lon="12.022921">
        <ele>930.5</ele>
      </trkpt>
      <trkpt lat="47.525996" lon="12.022791">
        <ele>932.5</ele>
      </trkpt>
      <trkpt lat="47.526044" lon="12.022754">
        <ele>935.25</ele>
      </trkpt>
      <trkpt lat="47.526072" lon="12.022812">
        <ele>938</ele>
      </trkpt>
      <trkpt lat="47.526089" lon="12.023203">
        <ele>940.25</ele>
      </trkpt>
      <trkpt lat="47.526131" lon="12.023664">
        <ele>945.5</ele>
      </trkpt>
      <trkpt lat="47.526188" lon="12.023894">
        <ele>950</ele>
      </trkpt>
      <trkpt lat="47.526198" lon="12.024176">
        <ele>952.25</ele>
      </trkpt>
      <trkpt lat="47.526179" lon="12.024443">
        <ele>956.25</ele>
      </trkpt>
      <trkpt lat="47.526148" lon="12.024558">
        <ele>957</ele>
      </trkpt>
      <trkpt lat="47.526062" lon="12.024708">
        <ele>955.75</ele>
      </trkpt>
      <trkpt lat="47.526078" lon="12.024779">
        <ele>958.75</ele>
      </trkpt>
      <trkpt lat="47.526132" lon="12.02476">
        <ele>961.75</ele>
      </trkpt>
      <trkpt lat="47.526243" lon="12.024585">
        <ele>964.75</ele>
      </trkpt>
      <trkpt lat="47.526326" lon="12.024334">
        <ele>965.25</ele>
      </trkpt>
      <trkpt lat="47.526404" lon="12.024238">
        <ele>969</ele>
      </trkpt>
      <trkpt lat="47.526443" lon="12.02415">
        <ele>971</ele>
      </trkpt>
      <trkpt lat="47.52648" lon="12.023915">
        <ele>975.75</ele>
      </trkpt>
      <trkpt lat="47.526495" lon="12.023825">
        <ele>975.75</ele>
      </trkpt>
      <trkpt lat="47.526544" lon="12.023406">
        <ele>980.25</ele>
      </trkpt>
      <trkpt lat="47.526561" lon="12.023209">
        <ele>984</ele>
      </trkpt>
      <trkpt lat="47.526545" lon="12.02302">
        <ele>984.75</ele>
      </trkpt>
      <trkpt lat="47.526565" lon="12.0228">
        <ele>985</ele>
      </trkpt>
      <trkpt lat="47.526618" lon="12.022621">
        <ele>987.25</ele>
      </trkpt>
      <trkpt lat="47.526661" lon="12.022572">
        <ele>990.5</ele>
      </trkpt>
      <trkpt lat="47.526683" lon="12.022654">
        <ele>993.75</ele>
      </trkpt>
      <trkpt lat="47.526644" lon="12.022791">
        <ele>992</ele>
      </trkpt>
      <trkpt lat="47.526656" lon="12.022959">
        <ele>994.25</ele>
      </trkpt>
      <trkpt lat="47.52676" lon="12.023368">
        <ele>1001.5</ele>
      </trkpt>
      <trkpt lat="47.526804" lon="12.023774">
        <ele>1005</ele>
      </trkpt>
      <trkpt lat="47.526827" lon="12.024089">
        <ele>1008.25</ele>
      </trkpt>
      <trkpt lat="47.526869" lon="12.024385">
        <ele>1011.5</ele>
      </trkpt>
      <trkpt lat="47.526928" lon="12.024598">
        <ele>1015.5</ele>
      </trkpt>
      <trkpt lat="47.526938" lon="12.024713">
        <ele>1015.5</ele>
      </trkpt>
      <trkpt lat="47.526897" lon="12.024871">
        <ele>1015.25</ele>
      </trkpt>
      <trkpt lat="47.52693" lon="12.024943">
        <ele>1018.5</ele>
      </trkpt>
      <trkpt lat="47.526976" lon="12.024931">
        <ele>1021.25</ele>
      </trkpt>
      <trkpt lat="47.527016" lon="12.024805">
        <ele>1022.5</ele>
      </trkpt>
      <trkpt lat="47.527044" lon="12.024609">
        <ele>1024.75</ele>
      </trkpt>
      <trkpt lat="47.527025" lon="12.024406">
        <ele>1025.25</ele>
      </trkpt>
      <trkpt lat="47.527038" lon="12.02419">
        <ele>1029.25</ele>
      </trkpt>
      <trkpt lat="47.527064" lon="12.024041">
        <ele>1032.25</ele>
      </trkpt>
      <trkpt lat="47.527068" lon="12.023837">
        <ele>1031.75</ele>
      </trkpt>
      <trkpt lat="47.527098" lon="12.023807">
        <ele>1034.5</ele>
      </trkpt>
      <trkpt lat="47.527137" lon="12.023866">
        <ele>1039</ele>
      </trkpt>
      <trkpt lat="47.527151" lon="12.024253">
        <ele>1039.75</ele>
      </trkpt>
      <trkpt lat="47.527181" lon="12.024333">
        <ele>1040.75</ele>
      </trkpt>
      <trkpt lat="47.527293" lon="12.024535">
        <ele>1047.25</ele>
      </trkpt>
      <trkpt lat="47.527316" lon="12.024614">
        <ele>1047.75</ele>
      </trkpt>
      <trkpt lat="47.527324" lon="12.024691">
        <ele>1047</ele>
      </trkpt>
      <trkpt lat="47.527323" lon="12.024867">
        <ele>1048</ele>
      </trkpt>
      <trkpt lat="47.527311" lon="12.025083">
        <ele>1050</ele>
      </trkpt>
      <trkpt lat="47.527292" lon="12.02528">
        <ele>1052</ele>
      </trkpt>
      <trkpt lat="47.527309" lon="12.025489">
        <ele>1057</ele>
      </trkpt>
      <trkpt lat="47.527285" lon="12.025623">
        <ele>1059</ele>
      </trkpt>
      <trkpt lat="47.527219" lon="12.025645">
        <ele>1056.75</ele>
      </trkpt>
      <trkpt lat="47.527144" lon="12.025645">
        <ele>1055.5</ele>
      </trkpt>
      <trkpt lat="47.527063" lon="12.025721">
        <ele>1056.5</ele>
      </trkpt>
      <trkpt lat="47.527033" lon="12.025785">
        <ele>1057.5</ele>
      </trkpt>
      <trkpt lat="47.527029" lon="12.025864">
        <ele>1057</ele>
      </trkpt>
      <trkpt lat="47.527071" lon="12.025917">
        <ele>1056.75</ele>
      </trkpt>
      <trkpt lat="47.527106" lon="12.025896">
        <ele>1059.25</ele>
      </trkpt>
      <trkpt lat="47.527154" lon="12.025821">
        <ele>1062.25</ele>
      </trkpt>
      <trkpt lat="47.527224" lon="12.025814">
        <ele>1064</ele>
      </trkpt>
      <trkpt lat="47.52737" lon="12.02596">
        <ele>1069.75</ele>
      </trkpt>
      <trkpt lat="47.527441" lon="12.025968">
        <ele>1072</ele>
      </trkpt>
      <trkpt lat="47.527483" lon="12.025887">
        <ele>1072.25</ele>
      </trkpt>
      <trkpt lat="47.527536" lon="12.025737">
        <ele>1073.75</ele>
      </trkpt>
      <trkpt lat="47.527607" lon="12.025463">
        <ele>1076.75</ele>
      </trkpt>
      <trkpt lat="47.527647" lon="12.02525">
        <ele>1077.75</ele>
      </trkpt>
      <trkpt lat="47.527696" lon="12.025231">
        <ele>1081.5</ele>
      </trkpt>
      <trkpt lat="47.527716" lon="12.025316">
        <ele>1083.5</ele>
      </trkpt>
      <trkpt lat="47.527697" lon="12.025436">
        <ele>1083</ele>
      </trkpt>
      <trkpt lat="47.527695" lon="12.025571">
        <ele>1084</ele>
      </trkpt>
      <trkpt lat="47.527713" lon="12.025766">
        <ele>1086.75</ele>
      </trkpt>
      <trkpt lat="47.527718" lon="12.025812">
        <ele>1086.75</ele>
      </trkpt>
      <trkpt lat="47.527782" lon="12.026021">
        <ele>1089.75</ele>
      </trkpt>
      <trkpt lat="47.527829" lon="12.026226">
        <ele>1093</ele>
      </trkpt>
      <trkpt lat="47.527796" lon="12.026362">
        <ele>1093.25</ele>
      </trkpt>
      <trkpt lat="47.527813" lon="12.026462">
        <ele>1092.5</ele>
      </trkpt>
      <trkpt lat="47.527865" lon="12.0265">
        <ele>1093.5</ele>
      </trkpt>
      <trkpt lat="47.527905" lon="12.026428">
        <ele>1096.75</ele>
      </trkpt>
      <trkpt lat="47.527918" lon="12.026169">
        <ele>1096.75</ele>
      </trkpt>
      <trkpt lat="47.527912" lon="12.025879">
        <ele>1098.5</ele>
      </trkpt>
      <trkpt lat="47.527997" lon="12.025466">
        <ele>1106</ele>
      </trkpt>
      <trkpt lat="47.528063" lon="12.025085">
        <ele>1110.5</ele>
      </trkpt>
      <trkpt lat="47.528072" lon="12.024956">
        <ele>1112.25</ele>
      </trkpt>
      <trkpt lat="47.528106" lon="12.024864">
        <ele>1117</ele>
      </trkpt>
      <trkpt lat="47.528129" lon="12.024892">
        <ele>1119.5</ele>
      </trkpt>
      <trkpt lat="47.528151" lon="12.02492">
        <ele>1119.5</ele>
      </trkpt>
      <trkpt lat="47.528149" lon="12.025055">
        <ele>1117.5</ele>
      </trkpt>
      <trkpt lat="47.528173" lon="12.025394">
        <ele>1119.75</ele>
      </trkpt>
      <trkpt lat="47.5282" lon="12.025546">
        <ele>1121.75</ele>
      </trkpt>
      <trkpt lat="47.52826" lon="12.025667">
        <ele>1123.75</ele>
      </trkpt>
      <trkpt lat="47.528402" lon="12.025835">
        <ele>1127.25</ele>
      </trkpt>
      <trkpt lat="47.52853" lon="12.026031">
        <ele>1129</ele>
      </trkpt>
      <trkpt lat="47.528571" lon="12.026093">
        <ele>1129.5</ele>
      </trkpt>
      <trkpt lat="47.528622" lon="12.026096">
        <ele>1131.5</ele>
      </trkpt>
      <trkpt lat="47.528627" lon="12.026064">
        <ele>1132.5</ele>
      </trkpt>
      <trkpt lat="47.528631" lon="12.026037">
        <ele>1133.25</ele>
      </trkpt>
      <trkpt lat="47.52858" lon="12.025889">
        <ele>1135</ele>
      </trkpt>
      <trkpt lat="47.528464" lon="12.02564">
        <ele>1137.25</ele>
      </trkpt>
      <trkpt lat="47.528453" lon="12.025496">
        <ele>1140</ele>
      </trkpt>
      <trkpt lat="47.528453" lon="12.02528">
        <ele>1142</ele>
      </trkpt>
      <trkpt lat="47.528478" lon="12.025128">
        <ele>1143.5</ele>
      </trkpt>
      <trkpt lat="47.528502" lon="12.024918">
        <ele>1146.5</ele>
      </trkpt>
      <trkpt lat="47.528488" lon="12.024799">
        <ele>1148</ele>
      </trkpt>
      <trkpt lat="47.52841" lon="12.024666">
        <ele>1146.75</ele>
      </trkpt>
      <trkpt lat="47.528362" lon="12.024567">
        <ele>1148</ele>
      </trkpt>
      <trkpt lat="47.528332" lon="12.024444">
        <ele>1151.75</ele>
      </trkpt>
      <trkpt lat="47.528369" lon="12.02416">
        <ele>1156.5</ele>
      </trkpt>
      <trkpt lat="47.528351" lon="12.024018">
        <ele>1156.5</ele>
      </trkpt>
      <trkpt lat="47.528282" lon="12.023873">
        <ele>1155</ele>
      </trkpt>
      <trkpt lat="47.528209" lon="12.023631">
        <ele>1158.5</ele>
      </trkpt>
      <trkpt lat="47.528224" lon="12.023495">
        <ele>1160.5</ele>
      </trkpt>
      <trkpt lat="47.528467" lon="12.022886">
        <ele>1172.25</ele>
      </trkpt>
      <trkpt lat="47.528615" lon="12.022328">
        <ele>1180</ele>
      </trkpt>
      <trkpt lat="47.528803" lon="12.021802">
        <ele>1186.75</ele>
      </trkpt>
      <trkpt lat="47.528876" lon="12.021405">
        <ele>1190</ele>
      </trkpt>
      <trkpt lat="47.528865" lon="12.021064">
        <ele>1194.75</ele>
      </trkpt>
      <trkpt lat="47.528865" lon="12.020723">
        <ele>1199.75</ele>
      </trkpt>
      <trkpt lat="47.528812" lon="12.020468">
        <ele>1204.25</ele>
      </trkpt>
      <trkpt lat="47.528687" lon="12.020274">
        <ele>1206.5</ele>
      </trkpt>
      <trkpt lat="47.528524" lon="12.020059">
        <ele>1203.75</ele>
      </trkpt>
      <trkpt lat="47.528498" lon="12.019986">
        <ele>1202.25</ele>
      </trkpt>
      <trkpt lat="47.528498" lon="12.019903">
        <ele>1201.75</ele>
      </trkpt>
      <trkpt lat="47.528532" lon="12.019772">
        <ele>1206.25</ele>
      </trkpt>
      <trkpt lat="47.528542" lon="12.019673">
        <ele>1208.5</ele>
      </trkpt>
      <trkpt lat="47.528503" lon="12.019471">
        <ele>1207</ele>
      </trkpt>
      <trkpt lat="47.528563" lon="12.01928">
        <ele>1212.5</ele>
      </trkpt>
      <trkpt lat="47.528542" lon="12.019095">
        <ele>1213.75</ele>
      </trkpt>
      <trkpt lat="47.528514" lon="12.018989">
        <ele>1216.5</ele>
      </trkpt>
      <trkpt lat="47.528451" lon="12.018877">
        <ele>1215.75</ele>
      </trkpt>
      <trkpt lat="47.528216" lon="12.018542">
        <ele>1213.5</ele>
      </trkpt>
      <trkpt lat="47.52803" lon="12.018418">
        <ele>1209</ele>
      </trkpt>
      <trkpt lat="47.528045" lon="12.018346">
        <ele>1212</ele>
      </trkpt>
      <trkpt lat="47.528036" lon="12.018313">
        <ele>1212.75</ele>
      </trkpt>
      <trkpt lat="47.527981" lon="12.01823">
        <ele>1212.5</ele>
      </trkpt>
      <trkpt lat="47.52797" lon="12.018151">
        <ele>1213.25</ele>
      </trkpt>
      <trkpt lat="47.527974" lon="12.018062">
        <ele>1215</ele>
      </trkpt>
      <trkpt lat="47.528101" lon="12.01765">
        <ele>1221.25</ele>
      </trkpt>
      <trkpt lat="47.528207" lon="12.017393">
        <ele>1225</ele>
      </trkpt>
      <trkpt lat="47.528306" lon="12.017257">
        <ele>1228</ele>
      </trkpt>
      <trkpt lat="47.52838" lon="12.017082">
        <ele>1231.75</ele>
      </trkpt>
      <trkpt lat="47.528435" lon="12.016741">
        <ele>1236.5</ele>
      </trkpt>
      <trkpt lat="47.528417" lon="12.016459">
        <ele>1240.25</ele>
      </trkpt>
      <trkpt lat="47.528317" lon="12.016219">
        <ele>1240.75</ele>
      </trkpt>
      <trkpt lat="47.528315" lon="12.016112">
        <ele>1243.75</ele>
      </trkpt>
      <trkpt lat="47.528384" lon="12.016004">
        <ele>1246.5</ele>
      </trkpt>
      <trkpt lat="47.528707" lon="12.015974">
        <ele>1248.75</ele>
      </trkpt>
      <trkpt lat="47.528827" lon="12.01602">
        <ele>1250.25</ele>
      </trkpt>
      <trkpt lat="47.528966" lon="12.016108">
        <ele>1251.25</ele>
      </trkpt>
      <trkpt lat="47.529062" lon="12.01618">
        <ele>1251.5</ele>
      </trkpt>
      <trkpt lat="47.529125" lon="12.016282">
        <ele>1253.5</ele>
      </trkpt>
      <trkpt lat="47.529312" lon="12.016899">
        <ele>1262</ele>
      </trkpt>
      <trkpt lat="47.529311" lon="12.017071">
        <ele>1263.75</ele>
      </trkpt>
      <trkpt lat="47.52931" lon="12.017135">
        <ele>1264</ele>
      </trkpt>
      <trkpt lat="47.52942" lon="12.017294">
        <ele>1265.75</ele>
      </trkpt>
      <trkpt lat="47.529563" lon="12.01737">
        <ele>1270.75</ele>
      </trkpt>
      <trkpt lat="47.529719" lon="12.017338">
        <ele>1272.5</ele>
      </trkpt>
      <trkpt lat="47.529832" lon="12.017252">
        <ele>1274.5</ele>
      </trkpt>
      <trkpt lat="47.529972" lon="12.017064">
        <ele>1277</ele>
      </trkpt>
      <trkpt lat="47.530118" lon="12.017003">
        <ele>1278.75</ele>
      </trkpt>
      <trkpt lat="47.530303" lon="12.017048">
        <ele>1282.25</ele>
      </trkpt>
      <trkpt lat="47.530475" lon="12.01711">
        <ele>1284.5</ele>
      </trkpt>
      <trkpt lat="47.530654" lon="12.017261">
        <ele>1290</ele>
      </trkpt>
      <trkpt lat="47.530839" lon="12.017372">
        <ele>1294.75</ele>
      </trkpt>
      <trkpt lat="47.53095" lon="12.017397">
        <ele>1292</ele>
      </trkpt>
      <trkpt lat="47.531006" lon="12.017453">
        <ele>1292.75</ele>
      </trkpt>
      <trkpt lat="47.531057" lon="12.01767">
        <ele>1297.75</ele>
      </trkpt>
      <trkpt lat="47.531171" lon="12.017751">
        <ele>1298.75</ele>
      </trkpt>
      <trkpt lat="47.531249" lon="12.017726">
        <ele>1299</ele>
      </trkpt>
      <trkpt lat="47.531397" lon="12.017739">
        <ele>1301</ele>
      </trkpt>
      <trkpt lat="47.531701" lon="12.017828">
        <ele>1305.75</ele>
      </trkpt>
      <trkpt lat="47.531905" lon="12.017925">
        <ele>1306.75</ele>
      </trkpt>
      <trkpt lat="47.532019" lon="12.018043">
        <ele>1309.75</ele>
      </trkpt>
      <trkpt lat="47.532205" lon="12.018304">
        <ele>1316.25</ele>
      </trkpt>
      <trkpt lat="47.532293" lon="12.018394">
        <ele>1317.75</ele>
      </trkpt>
      <trkpt lat="47.532472" lon="12.018659">
        <ele>1322.5</ele>
      </trkpt>
      <trkpt lat="47.532537" lon="12.018721">
        <ele>1324</ele>
      </trkpt>
      <trkpt lat="47.532615" lon="12.018768">
        <ele>1326</ele>
      </trkpt>
      <trkpt lat="47.532822" lon="12.018824">
        <ele>1328.5</ele>
      </trkpt>
      <trkpt lat="47.532828" lon="12.018827">
        <ele>1334.5</ele>
      </trkpt>
      <trkpt lat="47.53306" lon="12.018979">
        <ele>1334.5</ele>
      </trkpt>
      <trkpt lat="47.533256" lon="12.019066">
        <ele>1337.25</ele>
      </trkpt>
      <trkpt lat="47.533362" lon="12.019107">
        <ele>1338.25</ele>
      </trkpt>
      <trkpt lat="47.533449" lon="12.01916">
        <ele>1339.25</ele>
      </trkpt>
      <trkpt lat="47.53356" lon="12.019278">
        <ele>1341.75</ele>
      </trkpt>
      <trkpt lat="47.533764" lon="12.019378">
        <ele>1343.75</ele>
      </trkpt>
      <trkpt lat="47.533821" lon="12.019443">
        <ele>1345.75</ele>
      </trkpt>
      <trkpt lat="47.534" lon="12.019542">
        <ele>1347.5</ele>
      </trkpt>
      <trkpt lat="47.534067" lon="12.019612">
        <ele>1348.5</ele>
      </trkpt>
      <trkpt lat="47.53415" lon="12.019747">
        <ele>1351</ele>
      </trkpt>
      <trkpt lat="47.534291" lon="12.019792">
        <ele>1353.75</ele>
      </trkpt>
      <trkpt lat="47.53439" lon="12.019803">
        <ele>1355.25</ele>
      </trkpt>
      <trkpt lat="47.534554" lon="12.019796">
        <ele>1358</ele>
      </trkpt>
      <trkpt lat="47.534638" lon="12.019815">
        <ele>1360</ele>
      </trkpt>
      <trkpt lat="47.534685" lon="12.019799">
        <ele>1360.75</ele>
      </trkpt>
      <trkpt lat="47.534714" lon="12.019763">
        <ele>1361</ele>
      </trkpt>
      <trkpt lat="47.534798" lon="12.019564">
        <ele>1361</ele>
      </trkpt>
      <trkpt lat="47.53484" lon="12.019513">
        <ele>1361.25</ele>
      </trkpt>
      <trkpt lat="47.534896" lon="12.019491">
        <ele>1362.25</ele>
      </trkpt>
      <trkpt lat="47.535169" lon="12.019532">
        <ele>1369.75</ele>
      </trkpt>
      <trkpt lat="47.535229" lon="12.019513">
        <ele>1370.5</ele>
      </trkpt>
      <trkpt lat="47.535324" lon="12.019421">
        <ele>1370.75</ele>
      </trkpt>
      <trkpt lat="47.535464" lon="12.019356">
        <ele>1374.25</ele>
      </trkpt>
      <trkpt lat="47.535508" lon="12.019317">
        <ele>1375.25</ele>
      </trkpt>
      <trkpt lat="47.535549" lon="12.019258">
        <ele>1376.25</ele>
      </trkpt>
      <trkpt lat="47.535722" lon="12.018867">
        <ele>1380.25</ele>
      </trkpt>
      <trkpt lat="47.535767" lon="12.01885">
        <ele>1382</ele>
      </trkpt>
      <trkpt lat="47.535797" lon="12.018869">
        <ele>1382.75</ele>
      </trkpt>
      <trkpt lat="47.535814" lon="12.018903">
        <ele>1383.25</ele>
      </trkpt>
      <trkpt lat="47.535819" lon="12.018951">
        <ele>1384</ele>
      </trkpt>
      <trkpt lat="47.535795" lon="12.01919">
        <ele>1385.5</ele>
      </trkpt>
      <trkpt lat="47.535802" lon="12.019379">
        <ele>1387.75</ele>
      </trkpt>
      <trkpt lat="47.53583" lon="12.019629">
        <ele>1391.75</ele>
      </trkpt>
      <trkpt lat="47.535776" lon="12.019848">
        <ele>1393.5</ele>
      </trkpt>
      <trkpt lat="47.535714" lon="12.020019">
        <ele>1394.5</ele>
      </trkpt>
      <trkpt lat="47.535707" lon="12.02009">
        <ele>1395.25</ele>
      </trkpt>
      <trkpt lat="47.53575" lon="12.020345">
        <ele>1400.5</ele>
      </trkpt>
      <trkpt lat="47.535746" lon="12.020414">
        <ele>1401.5</ele>
      </trkpt>
      <trkpt lat="47.535726" lon="12.020477">
        <ele>1402.25</ele>
      </trkpt>
      <trkpt lat="47.535693" lon="12.020506">
        <ele>1402.25</ele>
      </trkpt>
      <trkpt lat="47.53562" lon="12.020512">
        <ele>1401.5</ele>
      </trkpt>
      <trkpt lat="47.535587" lon="12.020526">
        <ele>1401.5</ele>
      </trkpt>
      <trkpt lat="47.53556" lon="12.020553">
        <ele>1401.75</ele>
      </trkpt>
      <trkpt lat="47.535546" lon="12.020609">
        <ele>1402</ele>
      </trkpt>
      <trkpt lat="47.535571" lon="12.02078">
        <ele>1404</ele>
      </trkpt>
      <trkpt lat="47.535571" lon="12.020881">
        <ele>1405.25</ele>
      </trkpt>
      <trkpt lat="47.535537" lon="12.021079">
        <ele>1407.75</ele>
      </trkpt>
      <trkpt lat="47.53538" lon="12.021721">
        <ele>1414.75</ele>
      </trkpt>
      <trkpt lat="47.535375" lon="12.021862">
        <ele>1416.75</ele>
      </trkpt>
      <trkpt lat="47.535395" lon="12.022006">
        <ele>1419</ele>
      </trkpt>
      <trkpt lat="47.535477" lon="12.022164">
        <ele>1421</ele>
      </trkpt>
      <trkpt lat="47.535588" lon="12.022271">
        <ele>1423</ele>
      </trkpt>
      <trkpt lat="47.535659" lon="12.02237">
        <ele>1425</ele>
      </trkpt>
      <trkpt lat="47.535712" lon="12.022496">
        <ele>1426</ele>
      </trkpt>
      <trkpt lat="47.535782" lon="12.022604">
        <ele>1427.5</ele>
      </trkpt>
      <trkpt lat="47.535872" lon="12.022684">
        <ele>1428.25</ele>
      </trkpt>
      <trkpt lat="47.535941" lon="12.022776">
        <ele>1429</ele>
      </trkpt>
      <trkpt lat="47.536025" lon="12.023025">
        <ele>1431.5</ele>
      </trkpt>
      <trkpt lat="47.536189" lon="12.023565">
        <ele>1434</ele>
      </trkpt>
      <trkpt lat="47.536285" lon="12.023621">
        <ele>1435.25</ele>
      </trkpt>
      <trkpt lat="47.536719" lon="12.023746">
        <ele>1442</ele>
      </trkpt>
      <trkpt lat="47.536931" lon="12.023862">
        <ele>1446</ele>
      </trkpt>
      <trkpt lat="47.537143" lon="12.024062">
        <ele>1450.25</ele>
      </trkpt>
      <trkpt lat="47.53741" lon="12.024259">
        <ele>1454.25</ele>
      </trkpt>
      <trkpt lat="47.537569" lon="12.024561">
        <ele>1457</ele>
      </trkpt>
      <trkpt lat="47.5377" lon="12.024728">
        <ele>1458.25</ele>
      </trkpt>
      <trkpt lat="47.537865" lon="12.024992">
        <ele>1459.25</ele>
      </trkpt>
      <trkpt lat="47.538055" lon="12.02515">
        <ele>1461.75</ele>
      </trkpt>
      <trkpt lat="47.53818" lon="12.025465">
        <ele>1461.75</ele>
      </trkpt>
      <trkpt lat="47.538363" lon="12.025704">
        <ele>1462</ele>
      </trkpt>
      <trkpt lat="47.538546" lon="12.026182">
        <ele>1461</ele>
      </trkpt>
      <trkpt lat="47.538681" lon="12.026429">
        <ele>1462</ele>
      </trkpt>
      <trkpt lat="47.538766" lon="12.026493">
        <ele>1462.75</ele>
      </trkpt>
      <trkpt lat="47.539055" lon="12.026508">
        <ele>1464.25</ele>
      </trkpt>
      <trkpt lat="47.539165" lon="12.026531">
        <ele>1465</ele>
      </trkpt>
      <trkpt lat="47.539296" lon="12.026617">
        <ele>1465.5</ele>
      </trkpt>
      <trkpt lat="47.539787" lon="12.026636">
        <ele>1463.25</ele>
      </trkpt>
      <trkpt lat="47.540017" lon="12.026762">
        <ele>1463.5</ele>
      </trkpt>
      <trkpt lat="47.540169" lon="12.026934">
        <ele>1459.5</ele>
      </trkpt>
      <trkpt lat="47.540299" lon="12.027174">
        <ele>1456.5</ele>
      </trkpt>
      <trkpt lat="47.540441" lon="12.027555">
        <ele>1456</ele>
      </trkpt>
      <trkpt lat="47.540552" lon="12.027705">
        <ele>1454</ele>
      </trkpt>
      <trkpt lat="47.540645" lon="12.027784">
        <ele>1453.75</ele>
      </trkpt>
      <trkpt lat="47.540884" lon="12.028157">
        <ele>1450.75</ele>
      </trkpt>
      <trkpt lat="47.541196" lon="12.028412">
        <ele>1447.5</ele>
      </trkpt>
      <trkpt lat="47.54136" lon="12.028685">
        <ele>1446.5</ele>
      </trkpt>
      <trkpt lat="47.541429" lon="12.02898">
        <ele>1445.25</ele>
      </trkpt>
      <trkpt lat="47.541552" lon="12.029205">
        <ele>1443.25</ele>
      </trkpt>
      <trkpt lat="47.541704" lon="12.029387">
        <ele>1443.5</ele>
      </trkpt>
      <trkpt lat="47.541819" lon="12.02961">
        <ele>1443.25</ele>
      </trkpt>
      <trkpt lat="47.541922" lon="12.030084">
        <ele>1442</ele>
      </trkpt>
      <trkpt lat="47.541856" lon="12.030568">
        <ele>1438.5</ele>
      </trkpt>
      <trkpt lat="47.541717" lon="12.031036">
        <ele>1437.5</ele>
      </trkpt>
      <trkpt lat="47.541553" lon="12.031237">
        <ele>1437.25</ele>
      </trkpt>
      <trkpt lat="47.541436" lon="12.031358">
        <ele>1436.75</ele>
      </trkpt>
      <trkpt lat="47.541402" lon="12.031419">
        <ele>1436.5</ele>
      </trkpt>
      <trkpt lat="47.541378" lon="12.031519">
        <ele>1437.25</ele>
      </trkpt>
      <trkpt lat="47.541516" lon="12.031984">
        <ele>1436.5</ele>
      </trkpt>
      <trkpt lat="47.541668" lon="12.032224">
        <ele>1436</ele>
      </trkpt>
      <trkpt lat="47.541953" lon="12.032569">
        <ele>1437</ele>
      </trkpt>
      <trkpt lat="47.542178" lon="12.032929">
        <ele>1437.75</ele>
      </trkpt>
      <trkpt lat="47.542217" lon="12.033133">
        <ele>1437.25</ele>
      </trkpt>
      <trkpt lat="47.542234" lon="12.033413">
        <ele>1438.75</ele>
      </trkpt>
      <trkpt lat="47.542258" lon="12.033523">
        <ele>1439.75</ele>
      </trkpt>
      <trkpt lat="47.542412" lon="12.033709">
        <ele>1441.25</ele>
      </trkpt>
      <trkpt lat="47.542555" lon="12.033953">
        <ele>1443.25</ele>
      </trkpt>
      <trkpt lat="47.542743" lon="12.034183">
        <ele>1445</ele>
      </trkpt>
      <trkpt lat="47.542865" lon="12.034317">
        <ele>1447.75</ele>
      </trkpt>
      <trkpt lat="47.54299" lon="12.034395">
        <ele>1448</ele>
      </trkpt>
      <trkpt lat="47.543142" lon="12.034698">
        <ele>1449</ele>
      </trkpt>
      <trkpt lat="47.543336" lon="12.034824">
        <ele>1447.75</ele>
      </trkpt>
      <trkpt lat="47.543479" lon="12.034962">
        <ele>1448</ele>
      </trkpt>
      <trkpt lat="47.543629" lon="12.035122">
        <ele>1448</ele>
      </trkpt>
      <trkpt lat="47.543763" lon="12.035354">
        <ele>1449</ele>
      </trkpt>
      <trkpt lat="47.543887" lon="12.035422">
        <ele>1448.5</ele>
      </trkpt>
      <trkpt lat="47.544071" lon="12.03549">
        <ele>1449.5</ele>
      </trkpt>
      <trkpt lat="47.544242" lon="12.035609">
        <ele>1450</ele>
      </trkpt>
      <trkpt lat="47.544478" lon="12.035921">
        <ele>1452</ele>
      </trkpt>
      <trkpt lat="47.54459" lon="12.036092">
        <ele>1452.25</ele>
      </trkpt>
      <trkpt lat="47.54467" lon="12.036162">
        <ele>1451.5</ele>
      </trkpt>
      <trkpt lat="47.544839" lon="12.036208">
        <ele>1450.75</ele>
      </trkpt>
      <trkpt lat="47.544902" lon="12.036326">
        <ele>1450</ele>
      </trkpt>
      <trkpt lat="47.544928" lon="12.036453">
        <ele>1449.75</ele>
      </trkpt>
      <trkpt lat="47.544928" lon="12.036895">
        <ele>1450.25</ele>
      </trkpt>
      <trkpt lat="47.544956" lon="12.03702">
        <ele>1450</ele>
      </trkpt>
      <trkpt lat="47.545013" lon="12.037138">
        <ele>1450</ele>
      </trkpt>
      <trkpt lat="47.545267" lon="12.0376">
        <ele>1450.5</ele>
      </trkpt>
      <trkpt lat="47.545316" lon="12.0378">
        <ele>1451.25</ele>
      </trkpt>
      <trkpt lat="47.545294" lon="12.038357">
        <ele>1449</ele>
      </trkpt>
      <trkpt lat="47.545312" lon="12.038522">
        <ele>1446.75</ele>
      </trkpt>
      <trkpt lat="47.545398" lon="12.038792">
        <ele>1444</ele>
      </trkpt>
      <trkpt lat="47.545498" lon="12.038976">
        <ele>1442.75</ele>
      </trkpt>
      <trkpt lat="47.54556" lon="12.03904">
        <ele>1442.75</ele>
      </trkpt>
      <trkpt lat="47.545591" lon="12.039115">
        <ele>1441</ele>
      </trkpt>
      <trkpt lat="47.545566" lon="12.039166">
        <ele>1439</ele>
      </trkpt>
      <trkpt lat="47.545501" lon="12.03915">
        <ele>1438.25</ele>
      </trkpt>
      <trkpt lat="47.54514" lon="12.038959">
        <ele>1436</ele>
      </trkpt>
      <trkpt lat="47.545073" lon="12.039005">
        <ele>1435</ele>
      </trkpt>
      <trkpt lat="47.545022" lon="12.039118">
        <ele>1432.75</ele>
      </trkpt>
      <trkpt lat="47.54501" lon="12.039234">
        <ele>1431.5</ele>
      </trkpt>
      <trkpt lat="47.545021" lon="12.039337">
        <ele>1431</ele>
      </trkpt>
      <trkpt lat="47.545101" lon="12.039742">
        <ele>1426.5</ele>
      </trkpt>
      <trkpt lat="47.545113" lon="12.039915">
        <ele>1425</ele>
      </trkpt>
      <trkpt lat="47.545116" lon="12.039963">
        <ele>1424.5</ele>
      </trkpt>
      <trkpt lat="47.545122" lon="12.040059">
        <ele>1423</ele>
      </trkpt>
      <trkpt lat="47.545171" lon="12.040106">
        <ele>1420</ele>
      </trkpt>
      <trkpt lat="47.545224" lon="12.040038">
        <ele>1419.25</ele>
      </trkpt>
      <trkpt lat="47.545236" lon="12.039897">
        <ele>1420</ele>
      </trkpt>
      <trkpt lat="47.545277" lon="12.039828">
        <ele>1418.5</ele>
      </trkpt>
      <trkpt lat="47.54532" lon="12.039789">
        <ele>1418.5</ele>
      </trkpt>
      <trkpt lat="47.545424" lon="12.03981">
        <ele>1417.5</ele>
      </trkpt>
      <trkpt lat="47.545535" lon="12.039867">
        <ele>1414.5</ele>
      </trkpt>
      <trkpt lat="47.545653" lon="12.03989">
        <ele>1413.25</ele>
      </trkpt>
      <trkpt lat="47.545832" lon="12.039896">
        <ele>1413</ele>
      </trkpt>
      <trkpt lat="47.545872" lon="12.039967">
        <ele>1409.75</ele>
      </trkpt>
      <trkpt lat="47.545846" lon="12.040037">
        <ele>1407.25</ele>
      </trkpt>
      <trkpt lat="47.545671" lon="12.040064">
        <ele>1406.75</ele>
      </trkpt>
      <trkpt lat="47.545537" lon="12.040134">
        <ele>1405.75</ele>
      </trkpt>
      <trkpt lat="47.545459" lon="12.040328">
        <ele>1404</ele>
      </trkpt>
      <trkpt lat="47.545483" lon="12.040422">
        <ele>1402.25</ele>
      </trkpt>
      <trkpt lat="47.54553" lon="12.040478">
        <ele>1400.25</ele>
      </trkpt>
      <trkpt lat="47.545596" lon="12.040505">
        <ele>1398.5</ele>
      </trkpt>
      <trkpt lat="47.545815" lon="12.04052">
        <ele>1394.5</ele>
      </trkpt>
      <trkpt lat="47.545981" lon="12.040587">
        <ele>1391.5</ele>
      </trkpt>
      <trkpt lat="47.546152" lon="12.040681">
        <ele>1389.25</ele>
      </trkpt>
      <trkpt lat="47.54642" lon="12.040928">
        <ele>1385</ele>
      </trkpt>
      <trkpt lat="47.546757" lon="12.041106">
        <ele>1378.25</ele>
      </trkpt>
      <trkpt lat="47.546953" lon="12.041185">
        <ele>1375.75</ele>
      </trkpt>
      <trkpt lat="47.547072" lon="12.041325">
        <ele>1374.25</ele>
      </trkpt>
      <trkpt lat="47.547233" lon="12.041565">
        <ele>1371</ele>
      </trkpt>
      <trkpt lat="47.547571" lon="12.04195">
        <ele>1366.5</ele>
      </trkpt>
      <trkpt lat="47.547943" lon="12.042492">
        <ele>1361.5</ele>
      </trkpt>
      <trkpt lat="47.548115" lon="12.042713">
        <ele>1359.5</ele>
      </trkpt>
      <trkpt lat="47.548241" lon="12.042821">
        <ele>1358.5</ele>
      </trkpt>
      <trkpt lat="47.548438" lon="12.042957">
        <ele>1357.75</ele>
      </trkpt>
      <trkpt lat="47.549056" lon="12.043325">
        <ele>1357</ele>
      </trkpt>
      <trkpt lat="47.549141" lon="12.04339">
        <ele>1357</ele>
      </trkpt>
      <trkpt lat="47.549193" lon="12.043478">
        <ele>1357</ele>
      </trkpt>
      <trkpt lat="47.549277" lon="12.043806">
        <ele>1357.5</ele>
      </trkpt>
      <trkpt lat="47.549334" lon="12.043964">
        <ele>1357</ele>
      </trkpt>
      <trkpt lat="47.549442" lon="12.044124">
        <ele>1355.25</ele>
      </trkpt>
      <trkpt lat="47.549616" lon="12.044362">
        <ele>1354.25</ele>
      </trkpt>
      <trkpt lat="47.549674" lon="12.044432">
        <ele>1354.25</ele>
      </trkpt>
      <trkpt lat="47.549768" lon="12.044477">
        <ele>1354.25</ele>
      </trkpt>
      <trkpt lat="47.550013" lon="12.044531">
        <ele>1354.5</ele>
      </trkpt>
      <trkpt lat="47.550092" lon="12.044574">
        <ele>1353.75</ele>
      </trkpt>
      <trkpt lat="47.550283" lon="12.04476">
        <ele>1354.75</ele>
      </trkpt>
      <trkpt lat="47.550444" lon="12.04486">
        <ele>1356.25</ele>
      </trkpt>
      <trkpt lat="47.550609" lon="12.044919">
        <ele>1356.75</ele>
      </trkpt>
      <trkpt lat="47.550854" lon="12.044946">
        <ele>1358.75</ele>
      </trkpt>
      <trkpt lat="47.550966" lon="12.044977">
        <ele>1359.75</ele>
      </trkpt>
      <trkpt lat="47.551275" lon="12.045209">
        <ele>1362.25</ele>
      </trkpt>
      <trkpt lat="47.551392" lon="12.04535">
        <ele>1363.75</ele>
      </trkpt>
      <trkpt lat="47.551464" lon="12.045493">
        <ele>1365.5</ele>
      </trkpt>
      <trkpt lat="47.551514" lon="12.045667">
        <ele>1366.25</ele>
      </trkpt>
      <trkpt lat="47.551534" lon="12.045813">
        <ele>1366.75</ele>
      </trkpt>
      <trkpt lat="47.551548" lon="12.046011">
        <ele>1368.25</ele>
      </trkpt>
      <trkpt lat="47.551574" lon="12.046083">
        <ele>1369</ele>
      </trkpt>
      <trkpt lat="47.551606" lon="12.046141">
        <ele>1369.25</ele>
      </trkpt>
      <trkpt lat="47.551845" lon="12.046378">
        <ele>1370.5</ele>
      </trkpt>
      <trkpt lat="47.5519" lon="12.04645">
        <ele>1371.5</ele>
      </trkpt>
      <trkpt lat="47.552105" lon="12.046685">
        <ele>1373</ele>
      </trkpt>
      <trkpt lat="47.552361" lon="12.047041">
        <ele>1375.25</ele>
      </trkpt>
      <trkpt lat="47.552624" lon="12.047379">
        <ele>1374</ele>
      </trkpt>
      <trkpt lat="47.552697" lon="12.047449">
        <ele>1373.25</ele>
      </trkpt>
      <trkpt lat="47.552799" lon="12.047512">
        <ele>1372.25</ele>
      </trkpt>
      <trkpt lat="47.552874" lon="12.047583">
        <ele>1372.25</ele>
      </trkpt>
      <trkpt lat="47.552971" lon="12.047781">
        <ele>1368.25</ele>
      </trkpt>
      <trkpt lat="47.55302" lon="12.047856">
        <ele>1367</ele>
      </trkpt>
      <trkpt lat="47.553124" lon="12.047956">
        <ele>1366.5</ele>
      </trkpt>
      <trkpt lat="47.553533" lon="12.048231">
        <ele>1364.5</ele>
      </trkpt>
      <trkpt lat="47.553679" lon="12.048365">
        <ele>1363.25</ele>
      </trkpt>
      <trkpt lat="47.553745" lon="12.048409">
        <ele>1363.5</ele>
      </trkpt>
      <trkpt lat="47.553815" lon="12.048428">
        <ele>1364</ele>
      </trkpt>
      <trkpt lat="47.55401" lon="12.048431">
        <ele>1365.75</ele>
      </trkpt>
      <trkpt lat="47.554023" lon="12.04855">
        <ele>1364.75</ele>
      </trkpt>
      <trkpt lat="47.554019" lon="12.04883">
        <ele>1364.25</ele>
      </trkpt>
      <trkpt lat="47.554048" lon="12.048924">
        <ele>1364.5</ele>
      </trkpt>
      <trkpt lat="47.554104" lon="12.049174">
        <ele>1364</ele>
      </trkpt>
      <trkpt lat="47.554142" lon="12.049394">
        <ele>1363.75</ele>
      </trkpt>
      <trkpt lat="47.554181" lon="12.049675">
        <ele>1363.5</ele>
      </trkpt>
      <trkpt lat="47.554227" lon="12.049805">
        <ele>1364.25</ele>
      </trkpt>
      <trkpt lat="47.554275" lon="12.049991">
        <ele>1363.75</ele>
      </trkpt>
      <trkpt lat="47.55429" lon="12.050309">
        <ele>1362.5</ele>
      </trkpt>
      <trkpt lat="47.554329" lon="12.050487">
        <ele>1361.25</ele>
      </trkpt>
      <trkpt lat="47.554458" lon="12.050766">
        <ele>1359.25</ele>
      </trkpt>
      <trkpt lat="47.554552" lon="12.051055">
        <ele>1357.75</ele>
      </trkpt>
      <trkpt lat="47.554625" lon="12.051134">
        <ele>1357.25</ele>
      </trkpt>
      <trkpt lat="47.554788" lon="12.051282">
        <ele>1355.5</ele>
      </trkpt>
      <trkpt lat="47.55493" lon="12.051372">
        <ele>1354</ele>
      </trkpt>
      <trkpt lat="47.55504" lon="12.051414">
        <ele>1353.5</ele>
      </trkpt>
      <trkpt lat="47.555268" lon="12.051589">
        <ele>1350.75</ele>
      </trkpt>
      <trkpt lat="47.555388" lon="12.051614">
        <ele>1349.75</ele>
      </trkpt>
      <trkpt lat="47.555556" lon="12.051729">
        <ele>1346.5</ele>
      </trkpt>
      <trkpt lat="47.555936" lon="12.051918">
        <ele>1341.75</ele>
      </trkpt>
      <trkpt lat="47.556067" lon="12.05201">
        <ele>1339.5</ele>
      </trkpt>
      <trkpt lat="47.556126" lon="12.052117">
        <ele>1338.75</ele>
      </trkpt>
      <trkpt lat="47.556166" lon="12.052205">
        <ele>1338</ele>
      </trkpt>
      <trkpt lat="47.556177" lon="12.052321">
        <ele>1336.75</ele>
      </trkpt>
      <trkpt lat="47.556233" lon="12.052581">
        <ele>1334.25</ele>
      </trkpt>
      <trkpt lat="47.556394" lon="12.052768">
        <ele>1332</ele>
      </trkpt>
      <trkpt lat="47.556527" lon="12.052989">
        <ele>1332</ele>
      </trkpt>
      <trkpt lat="47.55656" lon="12.053088">
        <ele>1332.25</ele>
      </trkpt>
      <trkpt lat="47.556593" lon="12.053363">
        <ele>1332.75</ele>
      </trkpt>
      <trkpt lat="47.556841" lon="12.053807">
        <ele>1332.25</ele>
      </trkpt>
      <trkpt lat="47.556888" lon="12.053965">
        <ele>1332</ele>
      </trkpt>
      <trkpt lat="47.556953" lon="12.054087">
        <ele>1331.5</ele>
      </trkpt>
      <trkpt lat="47.557098" lon="12.054197">
        <ele>1330.75</ele>
      </trkpt>
      <trkpt lat="47.557261" lon="12.054447">
        <ele>1328.5</ele>
      </trkpt>
      <trkpt lat="47.557328" lon="12.054692">
        <ele>1328</ele>
      </trkpt>
      <trkpt lat="47.557331" lon="12.055076">
        <ele>1327.25</ele>
      </trkpt>
      <trkpt lat="47.557324" lon="12.055178">
        <ele>1327.5</ele>
      </trkpt>
      <trkpt lat="47.557363" lon="12.055258">
        <ele>1327.25</ele>
      </trkpt>
      <trkpt lat="47.557424" lon="12.055318">
        <ele>1327.25</ele>
      </trkpt>
      <trkpt lat="47.5575" lon="12.055517">
        <ele>1326.75</ele>
      </trkpt>
      <trkpt lat="47.557527" lon="12.05587">
        <ele>1325.5</ele>
      </trkpt>
      <trkpt lat="47.557498" lon="12.056084">
        <ele>1327.75</ele>
      </trkpt>
      <trkpt lat="47.557498" lon="12.056245">
        <ele>1328</ele>
      </trkpt>
      <trkpt lat="47.557517" lon="12.056326">
        <ele>1327.75</ele>
      </trkpt>
      <trkpt lat="47.557566" lon="12.056382">
        <ele>1327.25</ele>
      </trkpt>
      <trkpt lat="47.557705" lon="12.056461">
        <ele>1327</ele>
      </trkpt>
      <trkpt lat="47.557814" lon="12.056568">
        <ele>1326.5</ele>
      </trkpt>
      <trkpt lat="47.558082" lon="12.056965">
        <ele>1323.25</ele>
      </trkpt>
      <trkpt lat="47.558153" lon="12.057146">
        <ele>1323.5</ele>
      </trkpt>
      <trkpt lat="47.558225" lon="12.057229">
        <ele>1323.5</ele>
      </trkpt>
      <trkpt lat="47.558322" lon="12.057299">
        <ele>1323.5</ele>
      </trkpt>
      <trkpt lat="47.558436" lon="12.057426">
        <ele>1323.25</ele>
      </trkpt>
      <trkpt lat="47.558548" lon="12.057586">
        <ele>1323.75</ele>
      </trkpt>
      <trkpt lat="47.558642" lon="12.057668">
        <ele>1323.75</ele>
      </trkpt>
      <trkpt lat="47.558788" lon="12.057777">
        <ele>1324.5</ele>
      </trkpt>
      <trkpt lat="47.558863" lon="12.057879">
        <ele>1325.25</ele>
      </trkpt>
      <trkpt lat="47.559318" lon="12.058732">
        <ele>1328</ele>
      </trkpt>
      <trkpt lat="47.559404" lon="12.058962">
        <ele>1329</ele>
      </trkpt>
      <trkpt lat="47.559427" lon="12.059103">
        <ele>1329</ele>
      </trkpt>
      <trkpt lat="47.559411" lon="12.05927">
        <ele>1329</ele>
      </trkpt>
      <trkpt lat="47.559349" lon="12.059441">
        <ele>1329.75</ele>
      </trkpt>
      <trkpt lat="47.559299" lon="12.059688">
        <ele>1329.25</ele>
      </trkpt>
      <trkpt lat="47.559263" lon="12.060192">
        <ele>1327.75</ele>
      </trkpt>
      <trkpt lat="47.559184" lon="12.060459">
        <ele>1326.5</ele>
      </trkpt>
      <trkpt lat="47.559085" lon="12.06073">
        <ele>1325.25</ele>
      </trkpt>
      <trkpt lat="47.558937" lon="12.061069">
        <ele>1323.25</ele>
      </trkpt>
      <trkpt lat="47.558831" lon="12.061345">
        <ele>1322.5</ele>
      </trkpt>
      <trkpt lat="47.558798" lon="12.061494">
        <ele>1321.5</ele>
      </trkpt>
      <trkpt lat="47.558676" lon="12.061715">
        <ele>1320.5</ele>
      </trkpt>
      <trkpt lat="47.55865" lon="12.062027">
        <ele>1319.75</ele>
      </trkpt>
      <trkpt lat="47.558716" lon="12.062275">
        <ele>1319.5</ele>
      </trkpt>
      <trkpt lat="47.558823" lon="12.062721">
        <ele>1319</ele>
      </trkpt>
      <trkpt lat="47.55882" lon="12.063071">
        <ele>1317.75</ele>
      </trkpt>
      <trkpt lat="47.558885" lon="12.063301">
        <ele>1317.75</ele>
      </trkpt>
      <trkpt lat="47.558888" lon="12.063965">
        <ele>1317</ele>
      </trkpt>
      <trkpt lat="47.55888" lon="12.064315">
        <ele>1317</ele>
      </trkpt>
      <trkpt lat="47.558904" lon="12.064381">
        <ele>1316.5</ele>
      </trkpt>
      <trkpt lat="47.559199" lon="12.064958">
        <ele>1312.25</ele>
      </trkpt>
      <trkpt lat="47.559294" lon="12.065063">
        <ele>1312.25</ele>
      </trkpt>
      <trkpt lat="47.559432" lon="12.065091">
        <ele>1311</ele>
      </trkpt>
      <trkpt lat="47.559591" lon="12.065089">
        <ele>1309.5</ele>
      </trkpt>
      <trkpt lat="47.5597" lon="12.065176">
        <ele>1310.5</ele>
      </trkpt>
      <trkpt lat="47.559848" lon="12.065196">
        <ele>1312</ele>
      </trkpt>
      <trkpt lat="47.560111" lon="12.06509">
        <ele>1312</ele>
      </trkpt>
      <trkpt lat="47.56024" lon="12.065103">
        <ele>1311.5</ele>
      </trkpt>
      <trkpt lat="47.56033" lon="12.065157">
        <ele>1311.25</ele>
      </trkpt>
      <trkpt lat="47.560419" lon="12.065222">
        <ele>1310</ele>
      </trkpt>
      <trkpt lat="47.560499" lon="12.065381">
        <ele>1306.75</ele>
      </trkpt>
      <trkpt lat="47.560531" lon="12.065541">
        <ele>1304</ele>
      </trkpt>
      <trkpt lat="47.56054" lon="12.065704">
        <ele>1301.75</ele>
      </trkpt>
      <trkpt lat="47.56051" lon="12.065914">
        <ele>1299</ele>
      </trkpt>
      <trkpt lat="47.560411" lon="12.066202">
        <ele>1295.75</ele>
      </trkpt>
      <trkpt lat="47.560345" lon="12.066657">
        <ele>1290</ele>
      </trkpt>
      <trkpt lat="47.560218" lon="12.06708">
        <ele>1289.75</ele>
      </trkpt>
      <trkpt lat="47.560243" lon="12.067139">
        <ele>1287.25</ele>
      </trkpt>
      <trkpt lat="47.560305" lon="12.067142">
        <ele>1282.75</ele>
      </trkpt>
      <trkpt lat="47.560354" lon="12.067073">
        <ele>1281.25</ele>
      </trkpt>
      <trkpt lat="47.560414" lon="12.06689">
        <ele>1281</ele>
      </trkpt>
      <trkpt lat="47.56055" lon="12.066621">
        <ele>1278.75</ele>
      </trkpt>
      <trkpt lat="47.560612" lon="12.066624">
        <ele>1275.5</ele>
      </trkpt>
      <trkpt lat="47.56063" lon="12.066695">
        <ele>1273</ele>
      </trkpt>
      <trkpt lat="47.560471" lon="12.067547">
        <ele>1268.25</ele>
      </trkpt>
      <trkpt lat="47.56054" lon="12.067754">
        <ele>1265.5</ele>
      </trkpt>
      <trkpt lat="47.560656" lon="12.068003">
        <ele>1263</ele>
      </trkpt>
      <trkpt lat="47.560801" lon="12.068076">
        <ele>1259.75</ele>
      </trkpt>
      <trkpt lat="47.560906" lon="12.068104">
        <ele>1256.5</ele>
      </trkpt>
      <trkpt lat="47.560954" lon="12.068176">
        <ele>1255.5</ele>
      </trkpt>
      <trkpt lat="47.560987" lon="12.068256">
        <ele>1254.75</ele>
      </trkpt>
      <trkpt lat="47.561" lon="12.068446">
        <ele>1253.25</ele>
      </trkpt>
      <trkpt lat="47.560988" lon="12.068527">
        <ele>1252.5</ele>
      </trkpt>
      <trkpt lat="47.560894" lon="12.068669">
        <ele>1252</ele>
      </trkpt>
      <trkpt lat="47.560732" lon="12.068812">
        <ele>1249.5</ele>
      </trkpt>
      <trkpt lat="47.560476" lon="12.068954">
        <ele>1246</ele>
      </trkpt>
      <trkpt lat="47.560326" lon="12.068991">
        <ele>1244.75</ele>
      </trkpt>
      <trkpt lat="47.560108" lon="12.069166">
        <ele>1239.25</ele>
      </trkpt>
      <trkpt lat="47.559912" lon="12.069245">
        <ele>1237.25</ele>
      </trkpt>
      <trkpt lat="47.559693" lon="12.06929">
        <ele>1235</ele>
      </trkpt>
      <trkpt lat="47.559595" lon="12.069303">
        <ele>1233.5</ele>
      </trkpt>
      <trkpt lat="47.559458" lon="12.069306">
        <ele>1232.5</ele>
      </trkpt>
      <trkpt lat="47.559029" lon="12.069478">
        <ele>1226.25</ele>
      </trkpt>
      <trkpt lat="47.558886" lon="12.069554">
        <ele>1225.5</ele>
      </trkpt>
      <trkpt lat="47.558796" lon="12.069655">
        <ele>1222.75</ele>
      </trkpt>
      <trkpt lat="47.558775" lon="12.06971">
        <ele>1221.25</ele>
      </trkpt>
      <trkpt lat="47.558772" lon="12.069771">
        <ele>1220.25</ele>
      </trkpt>
      <trkpt lat="47.558809" lon="12.069878">
        <ele>1219</ele>
      </trkpt>
      <trkpt lat="47.558907" lon="12.069966">
        <ele>1218.25</ele>
      </trkpt>
      <trkpt lat="47.559071" lon="12.069924">
        <ele>1217</ele>
      </trkpt>
      <trkpt lat="47.559256" lon="12.069831">
        <ele>1214.5</ele>
      </trkpt>
      <trkpt lat="47.559414" lon="12.069776">
        <ele>1212.5</ele>
      </trkpt>
      <trkpt lat="47.559615" lon="12.0698">
        <ele>1211</ele>
      </trkpt>
      <trkpt lat="47.559768" lon="12.069844">
        <ele>1208.5</ele>
      </trkpt>
      <trkpt lat="47.560108" lon="12.06987">
        <ele>1205</ele>
      </trkpt>
      <trkpt lat="47.560768" lon="12.070007">
        <ele>1195.25</ele>
      </trkpt>
      <trkpt lat="47.561519" lon="12.070124">
        <ele>1184.75</ele>
      </trkpt>
      <trkpt lat="47.56177" lon="12.070205">
        <ele>1181</ele>
      </trkpt>
      <trkpt lat="47.562353" lon="12.070522">
        <ele>1171.75</ele>
      </trkpt>
      <trkpt lat="47.562387" lon="12.070577">
        <ele>1170.25</ele>
      </trkpt>
      <trkpt lat="47.562398" lon="12.070622">
        <ele>1169.25</ele>
      </trkpt>
      <trkpt lat="47.562354" lon="12.070666">
        <ele>1168.25</ele>
      </trkpt>
      <trkpt lat="47.562064" lon="12.070713">
        <ele>1167.75</ele>
      </trkpt>
      <trkpt lat="47.56186" lon="12.07082">
        <ele>1165</ele>
      </trkpt>
      <trkpt lat="47.561576" lon="12.070906">
        <ele>1162.75</ele>
      </trkpt>
      <trkpt lat="47.561455" lon="12.070976">
        <ele>1162.25</ele>
      </trkpt>
      <trkpt lat="47.561436" lon="12.071032">
        <ele>1161.5</ele>
      </trkpt>
      <trkpt lat="47.56144" lon="12.07109">
        <ele>1160.75</ele>
      </trkpt>
      <trkpt lat="47.56147" lon="12.071143">
        <ele>1160.25</ele>
      </trkpt>
      <trkpt lat="47.561557" lon="12.071169">
        <ele>1159</ele>
      </trkpt>
      <trkpt lat="47.561711" lon="12.07127">
        <ele>1157</ele>
      </trkpt>
      <trkpt lat="47.561923" lon="12.071387">
        <ele>1154.25</ele>
      </trkpt>
      <trkpt lat="47.562215" lon="12.071416">
        <ele>1151</ele>
      </trkpt>
      <trkpt lat="47.562468" lon="12.071361">
        <ele>1149</ele>
      </trkpt>
      <trkpt lat="47.562615" lon="12.071348">
        <ele>1148.25</ele>
      </trkpt>
      <trkpt lat="47.562808" lon="12.071455">
        <ele>1145.5</ele>
      </trkpt>
      <trkpt lat="47.563059" lon="12.071748">
        <ele>1141</ele>
      </trkpt>
      <trkpt lat="47.563272" lon="12.072013">
        <ele>1139</ele>
      </trkpt>
      <trkpt lat="47.56351" lon="12.072279">
        <ele>1134.75</ele>
      </trkpt>
      <trkpt lat="47.563621" lon="12.072367">
        <ele>1134.25</ele>
      </trkpt>
      <trkpt lat="47.563693" lon="12.072379">
        <ele>1133.5</ele>
      </trkpt>
      <trkpt lat="47.563795" lon="12.072462">
        <ele>1132.5</ele>
      </trkpt>
      <trkpt lat="47.56386" lon="12.072505">
        <ele>1132</ele>
      </trkpt>
      <trkpt lat="47.563947" lon="12.072538">
        <ele>1131.75</ele>
      </trkpt>
      <trkpt lat="47.564232" lon="12.072581">
        <ele>1131.25</ele>
      </trkpt>
      <trkpt lat="47.564464" lon="12.072578">
        <ele>1132</ele>
      </trkpt>
      <trkpt lat="47.564785" lon="12.07255">
        <ele>1133.75</ele>
      </trkpt>
      <trkpt lat="47.564855" lon="12.072484">
        <ele>1133.75</ele>
      </trkpt>
      <trkpt lat="47.564902" lon="12.072386">
        <ele>1132.75</ele>
      </trkpt>
      <trkpt lat="47.564957" lon="12.072213">
        <ele>1130.5</ele>
      </trkpt>
      <trkpt lat="47.565072" lon="12.071973">
        <ele>1128.5</ele>
      </trkpt>
      <trkpt lat="47.565199" lon="12.071539">
        <ele>1125.5</ele>
      </trkpt>
      <trkpt lat="47.565264" lon="12.071174">
        <ele>1123.75</ele>
      </trkpt>
      <trkpt lat="47.565309" lon="12.070962">
        <ele>1120.75</ele>
      </trkpt>
      <trkpt lat="47.565498" lon="12.070703">
        <ele>1119.25</ele>
      </trkpt>
      <trkpt lat="47.565535" lon="12.070434">
        <ele>1116.5</ele>
      </trkpt>
      <trkpt lat="47.565609" lon="12.070311">
        <ele>1117</ele>
      </trkpt>
      <trkpt lat="47.565691" lon="12.070224">
        <ele>1116.75</ele>
      </trkpt>
      <trkpt lat="47.56579" lon="12.070252">
        <ele>1118.75</ele>
      </trkpt>
      <trkpt lat="47.565859" lon="12.070343">
        <ele>1120.25</ele>
      </trkpt>
      <trkpt lat="47.565951" lon="12.070595">
        <ele>1121.25</ele>
      </trkpt>
      <trkpt lat="47.566147" lon="12.071809">
        <ele>1126.5</ele>
      </trkpt>
      <trkpt lat="47.56616" lon="12.072032">
        <ele>1127.25</ele>
      </trkpt>
      <trkpt lat="47.566141" lon="12.072233">
        <ele>1128.25</ele>
      </trkpt>
      <trkpt lat="47.566055" lon="12.072458">
        <ele>1129.5</ele>
      </trkpt>
      <trkpt lat="47.565921" lon="12.072631">
        <ele>1131.5</ele>
      </trkpt>
      <trkpt lat="47.565855" lon="12.072779">
        <ele>1131.5</ele>
      </trkpt>
      <trkpt lat="47.565856" lon="12.072933">
        <ele>1133</ele>
      </trkpt>
      <trkpt lat="47.565927" lon="12.07314">
        <ele>1133.75</ele>
      </trkpt>
      <trkpt lat="47.566452" lon="12.074391">
        <ele>1136.75</ele>
      </trkpt>
      <trkpt lat="47.566897" lon="12.075529">
        <ele>1142.5</ele>
      </trkpt>
      <trkpt lat="47.566991" lon="12.075981">
        <ele>1144.75</ele>
      </trkpt>
      <trkpt lat="47.56703" lon="12.076235">
        <ele>1145.5</ele>
      </trkpt>
      <trkpt lat="47.567016" lon="12.076399">
        <ele>1146.25</ele>
      </trkpt>
      <trkpt lat="47.566962" lon="12.076531">
        <ele>1145.25</ele>
      </trkpt>
      <trkpt lat="47.566751" lon="12.076721">
        <ele>1149</ele>
      </trkpt>
      <trkpt lat="47.566678" lon="12.076845">
        <ele>1150</ele>
      </trkpt>
      <trkpt lat="47.566556" lon="12.077095">
        <ele>1148.5</ele>
      </trkpt>
      <trkpt lat="47.566449" lon="12.077247">
        <ele>1150</ele>
      </trkpt>
      <trkpt lat="47.566309" lon="12.077415">
        <ele>1151.5</ele>
      </trkpt>
      <trkpt lat="47.566208" lon="12.077568">
        <ele>1152.25</ele>
      </trkpt>
      <trkpt lat="47.566132" lon="12.077753">
        <ele>1153.25</ele>
      </trkpt>
      <trkpt lat="47.566078" lon="12.077957">
        <ele>1154.75</ele>
      </trkpt>
      <trkpt lat="47.566081" lon="12.078068">
        <ele>1155</ele>
      </trkpt>
      <trkpt lat="47.566121" lon="12.078133">
        <ele>1155.5</ele>
      </trkpt>
      <trkpt lat="47.566186" lon="12.07821">
        <ele>1155.5</ele>
      </trkpt>
      <trkpt lat="47.566293" lon="12.078317">
        <ele>1156.25</ele>
      </trkpt>
      <trkpt lat="47.566379" lon="12.078382">
        <ele>1155.75</ele>
      </trkpt>
      <trkpt lat="47.566426" lon="12.078484">
        <ele>1155.75</ele>
      </trkpt>
      <trkpt lat="47.566414" lon="12.07858">
        <ele>1157.25</ele>
      </trkpt>
      <trkpt lat="47.566376" lon="12.078718">
        <ele>1159.75</ele>
      </trkpt>
      <trkpt lat="47.566381" lon="12.078807">
        <ele>1159.75</ele>
      </trkpt>
      <trkpt lat="47.566535" lon="12.079192">
        <ele>1161</ele>
      </trkpt>
      <trkpt lat="47.566549" lon="12.079288">
        <ele>1160.25</ele>
      </trkpt>
      <trkpt lat="47.566504" lon="12.079378">
        <ele>1161.5</ele>
      </trkpt>
      <trkpt lat="47.566395" lon="12.079477">
        <ele>1164.25</ele>
      </trkpt>
      <trkpt lat="47.566331" lon="12.079605">
        <ele>1165.75</ele>
      </trkpt>
      <trkpt lat="47.566303" lon="12.080167">
        <ele>1168.75</ele>
      </trkpt>
      <trkpt lat="47.566315" lon="12.080262">
        <ele>1169.5</ele>
      </trkpt>
      <trkpt lat="47.566369" lon="12.080312">
        <ele>1168</ele>
      </trkpt>
      <trkpt lat="47.566457" lon="12.08034">
        <ele>1167.5</ele>
      </trkpt>
      <trkpt lat="47.566722" lon="12.080395">
        <ele>1168.25</ele>
      </trkpt>
      <trkpt lat="47.566855" lon="12.08045">
        <ele>1169.25</ele>
      </trkpt>
      <trkpt lat="47.56709" lon="12.080636">
        <ele>1172.5</ele>
      </trkpt>
      <trkpt lat="47.567164" lon="12.08068">
        <ele>1172.5</ele>
      </trkpt>
      <trkpt lat="47.567227" lon="12.080688">
        <ele>1171.25</ele>
      </trkpt>
      <trkpt lat="47.567487" lon="12.080656">
        <ele>1173.75</ele>
      </trkpt>
      <trkpt lat="47.567587" lon="12.080682">
        <ele>1173.5</ele>
      </trkpt>
      <trkpt lat="47.56767" lon="12.080734">
        <ele>1174</ele>
      </trkpt>
      <trkpt lat="47.567746" lon="12.08081">
        <ele>1175.5</ele>
      </trkpt>
      <trkpt lat="47.567922" lon="12.081112">
        <ele>1175.75</ele>
      </trkpt>
      <trkpt lat="47.567958" lon="12.081235">
        <ele>1178.25</ele>
      </trkpt>
      <trkpt lat="47.568013" lon="12.0813">
        <ele>1178.75</ele>
      </trkpt>
      <trkpt lat="47.568072" lon="12.081344">
        <ele>1178.75</ele>
      </trkpt>
      <trkpt lat="47.568269" lon="12.081442">
        <ele>1178.75</ele>
      </trkpt>
      <trkpt lat="47.568456" lon="12.081608">
        <ele>1180.5</ele>
      </trkpt>
      <trkpt lat="47.568733" lon="12.081808">
        <ele>1181.5</ele>
      </trkpt>
      <trkpt lat="47.56886" lon="12.081955">
        <ele>1182.5</ele>
      </trkpt>
      <trkpt lat="47.569008" lon="12.082067">
        <ele>1180.25</ele>
      </trkpt>
      <trkpt lat="47.569097" lon="12.082082">
        <ele>1179</ele>
      </trkpt>
      <trkpt lat="47.569141" lon="12.082132">
        <ele>1178.25</ele>
      </trkpt>
      <trkpt lat="47.56915" lon="12.082189">
        <ele>1178</ele>
      </trkpt>
      <trkpt lat="47.569141" lon="12.08226">
        <ele>1177.5</ele>
      </trkpt>
      <trkpt lat="47.569025" lon="12.082409">
        <ele>1176.25</ele>
      </trkpt>
      <trkpt lat="47.568617" lon="12.083042">
        <ele>1167.25</ele>
      </trkpt>
      <trkpt lat="47.568542" lon="12.083313">
        <ele>1164.25</ele>
      </trkpt>
      <trkpt lat="47.568533" lon="12.083506">
        <ele>1162</ele>
      </trkpt>
      <trkpt lat="47.568582" lon="12.083659">
        <ele>1158</ele>
      </trkpt>
      <trkpt lat="47.568569" lon="12.083852">
        <ele>1157.5</ele>
      </trkpt>
      <trkpt lat="47.568497" lon="12.08397">
        <ele>1155.75</ele>
      </trkpt>
      <trkpt lat="47.568377" lon="12.083996">
        <ele>1158.25</ele>
      </trkpt>
      <trkpt lat="47.568252" lon="12.083983">
        <ele>1162</ele>
      </trkpt>
      <trkpt lat="47.568122" lon="12.08401">
        <ele>1163.75</ele>
      </trkpt>
      <trkpt lat="47.56805" lon="12.084096">
        <ele>1163</ele>
      </trkpt>
      <trkpt lat="47.567997" lon="12.084141">
        <ele>1163.75</ele>
      </trkpt>
      <trkpt lat="47.568042" lon="12.084405">
        <ele>1158.75</ele>
      </trkpt>
      <trkpt lat="47.568091" lon="12.084581">
        <ele>1159.75</ele>
      </trkpt>
      <trkpt lat="47.568759" lon="12.085043">
        <ele>1151</ele>
      </trkpt>
      <trkpt lat="47.569216" lon="12.085481">
        <ele>1146.75</ele>
      </trkpt>
      <trkpt lat="47.569566" lon="12.086024">
        <ele>1146.25</ele>
      </trkpt>
      <trkpt lat="47.569649" lon="12.086137">
        <ele>1147</ele>
      </trkpt>
      <trkpt lat="47.569958" lon="12.086303">
        <ele>1143.5</ele>
      </trkpt>
      <trkpt lat="47.570053" lon="12.086406">
        <ele>1142.5</ele>
      </trkpt>
      <trkpt lat="47.570088" lon="12.086488">
        <ele>1142.5</ele>
      </trkpt>
      <trkpt lat="47.57012" lon="12.086646">
        <ele>1144.25</ele>
      </trkpt>
      <trkpt lat="47.570171" lon="12.086707">
        <ele>1143.75</ele>
      </trkpt>
      <trkpt lat="47.570228" lon="12.086727">
        <ele>1142</ele>
      </trkpt>
      <trkpt lat="47.570279" lon="12.086771">
        <ele>1141.5</ele>
      </trkpt>
      <trkpt lat="47.570499" lon="12.087015">
        <ele>1141</ele>
      </trkpt>
      <trkpt lat="47.570522" lon="12.087143">
        <ele>1143.25</ele>
      </trkpt>
      <trkpt lat="47.570642" lon="12.087497">
        <ele>1147.5</ele>
      </trkpt>
      <trkpt lat="47.570666" lon="12.087704">
        <ele>1148</ele>
      </trkpt>
      <trkpt lat="47.570665" lon="12.087887">
        <ele>1148.5</ele>
      </trkpt>
      <trkpt lat="47.570616" lon="12.08822">
        <ele>1151.75</ele>
      </trkpt>
      <trkpt lat="47.570635" lon="12.088513">
        <ele>1154.75</ele>
      </trkpt>
      <trkpt lat="47.57071" lon="12.088774">
        <ele>1156.25</ele>
      </trkpt>
      <trkpt lat="47.570713" lon="12.08888">
        <ele>1158.5</ele>
      </trkpt>
      <trkpt lat="47.570576" lon="12.088694">
        <ele>1161.75</ele>
      </trkpt>
      <trkpt lat="47.570481" lon="12.088579">
        <ele>1165</ele>
      </trkpt>
      <trkpt lat="47.570387" lon="12.088488">
        <ele>1169.5</ele>
      </trkpt>
      <trkpt lat="47.570342" lon="12.088474">
        <ele>1172.25</ele>
      </trkpt>
      <trkpt lat="47.570303" lon="12.088507">
        <ele>1175.25</ele>
      </trkpt>
      <trkpt lat="47.57028" lon="12.088567">
        <ele>1178</ele>
      </trkpt>
      <trkpt lat="47.570296" lon="12.088671">
        <ele>1179.5</ele>
      </trkpt>
      <trkpt lat="47.570324" lon="12.088792">
        <ele>1181</ele>
      </trkpt>
      <trkpt lat="47.570328" lon="12.088881">
        <ele>1183.25</ele>
      </trkpt>
      <trkpt lat="47.570319" lon="12.088989">
        <ele>1185.5</ele>
      </trkpt>
      <trkpt lat="47.570277" lon="12.089063">
        <ele>1189.5</ele>
      </trkpt>
      <trkpt lat="47.570123" lon="12.088893">
        <ele>1193.75</ele>
      </trkpt>
      <trkpt lat="47.569978" lon="12.088679">
        <ele>1195.5</ele>
      </trkpt>
      <trkpt lat="47.569915" lon="12.088567">
        <ele>1194.25</ele>
      </trkpt>
      <trkpt lat="47.569852" lon="12.088559">
        <ele>1195</ele>
      </trkpt>
      <trkpt lat="47.569781" lon="12.088617">
        <ele>1198</ele>
      </trkpt>
      <trkpt lat="47.569722" lon="12.088943">
        <ele>1204.75</ele>
      </trkpt>
      <trkpt lat="47.569686" lon="12.089279">
        <ele>1209.5</ele>
      </trkpt>
      <trkpt lat="47.569649" lon="12.089319">
        <ele>1210.5</ele>
      </trkpt>
      <trkpt lat="47.569592" lon="12.089329">
        <ele>1211.75</ele>
      </trkpt>
      <trkpt lat="47.569541" lon="12.089302">
        <ele>1212.5</ele>
      </trkpt>
      <trkpt lat="47.569508" lon="12.089239">
        <ele>1212.5</ele>
      </trkpt>
      <trkpt lat="47.569442" lon="12.089039">
        <ele>1212.5</ele>
      </trkpt>
      <trkpt lat="47.569269" lon="12.088681">
        <ele>1218</ele>
      </trkpt>
      <trkpt lat="47.569091" lon="12.088143">
        <ele>1224.25</ele>
      </trkpt>
      <trkpt lat="47.569068" lon="12.087824">
        <ele>1224.5</ele>
      </trkpt>
      <trkpt lat="47.569027" lon="12.087691">
        <ele>1225.25</ele>
      </trkpt>
      <trkpt lat="47.568925" lon="12.087471">
        <ele>1228.25</ele>
      </trkpt>
      <trkpt lat="47.568562" lon="12.087039">
        <ele>1234</ele>
      </trkpt>
      <trkpt lat="47.568502" lon="12.086996">
        <ele>1234.5</ele>
      </trkpt>
      <trkpt lat="47.568396" lon="12.086995">
        <ele>1236.75</ele>
      </trkpt>
      <trkpt lat="47.568185" lon="12.087084">
        <ele>1238.25</ele>
      </trkpt>
      <trkpt lat="47.567927" lon="12.087307">
        <ele>1242</ele>
      </trkpt>
      <trkpt lat="47.56783" lon="12.087359">
        <ele>1243</ele>
      </trkpt>
      <trkpt lat="47.567723" lon="12.087435">
        <ele>1245</ele>
      </trkpt>
      <trkpt lat="47.567596" lon="12.087481">
        <ele>1247.25</ele>
      </trkpt>
      <trkpt lat="47.56747" lon="12.087584">
        <ele>1250</ele>
      </trkpt>
      <trkpt lat="47.567427" lon="12.087724">
        <ele>1251.5</ele>
      </trkpt>
      <trkpt lat="47.567391" lon="12.087899">
        <ele>1253.75</ele>
      </trkpt>
      <trkpt lat="47.567329" lon="12.088114">
        <ele>1257.25</ele>
      </trkpt>
      <trkpt lat="47.567249" lon="12.088232">
        <ele>1259</ele>
      </trkpt>
      <trkpt lat="47.567086" lon="12.088371">
        <ele>1261.75</ele>
      </trkpt>
      <trkpt lat="47.566937" lon="12.088532">
        <ele>1265.5</ele>
      </trkpt>
      <trkpt lat="47.566835" lon="12.088597">
        <ele>1269.25</ele>
      </trkpt>
      <trkpt lat="47.566711" lon="12.088569">
        <ele>1270.5</ele>
      </trkpt>
      <trkpt lat="47.566482" lon="12.088471">
        <ele>1274.25</ele>
      </trkpt>
      <trkpt lat="47.566315" lon="12.088337">
        <ele>1277.5</ele>
      </trkpt>
      <trkpt lat="47.566261" lon="12.088199">
        <ele>1278.75</ele>
      </trkpt>
      <trkpt lat="47.566067" lon="12.087805">
        <ele>1282</ele>
      </trkpt>
      <trkpt lat="47.56601" lon="12.087757">
        <ele>1282.75</ele>
      </trkpt>
      <trkpt lat="47.565942" lon="12.087738">
        <ele>1283.75</ele>
      </trkpt>
      <trkpt lat="47.565588" lon="12.087786">
        <ele>1289.75</ele>
      </trkpt>
      <trkpt lat="47.565422" lon="12.087907">
        <ele>1294.25</ele>
      </trkpt>
      <trkpt lat="47.565187" lon="12.087963">
        <ele>1297</ele>
      </trkpt>
      <trkpt lat="47.565091" lon="12.088004">
        <ele>1298.25</ele>
      </trkpt>
      <trkpt lat="47.565009" lon="12.088099">
        <ele>1301.5</ele>
      </trkpt>
      <trkpt lat="47.564883" lon="12.088224">
        <ele>1303</ele>
      </trkpt>
      <trkpt lat="47.564663" lon="12.088624">
        <ele>1308.75</ele>
      </trkpt>
      <trkpt lat="47.564614" lon="12.088694">
        <ele>1310.25</ele>
      </trkpt>
      <trkpt lat="47.564508" lon="12.088768">
        <ele>1310.75</ele>
      </trkpt>
      <trkpt lat="47.564447" lon="12.088862">
        <ele>1313.75</ele>
      </trkpt>
      <trkpt lat="47.564442" lon="12.088933">
        <ele>1316</ele>
      </trkpt>
      <trkpt lat="47.564454" lon="12.088992">
        <ele>1317.5</ele>
      </trkpt>
      <trkpt lat="47.564503" lon="12.089014">
        <ele>1319</ele>
      </trkpt>
      <trkpt lat="47.564553" lon="12.089009">
        <ele>1319.75</ele>
      </trkpt>
      <trkpt lat="47.564691" lon="12.088902">
        <ele>1318.75</ele>
      </trkpt>
      <trkpt lat="47.564923" lon="12.088742">
        <ele>1321.25</ele>
      </trkpt>
      <trkpt lat="47.565109" lon="12.088696">
        <ele>1323.5</ele>
      </trkpt>
      <trkpt lat="47.565266" lon="12.088746">
        <ele>1327</ele>
      </trkpt>
      <trkpt lat="47.565421" lon="12.088873">
        <ele>1329.75</ele>
      </trkpt>
      <trkpt lat="47.565704" lon="12.089245">
        <ele>1336</ele>
      </trkpt>
      <trkpt lat="47.565816" lon="12.089539">
        <ele>1340.5</ele>
      </trkpt>
      <trkpt lat="47.565829" lon="12.089826">
        <ele>1345.25</ele>
      </trkpt>
      <trkpt lat="47.565907" lon="12.090017">
        <ele>1346.5</ele>
      </trkpt>
      <trkpt lat="47.56648" lon="12.090875">
        <ele>1359</ele>
      </trkpt>
      <trkpt lat="47.566686" lon="12.09127">
        <ele>1363</ele>
      </trkpt>
      <trkpt lat="47.566417" lon="12.091494">
        <ele>1369.25</ele>
      </trkpt>
      <trkpt lat="47.566295" lon="12.091562">
        <ele>1370.75</ele>
      </trkpt>
      <trkpt lat="47.566202" lon="12.091579">
        <ele>1372.5</ele>
      </trkpt>
      <trkpt lat="47.566099" lon="12.091546">
        <ele>1374.75</ele>
      </trkpt>
      <trkpt lat="47.565887" lon="12.09138">
        <ele>1378</ele>
      </trkpt>
      <trkpt lat="47.565709" lon="12.091225">
        <ele>1380.25</ele>
      </trkpt>
      <trkpt lat="47.565588" lon="12.091176">
        <ele>1380.5</ele>
      </trkpt>
      <trkpt lat="47.565323" lon="12.091163">
        <ele>1381.25</ele>
      </trkpt>
      <trkpt lat="47.565154" lon="12.091126">
        <ele>1382</ele>
      </trkpt>
      <trkpt lat="47.565014" lon="12.091059">
        <ele>1382.25</ele>
      </trkpt>
      <trkpt lat="47.564845" lon="12.090925">
        <ele>1382.5</ele>
      </trkpt>
      <trkpt lat="47.564805" lon="12.090913">
        <ele>1383</ele>
      </trkpt>
      <trkpt lat="47.564776" lon="12.090936">
        <ele>1384.25</ele>
      </trkpt>
      <trkpt lat="47.564507" lon="12.090763">
        <ele>1385</ele>
      </trkpt>
      <trkpt lat="47.564347" lon="12.090709">
        <ele>1384.25</ele>
      </trkpt>
      <trkpt lat="47.564263" lon="12.090757">
        <ele>1384.5</ele>
      </trkpt>
      <trkpt lat="47.564306" lon="12.09112">
        <ele>1391.5</ele>
      </trkpt>
      <trkpt lat="47.564401" lon="12.091442">
        <ele>1400.5</ele>
      </trkpt>
      <trkpt lat="47.564548" lon="12.091822">
        <ele>1410.75</ele>
      </trkpt>
      <trkpt lat="47.564489" lon="12.091881">
        <ele>1412</ele>
      </trkpt>
      <trkpt lat="47.564462" lon="12.092">
        <ele>1413.5</ele>
      </trkpt>
      <trkpt lat="47.564468" lon="12.09232">
        <ele>1417.25</ele>
      </trkpt>
      <trkpt lat="47.56442" lon="12.092531">
        <ele>1419</ele>
      </trkpt>
      <trkpt lat="47.564331" lon="12.092785">
        <ele>1421.75</ele>
      </trkpt>
      <trkpt lat="47.564156" lon="12.093431">
        <ele>1427</ele>
      </trkpt>
      <trkpt lat="47.564107" lon="12.09382">
        <ele>1430.25</ele>
      </trkpt>
      <trkpt lat="47.564089" lon="12.094789">
        <ele>1435</ele>
      </trkpt>
      <trkpt lat="47.56412" lon="12.095279">
        <ele>1437.75</ele>
      </trkpt>
      <trkpt lat="47.564152" lon="12.095423">
        <ele>1438.5</ele>
      </trkpt>
      <trkpt lat="47.564192" lon="12.095499">
        <ele>1439.5</ele>
      </trkpt>
      <trkpt lat="47.564268" lon="12.095577">
        <ele>1440.25</ele>
      </trkpt>
      <trkpt lat="47.565009" lon="12.096036">
        <ele>1440.25</ele>
      </trkpt>
      <trkpt lat="47.565167" lon="12.096163">
        <ele>1441</ele>
      </trkpt>
      <trkpt lat="47.565284" lon="12.096312">
        <ele>1440.25</ele>
      </trkpt>
      <trkpt lat="47.565701" lon="12.096951">
        <ele>1441.5</ele>
      </trkpt>
      <trkpt lat="47.565821" lon="12.097092">
        <ele>1443.75</ele>
      </trkpt>
      <trkpt lat="47.566159" lon="12.097402">
        <ele>1449.75</ele>
      </trkpt>
      <trkpt lat="47.566282" lon="12.097584">
        <ele>1452</ele>
      </trkpt>
      <trkpt lat="47.566325" lon="12.097754">
        <ele>1452.25</ele>
      </trkpt>
      <trkpt lat="47.566335" lon="12.097922">
        <ele>1453.25</ele>
      </trkpt>
      <trkpt lat="47.566277" lon="12.098589">
        <ele>1458.75</ele>
      </trkpt>
      <trkpt lat="47.566289" lon="12.098795">
        <ele>1460.25</ele>
      </trkpt>
      <trkpt lat="47.566361" lon="12.099145">
        <ele>1464.25</ele>
      </trkpt>
      <trkpt lat="47.566406" lon="12.099502">
        <ele>1465</ele>
      </trkpt>
      <trkpt lat="47.5664" lon="12.099699">
        <ele>1466.25</ele>
      </trkpt>
      <trkpt lat="47.566338" lon="12.099901">
        <ele>1467</ele>
      </trkpt>
      <trkpt lat="47.56623" lon="12.100229">
        <ele>1468.25</ele>
      </trkpt>
      <trkpt lat="47.566222" lon="12.100328">
        <ele>1469.75</ele>
      </trkpt>
      <trkpt lat="47.566235" lon="12.100406">
        <ele>1471.75</ele>
      </trkpt>
      <trkpt lat="47.566265" lon="12.100463">
        <ele>1473.75</ele>
      </trkpt>
      <trkpt lat="47.566326" lon="12.100433">
        <ele>1475.25</ele>
      </trkpt>
      <trkpt lat="47.566378" lon="12.100302">
        <ele>1475.75</ele>
      </trkpt>
      <trkpt lat="47.566654" lon="12.099782">
        <ele>1480.5</ele>
      </trkpt>
      <trkpt lat="47.566697" lon="12.099773">
        <ele>1482.25</ele>
      </trkpt>
      <trkpt lat="47.566727" lon="12.099789">
        <ele>1483.5</ele>
      </trkpt>
      <trkpt lat="47.566743" lon="12.099843">
        <ele>1484.25</ele>
      </trkpt>
      <trkpt lat="47.566743" lon="12.099912">
        <ele>1484.25</ele>
      </trkpt>
      <trkpt lat="47.566587" lon="12.100723">
        <ele>1489.75</ele>
      </trkpt>
      <trkpt lat="47.566585" lon="12.100915">
        <ele>1491.5</ele>
      </trkpt>
      <trkpt lat="47.566644" lon="12.101067">
        <ele>1493.75</ele>
      </trkpt>
      <trkpt lat="47.566719" lon="12.101188">
        <ele>1495</ele>
      </trkpt>
      <trkpt lat="47.566811" lon="12.101291">
        <ele>1495.75</ele>
      </trkpt>
      <trkpt lat="47.566963" lon="12.101343">
        <ele>1499.25</ele>
      </trkpt>
      <trkpt lat="47.56715" lon="12.101378">
        <ele>1501.75</ele>
      </trkpt>
      <trkpt lat="47.567296" lon="12.101541">
        <ele>1502.75</ele>
      </trkpt>
      <trkpt lat="47.567584" lon="12.101943">
        <ele>1510.75</ele>
      </trkpt>
      <trkpt lat="47.567783" lon="12.102276">
        <ele>1512.25</ele>
      </trkpt>
      <trkpt lat="47.568009" lon="12.102544">
        <ele>1512.75</ele>
      </trkpt>
      <trkpt lat="47.568179" lon="12.102774">
        <ele>1513.75</ele>
      </trkpt>
      <trkpt lat="47.568309" lon="12.10292">
        <ele>1515.75</ele>
      </trkpt>
      <trkpt lat="47.56843" lon="12.103015">
        <ele>1515.25</ele>
      </trkpt>
      <trkpt lat="47.568523" lon="12.103017">
        <ele>1515.5</ele>
      </trkpt>
      <trkpt lat="47.568641" lon="12.102961">
        <ele>1515.5</ele>
      </trkpt>
      <trkpt lat="47.568829" lon="12.102892">
        <ele>1511.5</ele>
      </trkpt>
      <trkpt lat="47.568928" lon="12.102914">
        <ele>1509</ele>
      </trkpt>
      <trkpt lat="47.569088" lon="12.103022">
        <ele>1505.75</ele>
      </trkpt>
      <trkpt lat="47.569181" lon="12.103216">
        <ele>1503</ele>
      </trkpt>
      <trkpt lat="47.569265" lon="12.10346">
        <ele>1499.75</ele>
      </trkpt>
      <trkpt lat="47.569573" lon="12.104042">
        <ele>1489.75</ele>
      </trkpt>
      <trkpt lat="47.569765" lon="12.104343">
        <ele>1489.75</ele>
      </trkpt>
      <trkpt lat="47.569869" lon="12.10467">
        <ele>1487.25</ele>
      </trkpt>
      <trkpt lat="47.570087" lon="12.105508">
        <ele>1486</ele>
      </trkpt>
      <trkpt lat="47.570134" lon="12.105885">
        <ele>1485.5</ele>
      </trkpt>
      <trkpt lat="47.570161" lon="12.105966">
        <ele>1486.75</ele>
      </trkpt>
      <trkpt lat="47.570182" lon="12.106037">
        <ele>1488</ele>
      </trkpt>
      <trkpt lat="47.570217" lon="12.106088">
        <ele>1489</ele>
      </trkpt>
      <trkpt lat="47.570776" lon="12.106528">
        <ele>1490</ele>
      </trkpt>
      <trkpt lat="47.570828" lon="12.106641">
        <ele>1490.5</ele>
      </trkpt>
      <trkpt lat="47.570847" lon="12.106749">
        <ele>1490.25</ele>
      </trkpt>
      <trkpt lat="47.570908" lon="12.107252">
        <ele>1492.5</ele>
      </trkpt>
      <trkpt lat="47.570957" lon="12.107394">
        <ele>1494</ele>
      </trkpt>
      <trkpt lat="47.571035" lon="12.107519">
        <ele>1493.25</ele>
      </trkpt>
      <trkpt lat="47.571095" lon="12.107579">
        <ele>1493</ele>
      </trkpt>
      <trkpt lat="47.571434" lon="12.107868">
        <ele>1494.25</ele>
      </trkpt>
      <trkpt lat="47.571564" lon="12.108001">
        <ele>1494.5</ele>
      </trkpt>
      <trkpt lat="47.571637" lon="12.108138">
        <ele>1492.75</ele>
      </trkpt>
      <trkpt lat="47.571668" lon="12.108288">
        <ele>1490</ele>
      </trkpt>
      <trkpt lat="47.571688" lon="12.108525">
        <ele>1494.5</ele>
      </trkpt>
      <trkpt lat="47.571737" lon="12.108679">
        <ele>1498.25</ele>
      </trkpt>
      <trkpt lat="47.571848" lon="12.108878">
        <ele>1499</ele>
      </trkpt>
      <trkpt lat="47.571928" lon="12.109125">
        <ele>1494.25</ele>
      </trkpt>
      <trkpt lat="47.572248" lon="12.109667">
        <ele>1498.25</ele>
      </trkpt>
      <trkpt lat="47.572314" lon="12.109852">
        <ele>1501.25</ele>
      </trkpt>
      <trkpt lat="47.57241" lon="12.110306">
        <ele>1509</ele>
      </trkpt>
      <trkpt lat="47.572465" lon="12.110431">
        <ele>1509.75</ele>
      </trkpt>
      <trkpt lat="47.572538" lon="12.110534">
        <ele>1508</ele>
      </trkpt>
      <trkpt lat="47.572566" lon="12.110623">
        <ele>1507.75</ele>
      </trkpt>
      <trkpt lat="47.572574" lon="12.110711">
        <ele>1509</ele>
      </trkpt>
      <trkpt lat="47.572569" lon="12.110999">
        <ele>1515.5</ele>
      </trkpt>
      <trkpt lat="47.572579" lon="12.1111">
        <ele>1516.75</ele>
      </trkpt>
      <trkpt lat="47.572731" lon="12.111487">
        <ele>1521.75</ele>
      </trkpt>
      <trkpt lat="47.572826" lon="12.111644">
        <ele>1524.75</ele>
      </trkpt>
      <trkpt lat="47.573075" lon="12.111824">
        <ele>1525</ele>
      </trkpt>
      <trkpt lat="47.573248" lon="12.111955">
        <ele>1526.5</ele>
      </trkpt>
      <trkpt lat="47.5733" lon="12.112004">
        <ele>1526.5</ele>
      </trkpt>
      <trkpt lat="47.573315" lon="12.112112">
        <ele>1528</ele>
      </trkpt>
      <trkpt lat="47.5733" lon="12.112004">
        <ele>1526.5</ele>
      </trkpt>
      <trkpt lat="47.573248" lon="12.111955">
        <ele>1526.5</ele>
      </trkpt>
      <trkpt lat="47.573075" lon="12.111824">
        <ele>1525</ele>
      </trkpt>
      <trkpt lat="47.572826" lon="12.111644">
        <ele>1524.75</ele>
      </trkpt>
      <trkpt lat="47.572731" lon="12.111487">
        <ele>1521.75</ele>
      </trkpt>
      <trkpt lat="47.572579" lon="12.1111">
        <ele>1516.75</ele>
      </trkpt>
      <trkpt lat="47.572569" lon="12.110999">
        <ele>1515.5</ele>
      </trkpt>
      <trkpt lat="47.572574" lon="12.110711">
        <ele>1509</ele>
      </trkpt>
      <trkpt lat="47.572566" lon="12.110623">
        <ele>1507.75</ele>
      </trkpt>
      <trkpt lat="47.572538" lon="12.110534">
        <ele>1508</ele>
      </trkpt>
      <trkpt lat="47.572465" lon="12.110431">
        <ele>1509.75</ele>
      </trkpt>
      <trkpt lat="47.57241" lon="12.110306">
        <ele>1509</ele>
      </trkpt>
      <trkpt lat="47.572314" lon="12.109852">
        <ele>1501.25</ele>
      </trkpt>
      <trkpt lat="47.572248" lon="12.109667">
        <ele>1498.25</ele>
      </trkpt>
      <trkpt lat="47.571928" lon="12.109125">
        <ele>1494.25</ele>
      </trkpt>
      <trkpt lat="47.571848" lon="12.108878">
        <ele>1499</ele>
      </trkpt>
      <trkpt lat="47.571737" lon="12.108679">
        <ele>1498.25</ele>
      </trkpt>
      <trkpt lat="47.571688" lon="12.108525">
        <ele>1494.5</ele>
      </trkpt>
      <trkpt lat="47.571668" lon="12.108288">
        <ele>1490</ele>
      </trkpt>
      <trkpt lat="47.571637" lon="12.108138">
        <ele>1492.75</ele>
      </trkpt>
      <trkpt lat="47.571564" lon="12.108001">
        <ele>1494.5</ele>
      </trkpt>
      <trkpt lat="47.571434" lon="12.107868">
        <ele>1494.25</ele>
      </trkpt>
      <trkpt lat="47.571095" lon="12.107579">
        <ele>1493</ele>
      </trkpt>
      <trkpt lat="47.571035" lon="12.107519">
        <ele>1493.25</ele>
      </trkpt>
      <trkpt lat="47.570957" lon="12.107394">
        <ele>1494</ele>
      </trkpt>
      <trkpt lat="47.570908" lon="12.107252">
        <ele>1492.5</ele>
      </trkpt>
      <trkpt lat="47.570847" lon="12.106749">
        <ele>1490.25</ele>
      </trkpt>
      <trkpt lat="47.570828" lon="12.106641">
        <ele>1490.5</ele>
      </trkpt>
      <trkpt lat="47.570776" lon="12.106528">
        <ele>1490</ele>
      </trkpt>
      <trkpt lat="47.570217" lon="12.106088">
        <ele>1489</ele>
      </trkpt>
      <trkpt lat="47.570182" lon="12.106037">
        <ele>1488</ele>
      </trkpt>
      <trkpt lat="47.570161" lon="12.105966">
        <ele>1486.75</ele>
      </trkpt>
      <trkpt lat="47.570134" lon="12.105885">
        <ele>1485.5</ele>
      </trkpt>
      <trkpt lat="47.570087" lon="12.105508">
        <ele>1486</ele>
      </trkpt>
      <trkpt lat="47.569869" lon="12.10467">
        <ele>1487.25</ele>
      </trkpt>
      <trkpt lat="47.569765" lon="12.104343">
        <ele>1489.75</ele>
      </trkpt>
      <trkpt lat="47.569573" lon="12.104042">
        <ele>1489.75</ele>
      </trkpt>
      <trkpt lat="47.569265" lon="12.10346">
        <ele>1499.75</ele>
      </trkpt>
      <trkpt lat="47.569181" lon="12.103216">
        <ele>1503</ele>
      </trkpt>
      <trkpt lat="47.569088" lon="12.103022">
        <ele>1505.75</ele>
      </trkpt>
      <trkpt lat="47.568928" lon="12.102914">
        <ele>1509</ele>
      </trkpt>
      <trkpt lat="47.568829" lon="12.102892">
        <ele>1511.5</ele>
      </trkpt>
      <trkpt lat="47.568641" lon="12.102961">
        <ele>1515.5</ele>
      </trkpt>
      <trkpt lat="47.568523" lon="12.103017">
        <ele>1515.5</ele>
      </trkpt>
      <trkpt lat="47.56843" lon="12.103015">
        <ele>1515.25</ele>
      </trkpt>
      <trkpt lat="47.568309" lon="12.10292">
        <ele>1515.75</ele>
      </trkpt>
      <trkpt lat="47.568179" lon="12.102774">
        <ele>1513.75</ele>
      </trkpt>
      <trkpt lat="47.568009" lon="12.102544">
        <ele>1512.75</ele>
      </trkpt>
      <trkpt lat="47.567783" lon="12.102276">
        <ele>1512.25</ele>
      </trkpt>
      <trkpt lat="47.567584" lon="12.101943">
        <ele>1510.75</ele>
      </trkpt>
      <trkpt lat="47.567296" lon="12.101541">
        <ele>1502.75</ele>
      </trkpt>
      <trkpt lat="47.56715" lon="12.101378">
        <ele>1501.75</ele>
      </trkpt>
      <trkpt lat="47.566963" lon="12.101343">
        <ele>1499.25</ele>
      </trkpt>
      <trkpt lat="47.566811" lon="12.101291">
        <ele>1495.75</ele>
      </trkpt>
      <trkpt lat="47.566719" lon="12.101188">
        <ele>1495</ele>
      </trkpt>
      <trkpt lat="47.566644" lon="12.101067">
        <ele>1493.75</ele>
      </trkpt>
      <trkpt lat="47.566585" lon="12.100915">
        <ele>1491.5</ele>
      </trkpt>
      <trkpt lat="47.566587" lon="12.100723">
        <ele>1489.75</ele>
      </trkpt>
      <trkpt lat="47.566743" lon="12.099912">
        <ele>1484.25</ele>
      </trkpt>
      <trkpt lat="47.566743" lon="12.099843">
        <ele>1484.25</ele>
      </trkpt>
      <trkpt lat="47.566727" lon="12.099789">
        <ele>1483.5</ele>
      </trkpt>
      <trkpt lat="47.566697" lon="12.099773">
        <ele>1482.25</ele>
      </trkpt>
      <trkpt lat="47.566654" lon="12.099782">
        <ele>1480.5</ele>
      </trkpt>
      <trkpt lat="47.566378" lon="12.100302">
        <ele>1475.75</ele>
      </trkpt>
      <trkpt lat="47.566326" lon="12.100433">
        <ele>1475.25</ele>
      </trkpt>
      <trkpt lat="47.566265" lon="12.100463">
        <ele>1473.75</ele>
      </trkpt>
      <trkpt lat="47.566235" lon="12.100406">
        <ele>1471.75</ele>
      </trkpt>
      <trkpt lat="47.566222" lon="12.100328">
        <ele>1469.75</ele>
      </trkpt>
      <trkpt lat="47.56623" lon="12.100229">
        <ele>1468.25</ele>
      </trkpt>
      <trkpt lat="47.566338" lon="12.099901">
        <ele>1467</ele>
      </trkpt>
      <trkpt lat="47.5664" lon="12.099699">
        <ele>1466.25</ele>
      </trkpt>
      <trkpt lat="47.566406" lon="12.099502">
        <ele>1465</ele>
      </trkpt>
      <trkpt lat="47.566361" lon="12.099145">
        <ele>1464.25</ele>
      </trkpt>
      <trkpt lat="47.566289" lon="12.098795">
        <ele>1460.25</ele>
      </trkpt>
      <trkpt lat="47.566277" lon="12.098589">
        <ele>1458.75</ele>
      </trkpt>
      <trkpt lat="47.566335" lon="12.097922">
        <ele>1453.25</ele>
      </trkpt>
      <trkpt lat="47.566325" lon="12.097754">
        <ele>1452.25</ele>
      </trkpt>
      <trkpt lat="47.566282" lon="12.097584">
        <ele>1452</ele>
      </trkpt>
      <trkpt lat="47.566159" lon="12.097402">
        <ele>1449.75</ele>
      </trkpt>
      <trkpt lat="47.565821" lon="12.097092">
        <ele>1443.75</ele>
      </trkpt>
      <trkpt lat="47.565701" lon="12.096951">
        <ele>1441.5</ele>
      </trkpt>
      <trkpt lat="47.565284" lon="12.096312">
        <ele>1440.25</ele>
      </trkpt>
      <trkpt lat="47.565167" lon="12.096163">
        <ele>1441</ele>
      </trkpt>
      <trkpt lat="47.565009" lon="12.096036">
        <ele>1440.25</ele>
      </trkpt>
      <trkpt lat="47.564268" lon="12.095577">
        <ele>1440.25</ele>
      </trkpt>
      <trkpt lat="47.564192" lon="12.095499">
        <ele>1439.5</ele>
      </trkpt>
      <trkpt lat="47.564152" lon="12.095423">
        <ele>1438.5</ele>
      </trkpt>
      <trkpt lat="47.56412" lon="12.095279">
        <ele>1437.75</ele>
      </trkpt>
      <trkpt lat="47.564089" lon="12.094789">
        <ele>1435</ele>
      </trkpt>
      <trkpt lat="47.564107" lon="12.09382">
        <ele>1430.25</ele>
      </trkpt>
      <trkpt lat="47.564145" lon="12.093516">
        <ele>1427</ele>
      </trkpt>
      <trkpt lat="47.564156" lon="12.093431">
        <ele>1427</ele>
      </trkpt>
      <trkpt lat="47.564331" lon="12.092785">
        <ele>1421.75</ele>
      </trkpt>
      <trkpt lat="47.56442" lon="12.092531">
        <ele>1419</ele>
      </trkpt>
      <trkpt lat="47.564468" lon="12.09232">
        <ele>1417.25</ele>
      </trkpt>
      <trkpt lat="47.564462" lon="12.092">
        <ele>1413.5</ele>
      </trkpt>
      <trkpt lat="47.564489" lon="12.091881">
        <ele>1412</ele>
      </trkpt>
      <trkpt lat="47.564548" lon="12.091822">
        <ele>1410.75</ele>
      </trkpt>
      <trkpt lat="47.564401" lon="12.091442">
        <ele>1400.5</ele>
      </trkpt>
      <trkpt lat="47.564306" lon="12.09112">
        <ele>1391.5</ele>
      </trkpt>
      <trkpt lat="47.564263" lon="12.090757">
        <ele>1384.5</ele>
      </trkpt>
      <trkpt lat="47.564347" lon="12.090709">
        <ele>1384.25</ele>
      </trkpt>
      <trkpt lat="47.564507" lon="12.090763">
        <ele>1385</ele>
      </trkpt>
      <trkpt lat="47.564776" lon="12.090936">
        <ele>1384.25</ele>
      </trkpt>
      <trkpt lat="47.564805" lon="12.090913">
        <ele>1383</ele>
      </trkpt>
      <trkpt lat="47.564845" lon="12.090925">
        <ele>1382.5</ele>
      </trkpt>
      <trkpt lat="47.565014" lon="12.091059">
        <ele>1382.25</ele>
      </trkpt>
      <trkpt lat="47.565154" lon="12.091126">
        <ele>1382</ele>
      </trkpt>
      <trkpt lat="47.565323" lon="12.091163">
        <ele>1381.25</ele>
      </trkpt>
      <trkpt lat="47.565588" lon="12.091176">
        <ele>1380.5</ele>
      </trkpt>
      <trkpt lat="47.565709" lon="12.091225">
        <ele>1380.25</ele>
      </trkpt>
      <trkpt lat="47.565887" lon="12.09138">
        <ele>1378</ele>
      </trkpt>
      <trkpt lat="47.566099" lon="12.091546">
        <ele>1374.75</ele>
      </trkpt>
      <trkpt lat="47.566202" lon="12.091579">
        <ele>1372.5</ele>
      </trkpt>
      <trkpt lat="47.566295" lon="12.091562">
        <ele>1370.75</ele>
      </trkpt>
      <trkpt lat="47.566417" lon="12.091494">
        <ele>1369.25</ele>
      </trkpt>
      <trkpt lat="47.566686" lon="12.09127">
        <ele>1363</ele>
      </trkpt>
      <trkpt lat="47.56648" lon="12.090875">
        <ele>1359</ele>
      </trkpt>
      <trkpt lat="47.565907" lon="12.090017">
        <ele>1346.5</ele>
      </trkpt>
      <trkpt lat="47.565829" lon="12.089826">
        <ele>1345.25</ele>
      </trkpt>
      <trkpt lat="47.565816" lon="12.089539">
        <ele>1340.5</ele>
      </trkpt>
      <trkpt lat="47.565704" lon="12.089245">
        <ele>1336</ele>
      </trkpt>
      <trkpt lat="47.565421" lon="12.088873">
        <ele>1329.75</ele>
      </trkpt>
      <trkpt lat="47.565266" lon="12.088746">
        <ele>1327</ele>
      </trkpt>
      <trkpt lat="47.565109" lon="12.088696">
        <ele>1323.5</ele>
      </trkpt>
      <trkpt lat="47.564923" lon="12.088742">
        <ele>1321.25</ele>
      </trkpt>
      <trkpt lat="47.564691" lon="12.088902">
        <ele>1318.75</ele>
      </trkpt>
      <trkpt lat="47.564553" lon="12.089009">
        <ele>1319.75</ele>
      </trkpt>
      <trkpt lat="47.564503" lon="12.089014">
        <ele>1319</ele>
      </trkpt>
      <trkpt lat="47.564454" lon="12.088992">
        <ele>1317.5</ele>
      </trkpt>
      <trkpt lat="47.564442" lon="12.088933">
        <ele>1316</ele>
      </trkpt>
      <trkpt lat="47.564447" lon="12.088862">
        <ele>1313.75</ele>
      </trkpt>
      <trkpt lat="47.564508" lon="12.088768">
        <ele>1310.75</ele>
      </trkpt>
      <trkpt lat="47.564614" lon="12.088694">
        <ele>1310.25</ele>
      </trkpt>
      <trkpt lat="47.564663" lon="12.088624">
        <ele>1308.75</ele>
      </trkpt>
      <trkpt lat="47.564883" lon="12.088224">
        <ele>1303</ele>
      </trkpt>
      <trkpt lat="47.565009" lon="12.088099">
        <ele>1301.5</ele>
      </trkpt>
      <trkpt lat="47.565091" lon="12.088004">
        <ele>1298.25</ele>
      </trkpt>
      <trkpt lat="47.565187" lon="12.087963">
        <ele>1297</ele>
      </trkpt>
      <trkpt lat="47.565422" lon="12.087907">
        <ele>1294.25</ele>
      </trkpt>
      <trkpt lat="47.565588" lon="12.087786">
        <ele>1289.75</ele>
      </trkpt>
      <trkpt lat="47.565942" lon="12.087738">
        <ele>1283.75</ele>
      </trkpt>
      <trkpt lat="47.56601" lon="12.087757">
        <ele>1282.75</ele>
      </trkpt>
      <trkpt lat="47.566067" lon="12.087805">
        <ele>1282</ele>
      </trkpt>
      <trkpt lat="47.566261" lon="12.088199">
        <ele>1278.75</ele>
      </trkpt>
      <trkpt lat="47.566315" lon="12.088337">
        <ele>1277.5</ele>
      </trkpt>
      <trkpt lat="47.566482" lon="12.088471">
        <ele>1274.25</ele>
      </trkpt>
      <trkpt lat="47.566711" lon="12.088569">
        <ele>1270.5</ele>
      </trkpt>
      <trkpt lat="47.566835" lon="12.088597">
        <ele>1269.25</ele>
      </trkpt>
      <trkpt lat="47.566937" lon="12.088532">
        <ele>1265.5</ele>
      </trkpt>
      <trkpt lat="47.567086" lon="12.088371">
        <ele>1261.75</ele>
      </trkpt>
      <trkpt lat="47.567249" lon="12.088232">
        <ele>1259</ele>
      </trkpt>
      <trkpt lat="47.567329" lon="12.088114">
        <ele>1257.25</ele>
      </trkpt>
      <trkpt lat="47.567391" lon="12.087899">
        <ele>1253.75</ele>
      </trkpt>
      <trkpt lat="47.567427" lon="12.087724">
        <ele>1251.5</ele>
      </trkpt>
      <trkpt lat="47.56747" lon="12.087584">
        <ele>1250</ele>
      </trkpt>
      <trkpt lat="47.567596" lon="12.087481">
        <ele>1247.25</ele>
      </trkpt>
      <trkpt lat="47.567723" lon="12.087435">
        <ele>1245</ele>
      </trkpt>
      <trkpt lat="47.56783" lon="12.087359">
        <ele>1243</ele>
      </trkpt>
      <trkpt lat="47.567927" lon="12.087307">
        <ele>1242</ele>
      </trkpt>
      <trkpt lat="47.568185" lon="12.087084">
        <ele>1238.25</ele>
      </trkpt>
      <trkpt lat="47.568396" lon="12.086995">
        <ele>1236.75</ele>
      </trkpt>
      <trkpt lat="47.568502" lon="12.086996">
        <ele>1234.5</ele>
      </trkpt>
      <trkpt lat="47.568562" lon="12.087039">
        <ele>1234</ele>
      </trkpt>
      <trkpt lat="47.568925" lon="12.087471">
        <ele>1228.25</ele>
      </trkpt>
      <trkpt lat="47.569027" lon="12.087691">
        <ele>1225.25</ele>
      </trkpt>
      <trkpt lat="47.569068" lon="12.087824">
        <ele>1224.5</ele>
      </trkpt>
      <trkpt lat="47.569091" lon="12.088143">
        <ele>1224.25</ele>
      </trkpt>
      <trkpt lat="47.569269" lon="12.088681">
        <ele>1218</ele>
      </trkpt>
      <trkpt lat="47.569442" lon="12.089039">
        <ele>1212.5</ele>
      </trkpt>
      <trkpt lat="47.569508" lon="12.089239">
        <ele>1212.5</ele>
      </trkpt>
      <trkpt lat="47.569541" lon="12.089302">
        <ele>1212.5</ele>
      </trkpt>
      <trkpt lat="47.569592" lon="12.089329">
        <ele>1211.75</ele>
      </trkpt>
      <trkpt lat="47.569649" lon="12.089319">
        <ele>1210.5</ele>
      </trkpt>
      <trkpt lat="47.569686" lon="12.089279">
        <ele>1209.5</ele>
      </trkpt>
      <trkpt lat="47.569722" lon="12.088943">
        <ele>1204.75</ele>
      </trkpt>
      <trkpt lat="47.569781" lon="12.088617">
        <ele>1198</ele>
      </trkpt>
      <trkpt lat="47.569852" lon="12.088559">
        <ele>1195</ele>
      </trkpt>
      <trkpt lat="47.569915" lon="12.088567">
        <ele>1194.25</ele>
      </trkpt>
      <trkpt lat="47.569978" lon="12.088679">
        <ele>1195.5</ele>
      </trkpt>
      <trkpt lat="47.570123" lon="12.088893">
        <ele>1193.75</ele>
      </trkpt>
      <trkpt lat="47.570277" lon="12.089063">
        <ele>1189.5</ele>
      </trkpt>
      <trkpt lat="47.570417" lon="12.089324">
        <ele>1184</ele>
      </trkpt>
      <trkpt lat="47.570538" lon="12.089624">
        <ele>1181.75</ele>
      </trkpt>
      <trkpt lat="47.570643" lon="12.089822">
        <ele>1180</ele>
      </trkpt>
      <trkpt lat="47.570748" lon="12.089928">
        <ele>1177.75</ele>
      </trkpt>
      <trkpt lat="47.570882" lon="12.090044">
        <ele>1175.75</ele>
      </trkpt>
      <trkpt lat="47.570982" lon="12.090197">
        <ele>1175.5</ele>
      </trkpt>
      <trkpt lat="47.571219" lon="12.090718">
        <ele>1171.25</ele>
      </trkpt>
      <trkpt lat="47.571303" lon="12.090866">
        <ele>1170</ele>
      </trkpt>
      <trkpt lat="47.571466" lon="12.091089">
        <ele>1168.5</ele>
      </trkpt>
      <trkpt lat="47.571565" lon="12.091242">
        <ele>1168.75</ele>
      </trkpt>
      <trkpt lat="47.571627" lon="12.091379">
        <ele>1166.75</ele>
      </trkpt>
      <trkpt lat="47.571658" lon="12.091779">
        <ele>1163.25</ele>
      </trkpt>
      <trkpt lat="47.571705" lon="12.091958">
        <ele>1160.75</ele>
      </trkpt>
      <trkpt lat="47.571786" lon="12.09222">
        <ele>1157.5</ele>
      </trkpt>
      <trkpt lat="47.571995" lon="12.093284">
        <ele>1145</ele>
      </trkpt>
      <trkpt lat="47.571966" lon="12.093402">
        <ele>1146.25</ele>
      </trkpt>
      <trkpt lat="47.57195" lon="12.093528">
        <ele>1146.75</ele>
      </trkpt>
      <trkpt lat="47.571965" lon="12.093789">
        <ele>1148</ele>
      </trkpt>
      <trkpt lat="47.572006" lon="12.094184">
        <ele>1150.5</ele>
      </trkpt>
      <trkpt lat="47.571965" lon="12.094644">
        <ele>1153</ele>
      </trkpt>
      <trkpt lat="47.571896" lon="12.095563">
        <ele>1159.25</ele>
      </trkpt>
      <trkpt lat="47.571892" lon="12.095788">
        <ele>1158.75</ele>
      </trkpt>
      <trkpt lat="47.571924" lon="12.095975">
        <ele>1158</ele>
      </trkpt>
      <trkpt lat="47.572047" lon="12.096399">
        <ele>1155.5</ele>
      </trkpt>
      <trkpt lat="47.572121" lon="12.096746">
        <ele>1152.5</ele>
      </trkpt>
      <trkpt lat="47.572309" lon="12.097279">
        <ele>1147.25</ele>
      </trkpt>
      <trkpt lat="47.572444" lon="12.09764">
        <ele>1144</ele>
      </trkpt>
      <trkpt lat="47.572533" lon="12.097943">
        <ele>1141.5</ele>
      </trkpt>
      <trkpt lat="47.572637" lon="12.098361">
        <ele>1139</ele>
      </trkpt>
      <trkpt lat="47.57281" lon="12.098754">
        <ele>1133.75</ele>
      </trkpt>
      <trkpt lat="47.572981" lon="12.09912">
        <ele>1130.25</ele>
      </trkpt>
      <trkpt lat="47.573172" lon="12.099456">
        <ele>1126.25</ele>
      </trkpt>
      <trkpt lat="47.57352" lon="12.099885">
        <ele>1120.75</ele>
      </trkpt>
      <trkpt lat="47.573673" lon="12.100115">
        <ele>1118.25</ele>
      </trkpt>
      <trkpt lat="47.573855" lon="12.10028">
        <ele>1115.75</ele>
      </trkpt>
      <trkpt lat="47.573997" lon="12.100509">
        <ele>1112.5</ele>
      </trkpt>
      <trkpt lat="47.57425" lon="12.101086">
        <ele>1106</ele>
      </trkpt>
      <trkpt lat="47.57457" lon="12.101559">
        <ele>1099.5</ele>
      </trkpt>
      <trkpt lat="47.574725" lon="12.101963">
        <ele>1096</ele>
      </trkpt>
      <trkpt lat="47.574955" lon="12.102488">
        <ele>1089.5</ele>
      </trkpt>
      <trkpt lat="47.574997" lon="12.103056">
        <ele>1087</ele>
      </trkpt>
      <trkpt lat="47.575639" lon="12.104843">
        <ele>1070.75</ele>
      </trkpt>
      <trkpt lat="47.575808" lon="12.105201">
        <ele>1067.25</ele>
      </trkpt>
      <trkpt lat="47.576015" lon="12.105495">
        <ele>1063</ele>
      </trkpt>
      <trkpt lat="47.576051" lon="12.105803">
        <ele>1061.25</ele>
      </trkpt>
      <trkpt lat="47.576117" lon="12.10592">
        <ele>1060.5</ele>
      </trkpt>
      <trkpt lat="47.576355" lon="12.106081">
        <ele>1056.25</ele>
      </trkpt>
      <trkpt lat="47.576386" lon="12.1062">
        <ele>1055.75</ele>
      </trkpt>
      <trkpt lat="47.576382" lon="12.106381">
        <ele>1055.25</ele>
      </trkpt>
      <trkpt lat="47.576424" lon="12.106535">
        <ele>1055</ele>
      </trkpt>
      <trkpt lat="47.576661" lon="12.106718">
        <ele>1049.75</ele>
      </trkpt>
      <trkpt lat="47.576747" lon="12.106901">
        <ele>1047.5</ele>
      </trkpt>
      <trkpt lat="47.576796" lon="12.107115">
        <ele>1044.75</ele>
      </trkpt>
      <trkpt lat="47.576821" lon="12.107391">
        <ele>1045</ele>
      </trkpt>
      <trkpt lat="47.576973" lon="12.107664">
        <ele>1040</ele>
      </trkpt>
      <trkpt lat="47.577185" lon="12.10859">
        <ele>1032.5</ele>
      </trkpt>
      <trkpt lat="47.577389" lon="12.109561">
        <ele>1024.25</ele>
      </trkpt>
      <trkpt lat="47.577384" lon="12.109936">
        <ele>1023.5</ele>
      </trkpt>
      <trkpt lat="47.577437" lon="12.109985">
        <ele>1021.75</ele>
      </trkpt>
      <trkpt lat="47.577507" lon="12.109922">
        <ele>1019.5</ele>
      </trkpt>
      <trkpt lat="47.57755" lon="12.109598">
        <ele>1017.5</ele>
      </trkpt>
      <trkpt lat="47.577651" lon="12.108654">
        <ele>1010.75</ele>
      </trkpt>
      <trkpt lat="47.577702" lon="12.107928">
        <ele>1005.5</ele>
      </trkpt>
      <trkpt lat="47.577676" lon="12.107506">
        <ele>1006</ele>
      </trkpt>
      <trkpt lat="47.577761" lon="12.107498">
        <ele>1002.5</ele>
      </trkpt>
      <trkpt lat="47.577786" lon="12.107643">
        <ele>1001.5</ele>
      </trkpt>
      <trkpt lat="47.577812" lon="12.107947">
        <ele>1000.75</ele>
      </trkpt>
      <trkpt lat="47.578033" lon="12.108533">
        <ele>995.5</ele>
      </trkpt>
      <trkpt lat="47.578114" lon="12.108957">
        <ele>991.5</ele>
      </trkpt>
      <trkpt lat="47.578228" lon="12.109363">
        <ele>988</ele>
      </trkpt>
      <trkpt lat="47.578266" lon="12.109992">
        <ele>983.25</ele>
      </trkpt>
      <trkpt lat="47.578286" lon="12.11099">
        <ele>977</ele>
      </trkpt>
      <trkpt lat="47.578266" lon="12.111382">
        <ele>973.75</ele>
      </trkpt>
      <trkpt lat="47.578229" lon="12.111854">
        <ele>970.5</ele>
      </trkpt>
      <trkpt lat="47.578249" lon="12.112345">
        <ele>965</ele>
      </trkpt>
      <trkpt lat="47.578139" lon="12.113236">
        <ele>960.75</ele>
      </trkpt>
      <trkpt lat="47.578179" lon="12.113306">
        <ele>958.25</ele>
      </trkpt>
      <trkpt lat="47.578239" lon="12.1133">
        <ele>956</ele>
      </trkpt>
      <trkpt lat="47.578299" lon="12.113157">
        <ele>955.25</ele>
      </trkpt>
      <trkpt lat="47.578391" lon="12.112816">
        <ele>953.75</ele>
      </trkpt>
      <trkpt lat="47.578483" lon="12.112355">
        <ele>952</ele>
      </trkpt>
      <trkpt lat="47.578629" lon="12.111979">
        <ele>947</ele>
      </trkpt>
      <trkpt lat="47.578834" lon="12.111692">
        <ele>943.5</ele>
      </trkpt>
      <trkpt lat="47.57895" lon="12.111589">
        <ele>941</ele>
      </trkpt>
      <trkpt lat="47.579031" lon="12.111494">
        <ele>939.75</ele>
      </trkpt>
      <trkpt lat="47.579118" lon="12.111254">
        <ele>939.25</ele>
      </trkpt>
      <trkpt lat="47.579167" lon="12.111174">
        <ele>937.75</ele>
      </trkpt>
      <trkpt lat="47.579226" lon="12.111193">
        <ele>936.25</ele>
      </trkpt>
      <trkpt lat="47.57925" lon="12.11128">
        <ele>934.75</ele>
      </trkpt>
      <trkpt lat="47.579132" lon="12.111761">
        <ele>931</ele>
      </trkpt>
      <trkpt lat="47.579091" lon="12.112018">
        <ele>928.25</ele>
      </trkpt>
      <trkpt lat="47.579104" lon="12.1128">
        <ele>921</ele>
      </trkpt>
      <trkpt lat="47.579093" lon="12.113257">
        <ele>917.5</ele>
      </trkpt>
      <trkpt lat="47.57895" lon="12.114084">
        <ele>911.25</ele>
      </trkpt>
      <trkpt lat="47.578902" lon="12.114258">
        <ele>910.25</ele>
      </trkpt>
      <trkpt lat="47.578951" lon="12.114337">
        <ele>907.5</ele>
      </trkpt>
      <trkpt lat="47.579014" lon="12.114241">
        <ele>906</ele>
      </trkpt>
      <trkpt lat="47.579438" lon="12.113437">
        <ele>900</ele>
      </trkpt>
      <trkpt lat="47.579739" lon="12.112925">
        <ele>893.75</ele>
      </trkpt>
      <trkpt lat="47.579946" lon="12.112884">
        <ele>889.75</ele>
      </trkpt>
      <trkpt lat="47.58015" lon="12.112888">
        <ele>890.5</ele>
      </trkpt>
      <trkpt lat="47.58028" lon="12.113126">
        <ele>886</ele>
      </trkpt>
      <trkpt lat="47.580462" lon="12.113099">
        <ele>883</ele>
      </trkpt>
      <trkpt lat="47.580725" lon="12.11289">
        <ele>879.75</ele>
      </trkpt>
      <trkpt lat="47.580929" lon="12.112555">
        <ele>876</ele>
      </trkpt>
      <trkpt lat="47.581269" lon="12.111681">
        <ele>868.75</ele>
      </trkpt>
      <trkpt lat="47.581357" lon="12.111457">
        <ele>866.75</ele>
      </trkpt>
      <trkpt lat="47.581322" lon="12.111768">
        <ele>866.5</ele>
      </trkpt>
      <trkpt lat="47.58126" lon="12.112092">
        <ele>866.5</ele>
      </trkpt>
      <trkpt lat="47.581221" lon="12.11249">
        <ele>865.5</ele>
      </trkpt>
      <trkpt lat="47.581151" lon="12.113472">
        <ele>860</ele>
      </trkpt>
      <trkpt lat="47.581082" lon="12.11371">
        <ele>857.75</ele>
      </trkpt>
      <trkpt lat="47.581006" lon="12.11387">
        <ele>855</ele>
      </trkpt>
      <trkpt lat="47.580762" lon="12.114188">
        <ele>849</ele>
      </trkpt>
      <trkpt lat="47.580499" lon="12.114382">
        <ele>848.25</ele>
      </trkpt>
      <trkpt lat="47.580373" lon="12.114503">
        <ele>847.5</ele>
      </trkpt>
      <trkpt lat="47.580321" lon="12.114756">
        <ele>844.75</ele>
      </trkpt>
      <trkpt lat="47.58003" lon="12.115912">
        <ele>830.25</ele>
      </trkpt>
      <trkpt lat="47.579653" lon="12.117028">
        <ele>823</ele>
      </trkpt>
      <trkpt lat="47.579609" lon="12.11745">
        <ele>819</ele>
      </trkpt>
      <trkpt lat="47.579638" lon="12.117834">
        <ele>818.25</ele>
      </trkpt>
      <trkpt lat="47.579675" lon="12.117906">
        <ele>817.5</ele>
      </trkpt>
      <trkpt lat="47.57988" lon="12.11808">
        <ele>814.75</ele>
      </trkpt>
      <trkpt lat="47.579984" lon="12.118251">
        <ele>813.25</ele>
      </trkpt>
      <trkpt lat="47.580072" lon="12.118419">
        <ele>809.25</ele>
      </trkpt>
      <trkpt lat="47.580128" lon="12.11877">
        <ele>804.5</ele>
      </trkpt>
      <trkpt lat="47.580095" lon="12.119097">
        <ele>800.5</ele>
      </trkpt>
      <trkpt lat="47.580019" lon="12.119439">
        <ele>795.5</ele>
      </trkpt>
      <trkpt lat="47.579918" lon="12.119691">
        <ele>791</ele>
      </trkpt>
      <trkpt lat="47.579692" lon="12.119997">
        <ele>784.5</ele>
      </trkpt>
      <trkpt lat="47.579651" lon="12.120725">
        <ele>777.5</ele>
      </trkpt>
      <trkpt lat="47.579572" lon="12.120959">
        <ele>776.75</ele>
      </trkpt>
      <trkpt lat="47.57936" lon="12.121148">
        <ele>774.5</ele>
      </trkpt>
      <trkpt lat="47.579303" lon="12.121243">
        <ele>773</ele>
      </trkpt>
      <trkpt lat="47.579392" lon="12.121845">
        <ele>762.5</ele>
      </trkpt>
      <trkpt lat="47.579385" lon="12.122441">
        <ele>758.75</ele>
      </trkpt>
      <trkpt lat="47.579509" lon="12.122822">
        <ele>753</ele>
      </trkpt>
      <trkpt lat="47.579728" lon="12.123261">
        <ele>748</ele>
      </trkpt>
      <trkpt lat="47.579946" lon="12.123418">
        <ele>745</ele>
      </trkpt>
      <trkpt lat="47.58021" lon="12.123525">
        <ele>740</ele>
      </trkpt>
      <trkpt lat="47.580341" lon="12.123664">
        <ele>737</ele>
      </trkpt>
      <trkpt lat="47.580409" lon="12.123796">
        <ele>735.25</ele>
      </trkpt>
      <trkpt lat="47.580366" lon="12.123822">
        <ele>735</ele>
      </trkpt>
      <trkpt lat="47.580294" lon="12.123829">
        <ele>734.75</ele>
      </trkpt>
      <trkpt lat="47.580158" lon="12.123823">
        <ele>734.5</ele>
      </trkpt>
      <trkpt lat="47.579406" lon="12.123962">
        <ele>731.5</ele>
      </trkpt>
      <trkpt lat="47.579092" lon="12.124016">
        <ele>730.5</ele>
      </trkpt>
      <trkpt lat="47.578901" lon="12.124113">
        <ele>729.75</ele>
      </trkpt>
      <trkpt lat="47.578729" lon="12.124156">
        <ele>729.75</ele>
      </trkpt>
      <trkpt lat="47.578566" lon="12.124212">
        <ele>730.25</ele>
      </trkpt>
      <trkpt lat="47.57839" lon="12.12433">
        <ele>730.75</ele>
      </trkpt>
      <trkpt lat="47.57816" lon="12.124469">
        <ele>730.25</ele>
      </trkpt>
      <trkpt lat="47.577482" lon="12.124538">
        <ele>734</ele>
      </trkpt>
      <trkpt lat="47.577197" lon="12.124888">
        <ele>729.25</ele>
      </trkpt>
      <trkpt lat="47.57707" lon="12.125164">
        <ele>724.75</ele>
      </trkpt>
      <trkpt lat="47.576849" lon="12.125412">
        <ele>722.25</ele>
      </trkpt>
      <trkpt lat="47.576514" lon="12.125626">
        <ele>722.5</ele>
      </trkpt>
      <trkpt lat="47.576153" lon="12.126018">
        <ele>717</ele>
      </trkpt>
      <trkpt lat="47.575984" lon="12.126211">
        <ele>714</ele>
      </trkpt>
      <trkpt lat="47.575692" lon="12.126726">
        <ele>704.5</ele>
      </trkpt>
      <trkpt lat="47.575494" lon="12.126915">
        <ele>699</ele>
      </trkpt>
      <trkpt lat="47.575392" lon="12.12706">
        <ele>697.75</ele>
      </trkpt>
      <trkpt lat="47.575342" lon="12.127203">
        <ele>695</ele>
      </trkpt>
      <trkpt lat="47.575169" lon="12.127521">
        <ele>686.5</ele>
      </trkpt>
      <trkpt lat="47.575042" lon="12.127784">
        <ele>680.5</ele>
      </trkpt>
      <trkpt lat="47.57488" lon="12.127928">
        <ele>676</ele>
      </trkpt>
      <trkpt lat="47.574721" lon="12.128026">
        <ele>672.75</ele>
      </trkpt>
      <trkpt lat="47.574528" lon="12.127964">
        <ele>670</ele>
      </trkpt>
      <trkpt lat="47.573748" lon="12.127957">
        <ele>653.75</ele>
      </trkpt>
      <trkpt lat="47.573487" lon="12.128057">
        <ele>645.5</ele>
      </trkpt>
      <trkpt lat="47.573267" lon="12.128092">
        <ele>641.75</ele>
      </trkpt>
      <trkpt lat="47.573148" lon="12.128125">
        <ele>638.75</ele>
      </trkpt>
      <trkpt lat="47.572746" lon="12.128033">
        <ele>631.75</ele>
      </trkpt>
      <trkpt lat="47.572456" lon="12.127942">
        <ele>628.5</ele>
      </trkpt>
      <trkpt lat="47.572371" lon="12.12801">
        <ele>626.5</ele>
      </trkpt>
      <trkpt lat="47.572344" lon="12.128131">
        <ele>624</ele>
      </trkpt>
      <trkpt lat="47.572322" lon="12.128202">
        <ele>622.25</ele>
      </trkpt>
      <trkpt lat="47.572288" lon="12.128223">
        <ele>621</ele>
      </trkpt>
      <trkpt lat="47.572189" lon="12.128152">
        <ele>620.25</ele>
      </trkpt>
      <trkpt lat="47.571952" lon="12.127905">
        <ele>618.75</ele>
      </trkpt>
      <trkpt lat="47.571612" lon="12.127719">
        <ele>612.25</ele>
      </trkpt>
      <trkpt lat="47.571441" lon="12.127448">
        <ele>611</ele>
      </trkpt>
      <trkpt lat="47.571327" lon="12.127346">
        <ele>609</ele>
      </trkpt>
      <trkpt lat="47.571105" lon="12.127212">
        <ele>604.75</ele>
      </trkpt>
      <trkpt lat="47.571031" lon="12.127149">
        <ele>603</ele>
      </trkpt>
      <trkpt lat="47.570952" lon="12.126981">
        <ele>603.25</ele>
      </trkpt>
      <trkpt lat="47.57088" lon="12.126921">
        <ele>601.5</ele>
      </trkpt>
      <trkpt lat="47.570594" lon="12.126749">
        <ele>597.25</ele>
      </trkpt>
      <trkpt lat="47.570384" lon="12.126571">
        <ele>593.75</ele>
      </trkpt>
      <trkpt lat="47.570013" lon="12.12631">
        <ele>588.25</ele>
      </trkpt>
      <trkpt lat="47.569864" lon="12.126153">
        <ele>586.25</ele>
      </trkpt>
      <trkpt lat="47.569752" lon="12.126074">
        <ele>583.75</ele>
      </trkpt>
      <trkpt lat="47.569672" lon="12.125969">
        <ele>583</ele>
      </trkpt>
      <trkpt lat="47.569529" lon="12.125891">
        <ele>579.75</ele>
      </trkpt>
      <trkpt lat="47.569442" lon="12.125817">
        <ele>579.25</ele>
      </trkpt>
      <trkpt lat="47.569339" lon="12.125671">
        <ele>577.75</ele>
      </trkpt>
      <trkpt lat="47.569134" lon="12.125431">
        <ele>574.5</ele>
      </trkpt>
      <trkpt lat="47.568915" lon="12.125218">
        <ele>571.5</ele>
      </trkpt>
      <trkpt lat="47.568725" lon="12.125105">
        <ele>569</ele>
      </trkpt>
      <trkpt lat="47.568551" lon="12.12503">
        <ele>566.5</ele>
      </trkpt>
      <trkpt lat="47.568488" lon="12.125024">
        <ele>565.75</ele>
      </trkpt>
      <trkpt lat="47.568506" lon="12.125106">
        <ele>564.25</ele>
      </trkpt>
      <trkpt lat="47.56874" lon="12.125541">
        <ele>560.5</ele>
      </trkpt>
      <trkpt lat="47.568795" lon="12.125645">
        <ele>559.25</ele>
      </trkpt>
      <trkpt lat="47.568962" lon="12.12612">
        <ele>555</ele>
      </trkpt>
      <trkpt lat="47.569172" lon="12.12663">
        <ele>549.5</ele>
      </trkpt>
      <trkpt lat="47.569236" lon="12.126898">
        <ele>547.25</ele>
      </trkpt>
      <trkpt lat="47.569355" lon="12.127981">
        <ele>540.5</ele>
      </trkpt>
      <trkpt lat="47.569409" lon="12.128225">
        <ele>540</ele>
      </trkpt>
      <trkpt lat="47.569482" lon="12.128558">
        <ele>539</ele>
      </trkpt>
      <trkpt lat="47.569555" lon="12.129083">
        <ele>537.25</ele>
      </trkpt>
      <trkpt lat="47.569654" lon="12.129351">
        <ele>536.25</ele>
      </trkpt>
      <trkpt lat="47.56978" lon="12.129589">
        <ele>535.25</ele>
      </trkpt>
      <trkpt lat="47.570128" lon="12.130074">
        <ele>534.25</ele>
      </trkpt>
      <trkpt lat="47.570297" lon="12.130324">
        <ele>532.75</ele>
      </trkpt>
      <trkpt lat="47.570303" lon="12.130361">
        <ele>532.75</ele>
      </trkpt>
      <trkpt lat="47.570347" lon="12.130594">
        <ele>532.25</ele>
      </trkpt>
      <trkpt lat="47.570348" lon="12.130913">
        <ele>530.5</ele>
      </trkpt>
      <trkpt lat="47.570362" lon="12.131158">
        <ele>528</ele>
      </trkpt>
      <trkpt lat="47.570609" lon="12.131628">
        <ele>524.75</ele>
      </trkpt>
      <trkpt lat="47.570625" lon="12.131952">
        <ele>523</ele>
      </trkpt>
      <trkpt lat="47.570544" lon="12.132143">
        <ele>522</ele>
      </trkpt>
      <trkpt lat="47.570447" lon="12.132212">
        <ele>519.5</ele>
      </trkpt>
      <trkpt lat="47.570375" lon="12.132182">
        <ele>518.25</ele>
      </trkpt>
      <trkpt lat="47.569851" lon="12.131681">
        <ele>510.5</ele>
      </trkpt>
      <trkpt lat="47.569418" lon="12.131455">
        <ele>502.5</ele>
      </trkpt>
      <trkpt lat="47.569312" lon="12.131322">
        <ele>500</ele>
      </trkpt>
      <trkpt lat="47.56923" lon="12.131203">
        <ele>498.75</ele>
      </trkpt>
      <trkpt lat="47.568983" lon="12.130755">
        <ele>496.75</ele>
      </trkpt>
      <trkpt lat="47.568949" lon="12.130718">
        <ele>495.25</ele>
      </trkpt>
      <trkpt lat="47.568923" lon="12.130702">
        <ele>494</ele>
      </trkpt>
      <trkpt lat="47.568892" lon="12.130699">
        <ele>492</ele>
      </trkpt>
      <trkpt lat="47.568856" lon="12.130717">
        <ele>491</ele>
      </trkpt>
      <trkpt lat="47.568815" lon="12.130768">
        <ele>489.75</ele>
      </trkpt>
      <trkpt lat="47.568744" lon="12.130925">
        <ele>488</ele>
      </trkpt>
      <trkpt lat="47.568707" lon="12.131003">
        <ele>487.5</ele>
      </trkpt>
      <trkpt lat="47.5686" lon="12.130927">
        <ele>487</ele>
      </trkpt>
      <trkpt lat="47.568542" lon="12.130968">
        <ele>487</ele>
      </trkpt>
      <trkpt lat="47.568477" lon="12.131018">
        <ele>487</ele>
      </trkpt>
      <trkpt lat="47.56793" lon="12.131421">
        <ele>485.25</ele>
      </trkpt>
      <trkpt lat="47.567723" lon="12.131599">
        <ele>484.75</ele>
      </trkpt>
      <trkpt lat="47.567574" lon="12.131913">
        <ele>484.25</ele>
      </trkpt>
      <trkpt lat="47.567508" lon="12.13223">
        <ele>484</ele>
      </trkpt>
      <trkpt lat="47.567445" lon="12.132529">
        <ele>484.75</ele>
      </trkpt>
      <trkpt lat="47.567217" lon="12.133147">
        <ele>483.75</ele>
      </trkpt>
      <trkpt lat="47.56682" lon="12.133999">
        <ele>484</ele>
      </trkpt>
      <trkpt lat="47.566744" lon="12.13413">
        <ele>484</ele>
      </trkpt>
      <trkpt lat="47.566644" lon="12.134266">
        <ele>484</ele>
      </trkpt>
      <trkpt lat="47.56646" lon="12.13443">
        <ele>483.25</ele>
      </trkpt>
      <trkpt lat="47.566386" lon="12.134469">
        <ele>483</ele>
      </trkpt>
      <trkpt lat="47.566305" lon="12.134498">
        <ele>483</ele>
      </trkpt>
      <trkpt lat="47.566119" lon="12.134522">
        <ele>482.25</ele>
      </trkpt>
      <trkpt lat="47.565885" lon="12.134475">
        <ele>482</ele>
      </trkpt>
      <trkpt lat="47.56572" lon="12.134354">
        <ele>482.75</ele>
      </trkpt>
      <trkpt lat="47.565541" lon="12.134126">
        <ele>482.75</ele>
      </trkpt>
      <trkpt lat="47.565362" lon="12.133826">
        <ele>483</ele>
      </trkpt>
      <trkpt lat="47.565308" lon="12.133768">
        <ele>483</ele>
      </trkpt>
      <trkpt lat="47.565253" lon="12.133727">
        <ele>483</ele>
      </trkpt>
      <trkpt lat="47.565211" lon="12.133707">
        <ele>483</ele>
      </trkpt>
      <trkpt lat="47.565175" lon="12.133705">
        <ele>483</ele>
      </trkpt>
      <trkpt lat="47.565077" lon="12.133728">
        <ele>483</ele>
      </trkpt>
      <trkpt lat="47.56503" lon="12.13375">
        <ele>482.75</ele>
      </trkpt>
      <trkpt lat="47.565012" lon="12.133758">
        <ele>483</ele>
      </trkpt>
      <trkpt lat="47.565052" lon="12.134015">
        <ele>482.75</ele>
      </trkpt>
      <trkpt lat="47.565071" lon="12.134404">
        <ele>482.5</ele>
      </trkpt>
      <trkpt lat="47.565127" lon="12.134784">
        <ele>482.5</ele>
      </trkpt>
      <trkpt lat="47.563783" lon="12.136322">
        <ele>483.25</ele>
      </trkpt>
      <trkpt lat="47.56361" lon="12.136576">
        <ele>486</ele>
      </trkpt>
      <trkpt lat="47.563437" lon="12.136923">
        <ele>485.25</ele>
      </trkpt>
      <trkpt lat="47.563294" lon="12.137291">
        <ele>488.5</ele>
      </trkpt>
      <trkpt lat="47.56303" lon="12.138032">
        <ele>488.75</ele>
      </trkpt>
      <trkpt lat="47.562825" lon="12.138562">
        <ele>488.25</ele>
      </trkpt>
      <trkpt lat="47.562478" lon="12.139251">
        <ele>485.5</ele>
      </trkpt>
      <trkpt lat="47.562398" lon="12.139459">
        <ele>484.5</ele>
      </trkpt>
      <trkpt lat="47.562362" lon="12.139525">
        <ele>484.5</ele>
      </trkpt>
      <trkpt lat="47.562323" lon="12.139573">
        <ele>484.25</ele>
      </trkpt>
      <trkpt lat="47.562264" lon="12.139627">
        <ele>484.5</ele>
      </trkpt>
      <trkpt lat="47.562199" lon="12.13961">
        <ele>484.5</ele>
      </trkpt>
      <trkpt lat="47.562063" lon="12.139493">
        <ele>484.5</ele>
      </trkpt>
      <trkpt lat="47.56176" lon="12.139182">
        <ele>484.75</ele>
      </trkpt>
      <trkpt lat="47.561626" lon="12.139007">
        <ele>484.25</ele>
      </trkpt>
      <trkpt lat="47.561424" lon="12.138704">
        <ele>484.75</ele>
      </trkpt>
      <trkpt lat="47.560962" lon="12.137963">
        <ele>487.75</ele>
      </trkpt>
      <trkpt lat="47.560918" lon="12.137864">
        <ele>488.5</ele>
      </trkpt>
      <trkpt lat="47.560877" lon="12.137742">
        <ele>490</ele>
      </trkpt>
      <trkpt lat="47.560799" lon="12.137595">
        <ele>489.75</ele>
      </trkpt>
      <trkpt lat="47.560746" lon="12.137524">
        <ele>489</ele>
      </trkpt>
      <trkpt lat="47.560694" lon="12.13747">
        <ele>488.25</ele>
      </trkpt>
      <trkpt lat="47.560627" lon="12.137417">
        <ele>487.5</ele>
      </trkpt>
      <trkpt lat="47.560432" lon="12.137287">
        <ele>487.75</ele>
      </trkpt>
      <trkpt lat="47.56036" lon="12.137214">
        <ele>487.75</ele>
      </trkpt>
      <trkpt lat="47.560276" lon="12.137085">
        <ele>487.75</ele>
      </trkpt>
      <trkpt lat="47.560063" lon="12.136652">
        <ele>487.75</ele>
      </trkpt>
      <trkpt lat="47.559902" lon="12.136262">
        <ele>487.75</ele>
      </trkpt>
      <trkpt lat="47.559755" lon="12.135886">
        <ele>487.75</ele>
      </trkpt>
      <trkpt lat="47.559483" lon="12.135053">
        <ele>488</ele>
      </trkpt>
      <trkpt lat="47.559151" lon="12.13431">
        <ele>487.75</ele>
      </trkpt>
      <trkpt lat="47.55887" lon="12.133733">
        <ele>486.75</ele>
      </trkpt>
      <trkpt lat="47.557898" lon="12.132249">
        <ele>487</ele>
      </trkpt>
      <trkpt lat="47.55743" lon="12.13149">
        <ele>486.75</ele>
      </trkpt>
      <trkpt lat="47.556968" lon="12.130711">
        <ele>487.5</ele>
      </trkpt>
      <trkpt lat="47.556461" lon="12.129788">
        <ele>487.5</ele>
      </trkpt>
      <trkpt lat="47.555733" lon="12.128499">
        <ele>487</ele>
      </trkpt>
      <trkpt lat="47.55541" lon="12.127944">
        <ele>487</ele>
      </trkpt>
      <trkpt lat="47.554588" lon="12.126645">
        <ele>486.5</ele>
      </trkpt>
      <trkpt lat="47.55437" lon="12.126181">
        <ele>487</ele>
      </trkpt>
      <trkpt lat="47.554092" lon="12.125771">
        <ele>487.75</ele>
      </trkpt>
      <trkpt lat="47.553859" lon="12.125384">
        <ele>487.75</ele>
      </trkpt>
      <trkpt lat="47.553583" lon="12.125003">
        <ele>487.75</ele>
      </trkpt>
      <trkpt lat="47.553324" lon="12.124631">
        <ele>488.25</ele>
      </trkpt>
      <trkpt lat="47.553022" lon="12.124289">
        <ele>487.75</ele>
      </trkpt>
      <trkpt lat="47.55275" lon="12.123887">
        <ele>487.75</ele>
      </trkpt>
      <trkpt lat="47.552444" lon="12.123521">
        <ele>488.25</ele>
      </trkpt>
      <trkpt lat="47.551087" lon="12.122127">
        <ele>488.25</ele>
      </trkpt>
      <trkpt lat="47.550656" lon="12.121705">
        <ele>488</ele>
      </trkpt>
      <trkpt lat="47.549226" lon="12.120516">
        <ele>488.25</ele>
      </trkpt>
      <trkpt lat="47.548114" lon="12.119737">
        <ele>488</ele>
      </trkpt>
      <trkpt lat="47.547194" lon="12.11913">
        <ele>488</ele>
      </trkpt>
      <trkpt lat="47.545403" lon="12.118024">
        <ele>488</ele>
      </trkpt>
      <trkpt lat="47.544741" lon="12.117574">
        <ele>487.75</ele>
      </trkpt>
      <trkpt lat="47.543776" lon="12.117184">
        <ele>487.5</ele>
      </trkpt>
      <trkpt lat="47.543599" lon="12.117077">
        <ele>487.5</ele>
      </trkpt>
      <trkpt lat="47.543445" lon="12.116956">
        <ele>487.75</ele>
      </trkpt>
      <trkpt lat="47.54221" lon="12.115868">
        <ele>487.75</ele>
      </trkpt>
      <trkpt lat="47.541848" lon="12.11544">
        <ele>487.75</ele>
      </trkpt>
      <trkpt lat="47.541372" lon="12.114752">
        <ele>487.75</ele>
      </trkpt>
      <trkpt lat="47.540949" lon="12.114231">
        <ele>488</ele>
      </trkpt>
      <trkpt lat="47.540751" lon="12.113933">
        <ele>488.25</ele>
      </trkpt>
      <trkpt lat="47.540556" lon="12.113535">
        <ele>489.25</ele>
      </trkpt>
      <trkpt lat="47.540287" lon="12.113073">
        <ele>488.75</ele>
      </trkpt>
      <trkpt lat="47.539961" lon="12.112609">
        <ele>488.75</ele>
      </trkpt>
      <trkpt lat="47.539636" lon="12.112162">
        <ele>488.75</ele>
      </trkpt>
      <trkpt lat="47.539226" lon="12.111618">
        <ele>488.75</ele>
      </trkpt>
      <trkpt lat="47.538237" lon="12.110113">
        <ele>489.5</ele>
      </trkpt>
      <trkpt lat="47.537748" lon="12.10933">
        <ele>489</ele>
      </trkpt>
      <trkpt lat="47.53732" lon="12.1086">
        <ele>490</ele>
      </trkpt>
      <trkpt lat="47.536999" lon="12.108011">
        <ele>489.75</ele>
      </trkpt>
      <trkpt lat="47.536672" lon="12.107382">
        <ele>489</ele>
      </trkpt>
      <trkpt lat="47.536192" lon="12.106399">
        <ele>490.75</ele>
      </trkpt>
      <trkpt lat="47.53573" lon="12.105373">
        <ele>490</ele>
      </trkpt>
      <trkpt lat="47.535489" lon="12.104822">
        <ele>490</ele>
      </trkpt>
      <trkpt lat="47.535437" lon="12.104697">
        <ele>490.25</ele>
      </trkpt>
      <trkpt lat="47.535395" lon="12.104319">
        <ele>490.75</ele>
      </trkpt>
      <trkpt lat="47.535339" lon="12.104137">
        <ele>490.5</ele>
      </trkpt>
      <trkpt lat="47.535291" lon="12.104065">
        <ele>490.5</ele>
      </trkpt>
      <trkpt lat="47.535166" lon="12.103941">
        <ele>490.25</ele>
      </trkpt>
      <trkpt lat="47.535095" lon="12.103829">
        <ele>490.5</ele>
      </trkpt>
      <trkpt lat="47.535041" lon="12.103718">
        <ele>490.25</ele>
      </trkpt>
      <trkpt lat="47.53427" lon="12.101219">
        <ele>491.75</ele>
      </trkpt>
      <trkpt lat="47.534189" lon="12.100997">
        <ele>490.25</ele>
      </trkpt>
      <trkpt lat="47.533676" lon="12.099916">
        <ele>488.25</ele>
      </trkpt>
      <trkpt lat="47.533386" lon="12.099359">
        <ele>489</ele>
      </trkpt>
      <trkpt lat="47.533322" lon="12.099251">
        <ele>489.5</ele>
      </trkpt>
      <trkpt lat="47.533301" lon="12.099221">
        <ele>489.5</ele>
      </trkpt>
      <trkpt lat="47.533069" lon="12.098901">
        <ele>489.75</ele>
      </trkpt>
      <trkpt lat="47.532978" lon="12.098749">
        <ele>488.75</ele>
      </trkpt>
      <trkpt lat="47.532522" lon="12.097748">
        <ele>489.75</ele>
      </trkpt>
      <trkpt lat="47.532351" lon="12.097431">
        <ele>488.5</ele>
      </trkpt>
      <trkpt lat="47.531947" lon="12.096684">
        <ele>488.75</ele>
      </trkpt>
      <trkpt lat="47.531827" lon="12.096508">
        <ele>488.25</ele>
      </trkpt>
      <trkpt lat="47.531724" lon="12.096299">
        <ele>488.5</ele>
      </trkpt>
      <trkpt lat="47.531334" lon="12.095463">
        <ele>488.75</ele>
      </trkpt>
      <trkpt lat="47.53114" lon="12.095076">
        <ele>488.75</ele>
      </trkpt>
      <trkpt lat="47.530808" lon="12.094446">
        <ele>489.75</ele>
      </trkpt>
      <trkpt lat="47.530277" lon="12.093534">
        <ele>489.25</ele>
      </trkpt>
      <trkpt lat="47.530253" lon="12.093465">
        <ele>489.25</ele>
      </trkpt>
      <trkpt lat="47.530237" lon="12.093375">
        <ele>489.5</ele>
      </trkpt>
      <trkpt lat="47.530239" lon="12.093299">
        <ele>489.75</ele>
      </trkpt>
      <trkpt lat="47.530262" lon="12.093179">
        <ele>489.75</ele>
      </trkpt>
      <trkpt lat="47.530102" lon="12.093097">
        <ele>489.75</ele>
      </trkpt>
      <trkpt lat="47.529869" lon="12.092977">
        <ele>490</ele>
      </trkpt>
      <trkpt lat="47.529632" lon="12.092848">
        <ele>489.75</ele>
      </trkpt>
      <trkpt lat="47.529466" lon="12.092753">
        <ele>489.75</ele>
      </trkpt>
      <trkpt lat="47.52828" lon="12.092068">
        <ele>490.25</ele>
      </trkpt>
      <trkpt lat="47.527873" lon="12.091829">
        <ele>490.5</ele>
      </trkpt>
      <trkpt lat="47.527885" lon="12.091778">
        <ele>490.75</ele>
      </trkpt>
      <trkpt lat="47.527184" lon="12.09136">
        <ele>490.75</ele>
      </trkpt>
      <trkpt lat="47.52644" lon="12.090948">
        <ele>491.25</ele>
      </trkpt>
      <trkpt lat="47.526067" lon="12.090786">
        <ele>491.5</ele>
      </trkpt>
      <trkpt lat="47.525909" lon="12.090732">
        <ele>490.75</ele>
      </trkpt>
      <trkpt lat="47.525597" lon="12.090659">
        <ele>490.75</ele>
      </trkpt>
      <trkpt lat="47.525449" lon="12.090639">
        <ele>491</ele>
      </trkpt>
      <trkpt lat="47.525145" lon="12.090638">
        <ele>491</ele>
      </trkpt>
      <trkpt lat="47.524908" lon="12.090656">
        <ele>491</ele>
      </trkpt>
      <trkpt lat="47.524684" lon="12.090706">
        <ele>491</ele>
      </trkpt>
      <trkpt lat="47.524457" lon="12.09077">
        <ele>491.5</ele>
      </trkpt>
      <trkpt lat="47.524175" lon="12.090881">
        <ele>491.75</ele>
      </trkpt>
      <trkpt lat="47.523873" lon="12.09102">
        <ele>491.5</ele>
      </trkpt>
      <trkpt lat="47.52312" lon="12.091402">
        <ele>491</ele>
      </trkpt>
      <trkpt lat="47.522925" lon="12.091467">
        <ele>491</ele>
      </trkpt>
      <trkpt lat="47.522822" lon="12.091482">
        <ele>491.25</ele>
      </trkpt>
      <trkpt lat="47.522686" lon="12.091494">
        <ele>491.25</ele>
      </trkpt>
      <trkpt lat="47.52254" lon="12.091485">
        <ele>491</ele>
      </trkpt>
      <trkpt lat="47.522392" lon="12.091455">
        <ele>491</ele>
      </trkpt>
      <trkpt lat="47.522263" lon="12.091417">
        <ele>491</ele>
      </trkpt>
      <trkpt lat="47.52196" lon="12.091287">
        <ele>491.5</ele>
      </trkpt>
      <trkpt lat="47.521833" lon="12.091226">
        <ele>491</ele>
      </trkpt>
      <trkpt lat="47.521758" lon="12.09121">
        <ele>491</ele>
      </trkpt>
      <trkpt lat="47.521709" lon="12.091253">
        <ele>491</ele>
      </trkpt>
      <trkpt lat="47.521635" lon="12.091241">
        <ele>491</ele>
      </trkpt>
      <trkpt lat="47.521508" lon="12.091255">
        <ele>491.25</ele>
      </trkpt>
      <trkpt lat="47.521409" lon="12.0913">
        <ele>491.5</ele>
      </trkpt>
      <trkpt lat="47.521354" lon="12.091334">
        <ele>491.75</ele>
      </trkpt>
      <trkpt lat="47.521264" lon="12.091403">
        <ele>491.75</ele>
      </trkpt>
      <trkpt lat="47.521194" lon="12.091478">
        <ele>491.75</ele>
      </trkpt>
      <trkpt lat="47.521111" lon="12.091607">
        <ele>491.75</ele>
      </trkpt>
      <trkpt lat="47.521066" lon="12.091694">
        <ele>491.75</ele>
      </trkpt>
      <trkpt lat="47.521049" lon="12.091738">
        <ele>491.75</ele>
      </trkpt>
      <trkpt lat="47.520987" lon="12.091958">
        <ele>491.25</ele>
      </trkpt>
      <trkpt lat="47.520706" lon="12.093351">
        <ele>492.25</ele>
      </trkpt>
      <trkpt lat="47.520694" lon="12.093395">
        <ele>492.5</ele>
      </trkpt>
      <trkpt lat="47.520685" lon="12.093431">
        <ele>492.5</ele>
      </trkpt>
      <trkpt lat="47.520674" lon="12.093468">
        <ele>492.5</ele>
      </trkpt>
      <trkpt lat="47.520663" lon="12.093505">
        <ele>492.25</ele>
      </trkpt>
      <trkpt lat="47.520713" lon="12.093524">
        <ele>492.5</ele>
      </trkpt>
      <trkpt lat="47.52076" lon="12.093521">
        <ele>492.5</ele>
      </trkpt>
      <trkpt lat="47.520889" lon="12.093464">
        <ele>492.25</ele>
      </trkpt>
      <trkpt lat="47.520946" lon="12.093448">
        <ele>492</ele>
      </trkpt>
      <trkpt lat="47.521168" lon="12.093445">
        <ele>491.25</ele>
      </trkpt>
      <trkpt lat="47.521738" lon="12.093569">
        <ele>491.5</ele>
      </trkpt>
      <trkpt lat="47.522148" lon="12.093582">
        <ele>491.75</ele>
      </trkpt>
      <trkpt lat="47.522252" lon="12.093559">
        <ele>491.75</ele>
      </trkpt>
      <trkpt lat="47.522672" lon="12.093395">
        <ele>491.25</ele>
      </trkpt>
      <trkpt lat="47.52279" lon="12.093346">
        <ele>491</ele>
      </trkpt>
      <trkpt lat="47.522885" lon="12.093331">
        <ele>490.75</ele>
      </trkpt>
      <trkpt lat="47.523021" lon="12.093309">
        <ele>490.5</ele>
      </trkpt>
      <trkpt lat="47.523191" lon="12.093301">
        <ele>490.5</ele>
      </trkpt>
      <trkpt lat="47.523331" lon="12.093316">
        <ele>490.75</ele>
      </trkpt>
      <trkpt lat="47.523602" lon="12.093379">
        <ele>491</ele>
      </trkpt>
      <trkpt lat="47.523772" lon="12.093438">
        <ele>491.25</ele>
      </trkpt>
      <trkpt lat="47.523914" lon="12.093502">
        <ele>491.5</ele>
      </trkpt>
      <trkpt lat="47.52401" lon="12.093586">
        <ele>491.25</ele>
      </trkpt>
      <trkpt lat="47.524105" lon="12.093712">
        <ele>491</ele>
      </trkpt>
      <trkpt lat="47.524187" lon="12.093845">
        <ele>491</ele>
      </trkpt>
      <trkpt lat="47.524291" lon="12.094066">
        <ele>491.25</ele>
      </trkpt>
      <trkpt lat="47.524346" lon="12.094206">
        <ele>491.25</ele>
      </trkpt>
      <trkpt lat="47.524436" lon="12.094476">
        <ele>491</ele>
      </trkpt>
      <trkpt lat="47.524512" lon="12.094702">
        <ele>491</ele>
      </trkpt>
      <trkpt lat="47.524587" lon="12.094985">
        <ele>491</ele>
      </trkpt>
      <trkpt lat="47.524602" lon="12.095105">
        <ele>490.75</ele>
      </trkpt>
      <trkpt lat="47.524586" lon="12.095233">
        <ele>490.5</ele>
      </trkpt>
      <trkpt lat="47.524545" lon="12.095452">
        <ele>490.5</ele>
      </trkpt>
      <trkpt lat="47.524518" lon="12.095581">
        <ele>490.75</ele>
      </trkpt>
      <trkpt lat="47.524511" lon="12.095751">
        <ele>491.25</ele>
      </trkpt>
      <trkpt lat="47.524532" lon="12.095985">
        <ele>491.25</ele>
      </trkpt>
      <trkpt lat="47.524546" lon="12.096082">
        <ele>491</ele>
      </trkpt>
      <trkpt lat="47.524602" lon="12.096465">
        <ele>490.75</ele>
      </trkpt>
      <trkpt lat="47.52462" lon="12.096704">
        <ele>490.25</ele>
      </trkpt>
      <trkpt lat="47.524575" lon="12.097174">
        <ele>491</ele>
      </trkpt>
      <trkpt lat="47.524571" lon="12.097213">
        <ele>491</ele>
      </trkpt>
      <trkpt lat="47.524555" lon="12.097469">
        <ele>491</ele>
      </trkpt>
      <trkpt lat="47.524563" lon="12.097822">
        <ele>490.5</ele>
      </trkpt>
      <trkpt lat="47.524578" lon="12.098117">
        <ele>491</ele>
      </trkpt>
      <trkpt lat="47.524598" lon="12.098653">
        <ele>491.5</ele>
      </trkpt>
      <trkpt lat="47.524602" lon="12.098754">
        <ele>492</ele>
      </trkpt>
      <trkpt lat="47.524607" lon="12.098839">
        <ele>492.25</ele>
      </trkpt>
      <trkpt lat="47.524629" lon="12.09894">
        <ele>492.5</ele>
      </trkpt>
      <trkpt lat="47.524631" lon="12.099033">
        <ele>493.5</ele>
      </trkpt>
      <trkpt lat="47.524632" lon="12.099061">
        <ele>493.5</ele>
      </trkpt>
      <trkpt lat="47.524618" lon="12.099495">
        <ele>493.75</ele>
      </trkpt>
      <trkpt lat="47.524621" lon="12.099554">
        <ele>493.25</ele>
      </trkpt>
      <trkpt lat="47.524744" lon="12.100116">
        <ele>490.25</ele>
      </trkpt>
      <trkpt lat="47.524858" lon="12.100666">
        <ele>490.75</ele>
      </trkpt>
      <trkpt lat="47.524962" lon="12.101007">
        <ele>490.75</ele>
      </trkpt>
      <trkpt lat="47.525046" lon="12.101239">
        <ele>491</ele>
      </trkpt>
      <trkpt lat="47.525101" lon="12.101408">
        <ele>491.25</ele>
      </trkpt>
      <trkpt lat="47.52515" lon="12.101557">
        <ele>490.75</ele>
      </trkpt>
      <trkpt lat="47.52525" lon="12.101863">
        <ele>490.75</ele>
      </trkpt>
      <trkpt lat="47.52541" lon="12.102353">
        <ele>491</ele>
      </trkpt>
      <trkpt lat="47.525497" lon="12.102619">
        <ele>490.25</ele>
      </trkpt>
      <trkpt lat="47.525578" lon="12.102872">
        <ele>489.75</ele>
      </trkpt>
      <trkpt lat="47.525659" lon="12.103178">
        <ele>489.75</ele>
      </trkpt>
      <trkpt lat="47.525761" lon="12.103583">
        <ele>489.75</ele>
      </trkpt>
      <trkpt lat="47.525783" lon="12.103672">
        <ele>490</ele>
      </trkpt>
      <trkpt lat="47.525857" lon="12.103937">
        <ele>489.75</ele>
      </trkpt>
      <trkpt lat="47.525907" lon="12.104098">
        <ele>489.5</ele>
      </trkpt>
      <trkpt lat="47.525988" lon="12.104316">
        <ele>491.5</ele>
      </trkpt>
      <trkpt lat="47.526217" lon="12.104819">
        <ele>492.75</ele>
      </trkpt>
      <trkpt lat="47.526511" lon="12.105387">
        <ele>494</ele>
      </trkpt>
      <trkpt lat="47.526574" lon="12.105481">
        <ele>493.75</ele>
      </trkpt>
      <trkpt lat="47.526637" lon="12.105574">
        <ele>492.75</ele>
      </trkpt>
      <trkpt lat="47.526865" lon="12.105854">
        <ele>493.5</ele>
      </trkpt>
      <trkpt lat="47.527046" lon="12.106024">
        <ele>493.5</ele>
      </trkpt>
      <trkpt lat="47.527144" lon="12.106144">
        <ele>494</ele>
      </trkpt>
      <trkpt lat="47.527235" lon="12.106276">
        <ele>494</ele>
      </trkpt>
      <trkpt lat="47.527297" lon="12.106415">
        <ele>494.25</ele>
      </trkpt>
      <trkpt lat="47.527336" lon="12.106553">
        <ele>494.75</ele>
      </trkpt>
      <trkpt lat="47.527361" lon="12.106702">
        <ele>495.5</ele>
      </trkpt>
      <trkpt lat="47.527375" lon="12.106876">
        <ele>495.75</ele>
      </trkpt>
      <trkpt lat="47.527377" lon="12.10694">
        <ele>495.75</ele>
      </trkpt>
      <trkpt lat="47.527275" lon="12.106914">
        <ele>496.5</ele>
      </trkpt>
      <trkpt lat="47.527173" lon="12.106831">
        <ele>498.75</ele>
      </trkpt>
      <trkpt lat="47.526956" lon="12.106369">
        <ele>502</ele>
      </trkpt>
      <trkpt lat="47.526887" lon="12.106265">
        <ele>501.5</ele>
      </trkpt>
      <trkpt lat="47.526753" lon="12.106129">
        <ele>507.75</ele>
      </trkpt>
      <trkpt lat="47.526419" lon="12.105793">
        <ele>507.75</ele>
      </trkpt>
      <trkpt lat="47.526367" lon="12.105769">
        <ele>508.5</ele>
      </trkpt>
      <trkpt lat="47.526278" lon="12.105768">
        <ele>509.5</ele>
      </trkpt>
      <trkpt lat="47.526501" lon="12.106239">
        <ele>509.5</ele>
      </trkpt>
      <trkpt lat="47.526676" lon="12.106635">
        <ele>508.75</ele>
      </trkpt>
      <trkpt lat="47.526759" lon="12.106838">
        <ele>509</ele>
      </trkpt>
      <trkpt lat="47.526945" lon="12.107296">
        <ele>506.75</ele>
      </trkpt>
      <trkpt lat="47.526906" lon="12.107361">
        <ele>507.5</ele>
      </trkpt>
      <trkpt lat="47.526886" lon="12.107419">
        <ele>507.75</ele>
      </trkpt>
      <trkpt lat="47.526866" lon="12.107608">
        <ele>507.75</ele>
      </trkpt>
      <trkpt lat="47.526859" lon="12.107809">
        <ele>507.5</ele>
      </trkpt>
      <trkpt lat="47.526717" lon="12.107814">
        <ele>510.25</ele>
      </trkpt>
      <trkpt lat="47.526672" lon="12.107802">
        <ele>511</ele>
      </trkpt>
      <trkpt lat="47.526627" lon="12.107757">
        <ele>512.25</ele>
      </trkpt>
      <trkpt lat="47.52658" lon="12.107663">
        <ele>513.5</ele>
      </trkpt>
      <trkpt lat="47.526468" lon="12.107321">
        <ele>513.5</ele>
      </trkpt>
      <trkpt lat="47.526368" lon="12.107029">
        <ele>512.75</ele>
      </trkpt>
      <trkpt lat="47.526183" lon="12.106676">
        <ele>513.5</ele>
      </trkpt>
      <trkpt lat="47.52618" lon="12.106681">
        <ele>513.5</ele>
      </trkpt>
      <trkpt lat="47.526052" lon="12.106468">
        <ele>514.75</ele>
      </trkpt>
      <trkpt lat="47.525857" lon="12.106224">
        <ele>515.5</ele>
      </trkpt>
      <trkpt lat="47.525754" lon="12.106138">
        <ele>516.25</ele>
      </trkpt>
      <trkpt lat="47.525633" lon="12.105998">
        <ele>518.25</ele>
      </trkpt>
      <trkpt lat="47.525589" lon="12.105989">
        <ele>519.5</ele>
      </trkpt>
    </trkseg>
  </trk>
</gpx>
